# SUBTLEX-US word frequencies — the 20,000 most frequent surface forms.
#
# Brysbaert, M., & New, B. (2009). Moving beyond Kučera and Francis: A critical
# evaluation of current word frequency norms and the introduction of a new and
# improved word frequency measure for American English. Behavior Research
# Methods, 41(4), 977–990. https://doi.org/10.3758/BRM.41.4.977
#
# Corpus: 51 million words of American English film and television subtitles.
# Obtained through the ISC-licensed repackaging words/subtlex-word-frequencies
# (github.com/words/subtlex-word-frequencies, commit 1b16b4c, 2020-02-13), which
# keeps the Word and FREQcount columns of SUBTLEXus74286wordstextversion.txt.
# The authors permit redistribution of SUBTLEX-US for any purpose. This file is
# that list sorted by count, truncated to the first 20,000 rows, on 2026-09-12.
#
# Columns: rank, word, count. A word is capitalized when the corpus more often
# capitalizes it than not ("I", "Mr", "Congratulations"). Contraction fragments
# ("s", "t", "don") are present because the source splits on apostrophes.
# Surface forms, not lemmas. Generated — do not edit by hand.
1	you	2134713
2	I	2038529
3	the	1501908
4	to	1156570
5	s	1057301
6	a	1041179
7	it	963712
8	t	733338
9	that	719677
10	and	682780
11	of	590439
12	What	501965
13	in	498444
14	me	471339
15	is	459663
16	we	459607
17	this	406915
18	he	389497
19	on	354742
20	for	351650
21	my	344899
22	m	343245
23	your	328715
24	don	321085
25	have	314232
26	do	312915
27	re	311072
28	No	304549
29	be	293085
30	know	291780
31	was	288391
32	not	276673
33	can	267620
34	are	265672
35	all	263255
36	with	257465
37	just	242206
38	get	233772
39	here	230788
40	but	225291
41	ll	224097
42	there	221754
43	so	216452
44	they	209250
45	right	204428
46	like	203947
47	out	197131
48	go	193445
49	she	190377
50	up	187170
51	about	185206
52	if	180610
53	him	177710
54	got	168631
55	Oh	167781
56	at	164072
57	now	163333
58	Come	160190
59	one	156684
60	How	155867
61	Well	152523
62	Yeah	152262
63	her	144627
64	want	140718
65	think	137261
66	good	133117
67	see	130393
68	Let	123381
69	did	119410
70	Why	114687
71	who	113370
72	as	113068
73	his	108364
74	will	108306
75	going	108288
76	from	103992
77	when	103739
78	back	102467
79	Okay	102320
80	Yes	101835
81	gonna	101804
82	d	101335
83	time	99890
84	look	99311
85	take	96443
86	an	95071
87	man	94133
88	Where	93341
89	them	90720
90	would	90162
91	been	88573
92	some	88089
93	Hey	88079
94	tell	87949
95	or	86970
96	us	86478
97	had	85472
98	were	84804
99	say	83629
100	could	83109
101	didn	80623
102	something	76508
103	really	76508
104	down	76004
105	then	75966
106	little	73766
107	way	72661
108	our	71425
109	make	70775
110	too	69950
111	never	69490
112	by	68364
113	over	67488
114	more	66228
115	need	66040
116	mean	63443
117	very	63304
118	off	60155
119	Mr	60098
120	sorry	59566
121	give	59559
122	has	57830
123	Thank	56877
124	love	56864
125	said	56531
126	am	56438
127	people	56252
128	please	56149
129	sure	56091
130	any	56068
131	thing	55522
132	only	55269
133	because	54622
134	two	54384
135	should	54159
136	doing	52492
137	much	49636
138	sir	49188
139	Maybe	47249
140	help	46977
141	anything	46270
142	these	46104
143	God	46061
144	even	44672
145	night	44168
146	call	43931
147	talk	43605
148	nothing	43534
149	into	43074
150	first	42869
151	find	42379
152	wait	42343
153	put	42251
154	great	41864
155	thought	41232
156	day	40893
157	work	40699
158	life	40629
159	before	40501
160	better	40494
161	again	40428
162	still	40225
163	home	39491
164	guy	38893
165	won	38729
166	those	38404
167	than	37679
168	around	37573
169	other	37505
170	away	37276
171	new	36913
172	last	36878
173	uh	36579
174	ever	36170
175	stop	36071
176	keep	35846
177	told	35679
178	must	35661
179	things	35337
180	big	34824
181	after	34812
182	long	34433
183	does	34002
184	always	33418
185	their	33413
186	everything	33399
187	nice	33125
188	name	32735
189	money	32679
190	doesn	32435
191	guys	32198
192	feel	31989
193	believe	31882
194	Thanks	31789
195	old	31056
196	place	30736
197	fine	30502
198	kind	30125
199	isn	29886
200	Hello	29857
201	lot	29066
202	years	29003
203	made	28626
204	leave	28596
205	Hi	28464
206	girl	28413
207	hear	28323
208	father	28279
209	through	28026
210	every	28007
211	bad	27804
212	Listen	27784
213	remember	27666
214	three	27654
215	boy	27021
216	coming	26878
217	wrong	26678
218	might	26334
219	stay	26298
220	house	26214
221	may	26080
222	baby	25978
223	another	25970
224	Ok	25928
225	Dad	25870
226	gotta	25852
227	wanna	25796
228	wanted	25616
229	enough	25568
230	talking	25385
231	happened	24994
232	show	24906
233	course	24848
234	being	24781
235	care	24748
236	done	24737
237	getting	24719
238	mind	24715
239	left	24707
240	ask	24640
241	car	24636
242	understand	24605
243	mother	24476
244	which	24339
245	try	24314
246	shit	24207
247	hell	24012
248	Miss	23850
249	came	23650
250	wouldn	23628
251	own	23419
252	world	23216
253	guess	23153
254	next	23090
255	kill	23081
256	else	22907
257	dead	22898
258	trying	22849
259	someone	22752
260	real	22583
261	room	22415
262	morning	22389
263	huh	22350
264	hold	22273
265	ain	22248
266	woman	22166
267	yourself	22151
268	today	22124
269	looking	22066
270	wasn	21984
271	Mom	21950
272	friend	21384
273	move	21325
274	same	21276
275	job	21063
276	tonight	21047
277	went	20987
278	son	20949
279	best	20623
280	saw	20527
281	found	20196
282	pretty	20003
283	ready	19778
284	heard	19775
285	whole	19660
286	seen	19633
287	together	19553
288	fuck	19307
289	minute	19252
290	men	19011
291	head	18947
292	matter	18900
293	haven	18844
294	knew	18817
295	Excuse	18773
296	many	18331
297	idea	18311
298	without	18087
299	play	18081
300	family	18067
301	meet	17966
302	most	17889
303	run	17878
304	while	17821
305	wife	17795
306	once	17589
307	live	17574
308	somebody	17571
309	everybody	17555
310	used	17551
311	use	17536
312	myself	17470
313	took	17454
314	yet	17428
315	start	17345
316	called	17341
317	couldn	17336
318	kid	17299
319	tomorrow	17134
320	happy	16993
321	school	16989
322	problem	16833
323	watch	16831
324	bring	16685
325	fucking	16603
326	actually	16439
327	business	16371
328	says	16356
329	hope	16352
330	open	16341
331	already	16246
332	since	16064
333	looks	15886
334	sit	15879
335	Mrs	15858
336	cause	15812
337	alone	15735
338	hard	15700
339	wants	15655
340	stuff	15653
341	turn	15630
342	days	15592
343	friends	15578
344	until	15426
345	few	15393
346	kids	15356
347	honey	15325
348	Dr	15194
349	gone	15135
350	both	15062
351	door	14895
352	later	14889
353	saying	14874
354	such	14852
355	killed	14792
356	having	14752
357	face	14747
358	worry	14638
359	ago	14592
360	five	14558
361	second	14513
362	brother	14481
363	damn	14460
364	case	14403
365	thinking	14353
366	probably	14323
367	beautiful	14266
368	hand	14262
369	check	14228
370	year	14174
371	forget	14130
372	hit	14025
373	lost	13974
374	minutes	13924
375	crazy	13886
376	late	13756
377	phone	13756
378	Nobody	13599
379	end	13559
380	easy	13551
381	doctor	13461
382	Shut	13455
383	under	13358
384	part	13337
385	deal	13330
386	die	13318
387	soon	13140
388	four	13045
389	anyone	13018
390	pay	12985
391	happen	12968
392	true	12921
393	each	12916
394	supposed	12865
395	em	12849
396	eat	12846
397	Jack	12831
398	mine	12800
399	working	12775
400	town	12644
401	afraid	12631
402	drink	12617
403	exactly	12607
404	whatever	12584
405	hurt	12564
406	knows	12492
407	heart	12453
408	gave	12428
409	young	12402
410	everyone	12324
411	chance	12303
412	read	12302
413	makes	12296
414	number	12288
415	taking	12263
416	change	12258
417	anyway	12164
418	week	12164
419	married	12163
420	point	12063
421	hands	12063
422	police	12044
423	word	12013
424	fun	12010
425	wish	11991
426	bit	11987
427	aren	11946
428	game	11926
429	party	11890
430	set	11805
431	cut	11718
432	comes	11656
433	sleep	11625
434	shot	11599
435	anybody	11573
436	ass	11545
437	stand	11536
438	water	11478
439	boys	11432
440	trouble	11401
441	dear	11395
442	couple	11394
443	gets	11364
444	making	11349
445	eyes	11299
446	break	11275
447	story	11260
448	far	11259
449	times	11221
450	Um	11197
451	close	11191
452	means	11136
453	funny	11127
454	goes	11081
455	lady	11071
456	death	11051
457	asked	11029
458	walk	11009
459	fire	10990
460	hours	10959
461	hate	10944
462	gun	10873
463	rest	10861
464	person	10857
465	inside	10775
466	waiting	10767
467	different	10686
468	girls	10626
469	Captain	10622
470	least	10596
471	important	10587
472	Ah	10535
473	also	10528
474	line	10515
475	yours	10441
476	office	10399
477	dinner	10336
478	quite	10332
479	against	10288
480	fight	10255
481	side	10247
482	six	10176
483	half	10156
484	pick	10118
485	question	10116
486	ahead	10115
487	Michael	10115
488	cool	9990
489	women	9978
490	body	9972
491	high	9945
492	husband	9935
493	John	9877
494	reason	9858
495	almost	9857
496	dog	9835
497	buy	9814
498	truth	9801
499	met	9758
500	telling	9730
501	hot	9682
502	O	9598
503	anymore	9597
504	behind	9581
505	started	9566
506	speak	9546
507	bed	9543
508	moment	9539
509	tried	9529
510	blood	9492
511	ma	9476
512	shall	9441
513	Daddy	9439
514	stupid	9405
515	along	9330
516	either	9308
517	though	9279
518	front	9259
519	sister	9207
520	Bye	9184
521	send	9169
522	welcome	9140
523	sometimes	9129
524	trust	9087
525	free	9054
526	book	9026
527	answer	8986
528	between	8932
529	children	8930
530	war	8912
531	Hurry	8856
532	fact	8801
533	brought	8786
534	clear	8763
535	bet	8763
536	its	8757
537	white	8744
538	glad	8740
539	daughter	8739
540	outside	8671
541	city	8624
542	bitch	8609
543	feeling	8577
544	black	8565
545	seems	8545
546	full	8512
547	till	8503
548	sick	8437
549	light	8425
550	shoot	8412
551	news	8399
552	lose	8382
553	wonderful	8364
554	months	8314
555	save	8278
556	hour	8277
557	country	8254
558	Jesus	8220
559	needs	8198
560	Wow	8160
561	able	8155
562	Frank	8129
563	perfect	8091
564	shouldn	8083
565	running	8054
566	child	8040
567	Whoa	8023
568	died	8018
569	order	7985
570	living	7983
571	sounds	7970
572	alive	7878
573	food	7876
574	gentlemen	7874
575	luck	7840
576	hair	7831
577	drive	7810
578	promise	7809
579	sex	7761
580	music	7734
581	ya	7664
582	power	7600
583	sort	7584
584	special	7577
585	serious	7566
586	street	7557
587	red	7551
588	dance	7550
589	hang	7535
590	touch	7534
591	team	7528
592	playing	7515
593	company	7507
594	George	7474
595	pull	7469
596	plan	7432
597	sweet	7405
598	ten	7395
599	coffee	7371
600	lucky	7316
601	sound	7313
602	safe	7303
603	date	7218
604	leaving	7211
605	parents	7177
606	President	7174
607	himself	7168
608	seem	7131
609	lives	7124
610	air	7090
611	taken	7071
612	York	7069
613	picture	7061
614	ladies	7054
615	Lord	7046
616	sent	7038
617	fast	7010
618	happens	6996
619	Perhaps	6939
620	catch	6911
621	ride	6904
622	win	6867
623	kidding	6822
624	top	6805
625	scared	6803
626	dream	6798
627	sign	6797
628	meeting	6752
629	sense	6722
630	beat	6716
631	control	6662
632	drop	6661
633	cold	6638
634	weeks	6637
635	darling	6613
636	figure	6598
637	king	6592
638	poor	6583
639	throw	6570
640	asking	6546
641	Joe	6532
642	write	6467
643	cannot	6465
644	suppose	6416
645	small	6373
646	human	6363
647	piece	6349
648	boss	6339
649	hospital	6334
650	Uncle	6327
651	past	6312
652	calling	6311
653	known	6300
654	follow	6283
655	Sam	6281
656	movie	6271
657	ha	6260
658	straight	6244
659	Christmas	6244
660	weren	6237
661	words	6223
662	clean	6183
663	kiss	6179
664	looked	6166
665	feet	6157
666	evening	6155
667	million	6145
668	lie	6133
669	felt	6111
670	moving	6104
671	certainly	6067
672	step	6052
673	learn	6047
674	fall	6044
675	Bill	6041
676	questions	6016
677	finally	5989
678	takes	5986
679	class	5985
680	quiet	5978
681	wonder	5966
682	Goodbye	5942
683	law	5932
684	become	5894
685	General	5885
686	worked	5877
687	rather	5825
688	possible	5816
689	goddamn	5815
690	unless	5798
691	mad	5784
692	absolutely	5769
693	tired	5745
694	murder	5717
695	road	5709
696	Mike	5707
697	eye	5701
698	except	5696
699	somewhere	5688
700	explain	5670
701	Charlie	5668
702	less	5666
703	none	5641
704	loved	5627
705	giving	5613
706	seeing	5591
707	Tom	5588
708	secret	5585
709	wear	5576
710	worth	5569
711	act	5565
712	careful	5550
713	quick	5542
714	handle	5529
715	pass	5514
716	early	5510
717	report	5508
718	state	5500
719	busy	5433
720	turned	5388
721	table	5387
722	wake	5366
723	works	5357
724	broke	5355
725	ball	5353
726	Major	5343
727	seven	5327
728	mouth	5325
729	marry	5322
730	meant	5316
731	fault	5310
732	lunch	5310
733	Lieutenant	5306
734	Al	5306
735	expect	5299
736	Hmm	5291
737	Mama	5289
738	future	5278
739	paper	5271
740	officer	5265
741	hotel	5264
742	buddy	5247
743	thinks	5235
744	Agent	5235
745	talked	5226
746	blue	5222
747	American	5213
748	mistake	5200
749	Tv	5199
750	David	5196
751	ones	5177
752	wedding	5173
753	clothes	5158
754	weird	5156
755	changed	5148
756	court	5137
757	floor	5132
758	watching	5081
759	building	5078
760	earth	5074
761	dude	5071
762	others	5061
763	longer	5046
764	forgot	5045
765	finish	5045
766	ship	5043
767	club	5038
768	attention	5032
769	eight	5010
770	worse	5002
771	pain	4995
772	Ben	4994
773	th	4989
774	sing	4977
775	blow	4976
776	choice	4975
777	ls	4967
778	Ray	4966
779	birthday	4958
780	stick	4953
781	relax	4936
782	yesterday	4935
783	honor	4912
784	smart	4909
785	Colonel	4909
786	boat	4885
787	plane	4872
788	month	4854
789	lovely	4853
790	given	4851
791	train	4848
792	L	4841
793	fair	4832
794	worried	4831
795	Ooh	4827
796	needed	4818
797	sitting	4814
798	security	4810
799	cover	4808
800	across	4801
801	Paul	4801
802	bag	4796
803	terrible	4795
804	caught	4791
805	song	4778
806	spend	4757
807	horse	4737
808	ring	4730
809	sell	4705
810	return	4676
811	personal	4675
812	C	4675
813	message	4667
814	system	4667
815	afternoon	4666
816	Bob	4666
817	hasn	4625
818	happening	4618
819	tough	4616
820	Christ	4597
821	Peter	4596
822	quit	4595
823	count	4588
824	box	4577
825	missed	4568
826	present	4562
827	kept	4559
828	charge	4559
829	information	4557
830	fool	4556
831	simple	4555
832	middle	4549
833	calm	4541
834	surprise	4534
835	forever	4529
836	decided	4521
837	dark	4519
838	anywhere	4501
839	miles	4500
840	swear	4496
841	land	4494
842	Mary	4492
843	missing	4484
844	cute	4475
845	lying	4472
846	master	4450
847	dress	4447
848	strong	4430
849	key	4430
850	fix	4426
851	interesting	4421
852	wearing	4410
853	strange	4408
854	Johnny	4408
855	voice	4394
856	rock	4394
857	cop	4393
858	window	4386
859	bar	4385
860	totally	4377
861	interested	4374
862	appreciate	4373
863	army	4370
864	paid	4369
865	short	4367
866	record	4365
867	bought	4362
868	card	4357
869	certain	4354
870	y	4345
871	college	4344
872	fly	4335
873	evidence	4335
874	bank	4334
875	Besides	4328
876	completely	4303
877	ran	4296
878	cops	4290
879	B	4289
880	test	4288
881	history	4280
882	finished	4269
883	born	4268
884	proud	4265
885	fish	4258
886	join	4255
887	lead	4246
888	smell	4240
889	near	4238
890	apartment	4235
891	enjoy	4222
892	letter	4213
893	situation	4207
894	trip	4202
895	Harry	4193
896	Mark	4183
897	store	4178
898	Yo	4177
899	amazing	4167
900	star	4149
901	Danny	4148
902	accident	4146
903	Il	4139
904	imagine	4133
905	Doc	4122
906	pleasure	4118
907	ought	4118
908	list	4110
909	rich	4100
910	calls	4097
911	Jimmy	4091
912	service	4076
913	entire	4070
914	difference	4066
915	judge	4063
916	ice	4057
917	lawyer	4055
918	fat	4051
919	Alright	4044
920	instead	4043
921	age	4039
922	station	4033
923	realize	4032
924	gold	4026
925	J	4026
926	seat	4018
927	liked	4017
928	hundred	4015
929	summer	4012
930	dollars	3998
931	standing	3994
932	Angel	3992
933	mess	3985
934	America	3974
935	Chief	3973
936	killing	3965
937	radio	3936
938	hungry	3931
939	problems	3931
940	marriage	3930
941	brain	3928
942	soul	3925
943	forgive	3917
944	drunk	3904
945	Henry	3904
946	deep	3896
947	figured	3893
948	likes	3889
949	girlfriend	3881
950	folks	3878
951	slow	3877
952	private	3874
953	during	3872
954	Ed	3858
955	attack	3853
956	beer	3850
957	definitely	3848
958	stopped	3844
959	partner	3836
960	walking	3826
961	area	3821
962	dangerous	3817
963	offer	3810
964	scene	3807
965	third	3801
966	upset	3800
967	bus	3783
968	owe	3782
969	shoes	3782
970	driving	3780
971	English	3777
972	Richard	3765
973	group	3762
974	ln	3753
975	kick	3744
976	evil	3731
977	Joey	3727
978	joke	3724
979	fell	3723
980	truck	3716
981	teach	3715
982	E	3702
983	ground	3696
984	green	3696
985	loves	3695
986	cash	3694
987	forward	3689
988	honest	3689
989	boyfriend	3684
990	park	3678
991	single	3676
992	position	3676
993	respect	3644
994	broken	3634
995	crime	3633
996	wrote	3629
997	public	3625
998	Max	3620
999	Mommy	3617
1000	Congratulations	3616
1001	grab	3614
1002	fighting	3611
1003	art	3611
1004	favor	3609
1005	upstairs	3607
1006	wall	3605
1007	force	3604
1008	seconds	3603
1009	jail	3602
1010	push	3598
1011	prove	3590
1012	normal	3589
1013	protect	3583
1014	machine	3583
1015	field	3580
1016	R	3579
1017	spent	3574
1018	feels	3569
1019	speaking	3565
1020	named	3564
1021	jump	3561
1022	starting	3558
1023	saved	3558
1024	nose	3557
1025	hide	3554
1026	sun	3553
1027	church	3553
1028	peace	3550
1029	Professor	3548
1030	Bobby	3547
1031	share	3545
1032	French	3541
1033	Steve	3540
1034	bullshit	3537
1035	moved	3536
1036	picked	3534
1037	thousand	3534
1038	Paris	3531
1039	holding	3530
1040	Billy	3525
1041	fear	3523
1042	using	3520
1043	la	3518
1044	tape	3511
1045	Tony	3503
1046	suit	3499
1047	pictures	3477
1048	Holy	3475
1049	putting	3467
1050	involved	3465
1051	gas	3457
1052	books	3456
1053	relationship	3452
1054	neither	3451
1055	nine	3441
1056	Pop	3441
1057	rules	3438
1058	bother	3436
1059	especially	3428
1060	nervous	3425
1061	whether	3424
1062	dying	3416
1063	stuck	3399
1064	round	3393
1065	dirty	3389
1066	cat	3383
1067	breakfast	3381
1068	idiot	3377
1069	space	3369
1070	lived	3368
1071	prison	3368
1072	carry	3361
1073	James	3358
1074	cry	3348
1075	bastard	3348
1076	P	3345
1077	smoke	3337
1078	arm	3336
1079	film	3328
1080	government	3327
1081	tree	3315
1082	foot	3311
1083	contact	3305
1084	knock	3299
1085	agree	3298
1086	pardon	3297
1087	gives	3290
1088	gift	3290
1089	South	3288
1090	dreams	3285
1091	Jim	3277
1092	hat	3273
1093	sake	3272
1094	sweetheart	3272
1095	board	3272
1096	seriously	3270
1097	North	3258
1098	department	3256
1099	patient	3246
1100	awful	3234
1101	sad	3232
1102	wondering	3231
1103	roll	3227
1104	Robert	3222
1105	beginning	3219
1106	usually	3214
1107	grand	3214
1108	Sergeant	3210
1109	laugh	3206
1110	killer	3206
1111	listening	3205
1112	doubt	3205
1113	upon	3199
1114	double	3198
1115	twice	3191
1116	whose	3187
1117	outta	3185
1118	plenty	3178
1119	guilty	3177
1120	Jerry	3173
1121	promised	3169
1122	fired	3159
1123	race	3157
1124	crap	3151
1125	chicken	3148
1126	bathroom	3145
1127	asshole	3142
1128	spot	3140
1129	reading	3133
1130	orders	3130
1131	weekend	3118
1132	Detective	3117
1133	action	3115
1134	Sheriff	3115
1135	eating	3102
1136	glass	3096
1137	type	3093
1138	guns	3092
1139	experience	3088
1140	West	3088
1141	obviously	3082
1142	wine	3078
1143	Luke	3071
1144	press	3070
1145	difficult	3068
1146	lots	3068
1147	Brown	3066
1148	Nick	3062
1149	rid	3052
1150	sea	3052
1151	arms	3050
1152	flight	3044
1153	staying	3040
1154	arrest	3037
1155	neck	3035
1156	grow	3034
1157	mention	3033
1158	favorite	3032
1159	wind	3028
1160	sleeping	3027
1161	notice	3022
1162	admit	3019
1163	extra	3017
1164	within	3017
1165	low	3016
1166	impossible	3015
1167	gay	3013
1168	computer	3011
1169	angry	3008
1170	bunch	3003
1171	blame	2998
1172	pants	2996
1173	visit	2993
1174	clock	2990
1175	tea	2990
1176	fellow	2987
1177	kitchen	2974
1178	lay	2970
1179	hole	2969
1180	guard	2968
1181	learned	2964
1182	smile	2958
1183	feelings	2938
1184	fit	2937
1185	pal	2937
1186	bear	2928
1187	often	2925
1188	wild	2923
1189	silly	2912
1190	camera	2907
1191	begin	2906
1192	reach	2903
1193	Ow	2903
1194	beach	2888
1195	Larry	2888
1196	heaven	2887
1197	lock	2885
1198	leg	2882
1199	quickly	2881
1200	lights	2877
1201	Kelly	2876
1202	worst	2874
1203	shooting	2871
1204	played	2870
1205	plans	2867
1206	bucks	2866
1207	suddenly	2854
1208	writing	2852
1209	track	2843
1210	teacher	2842
1211	ridiculous	2836
1212	legs	2835
1213	river	2829
1214	dare	2826
1215	burn	2816
1216	raise	2815
1217	Aunt	2815
1218	Shh	2810
1219	n	2810
1220	Rory	2809
1221	surprised	2808
1222	decision	2808
1223	cross	2807
1224	cost	2801
1225	queen	2789
1226	fresh	2780
1227	innocent	2780
1228	emergency	2776
1229	medical	2774
1230	dancing	2774
1231	cell	2772
1232	gotten	2768
1233	seemed	2767
1234	bigger	2765
1235	States	2759
1236	closed	2758
1237	names	2746
1238	walked	2737
1239	bomb	2736
1240	hanging	2735
1241	note	2731
1242	shop	2731
1243	sweetie	2731
1244	nuts	2729
1245	band	2724
1246	losing	2722
1247	price	2722
1248	steal	2720
1249	waste	2716
1250	client	2715
1251	stole	2711
1252	crying	2709
1253	pressure	2709
1254	code	2709
1255	places	2706
1256	dogs	2704
1257	Rose	2704
1258	dick	2703
1259	accept	2692
1260	further	2690
1261	excellent	2688
1262	Aah	2688
1263	magic	2687
1264	drinking	2685
1265	keeps	2681
1266	corner	2679
1267	consider	2676
1268	ourselves	2676
1269	herself	2675
1270	acting	2675
1271	locked	2670
1272	laughing	2667
1273	address	2666
1274	copy	2666
1275	tells	2665
1276	warm	2659
1277	sold	2655
1278	pregnant	2653
1279	hall	2649
1280	treat	2646
1281	everywhere	2641
1282	Van	2641
1283	papers	2638
1284	complete	2636
1285	cup	2634
1286	ways	2633
1287	level	2633
1288	passed	2631
1289	witness	2621
1290	eh	2619
1291	taste	2617
1292	motherfucker	2616
1293	hardly	2613
1294	camp	2612
1295	keeping	2608
1296	Charles	2606
1297	keys	2601
1298	Yep	2600
1299	beg	2600
1300	duty	2599
1301	Ms	2599
1302	interest	2598
1303	tight	2597
1304	helping	2588
1305	bottle	2588
1306	support	2587
1307	Leo	2580
1308	flying	2579
1309	F	2579
1310	decide	2571
1311	United	2564
1312	St	2562
1313	turns	2552
1314	moon	2548
1315	bottom	2546
1316	hoping	2544
1317	conversation	2543
1318	San	2543
1319	hero	2542
1320	asleep	2541
1321	Roger	2540
1322	final	2533
1323	continue	2527
1324	East	2527
1325	match	2521
1326	apologize	2518
1327	trial	2518
1328	spirit	2517
1329	willing	2512
1330	chair	2511
1331	U	2506
1332	risk	2501
1333	study	2501
1334	Amy	2498
1335	possibly	2494
1336	rain	2494
1337	above	2493
1338	cousin	2491
1339	pulled	2488
1340	cream	2484
1341	dropped	2482
1342	excited	2479
1343	memory	2477
1344	breathe	2474
1345	enemy	2474
1346	huge	2467
1347	search	2467
1348	greatest	2464
1349	drugs	2464
1350	beauty	2460
1351	lately	2459
1352	Tommy	2459
1353	rule	2455
1354	build	2452
1355	choose	2451
1356	cards	2449
1357	Lee	2449
1358	advice	2447
1359	immediately	2446
1360	teeth	2440
1361	became	2435
1362	victim	2434
1363	Friday	2429
1364	coach	2429
1365	flowers	2427
1366	showed	2425
1367	crew	2424
1368	Saturday	2423
1369	driver	2416
1370	Apparently	2415
1371	heavy	2412
1372	trick	2411
1373	empty	2409
1374	comfortable	2408
1375	destroy	2406
1376	brothers	2400
1377	mission	2400
1378	Plus	2399
1379	apart	2398
1380	pool	2396
1381	dumb	2395
1382	dressed	2394
1383	helped	2388
1384	knife	2387
1385	checked	2382
1386	Santa	2381
1387	weapon	2379
1388	restaurant	2373
1389	shirt	2365
1390	faith	2363
1391	simply	2362
1392	Gee	2362
1393	dig	2357
1394	size	2353
1395	stars	2353
1396	London	2347
1397	movies	2346
1398	necessary	2345
1399	themselves	2343
1400	credit	2337
1401	blind	2337
1402	starts	2335
1403	center	2335
1404	bridge	2331
1405	practice	2330
1406	closer	2329
1407	discuss	2329
1408	cars	2327
1409	mister	2326
1410	Grandma	2325
1411	cook	2324
1412	ticket	2324
1413	strike	2324
1414	stage	2324
1415	animal	2320
1416	bird	2318
1417	leaves	2316
1418	sight	2311
1419	somehow	2310
1420	following	2310
1421	knowing	2307
1422	drug	2306
1423	career	2305
1424	nature	2303
1425	However	2299
1426	Prince	2299
1427	responsible	2298
1428	cake	2298
1429	famous	2296
1430	nurse	2294
1431	correct	2292
1432	breath	2291
1433	fucked	2291
1434	games	2287
1435	allowed	2286
1436	sky	2285
1437	bringing	2282
1438	hearing	2281
1439	singing	2281
1440	account	2280
1441	due	2275
1442	common	2275
1443	afford	2266
1444	tie	2266
1445	Chinese	2266
1446	bright	2265
1447	allow	2263
1448	belong	2263
1449	concerned	2261
1450	escape	2258
1451	suspect	2254
1452	written	2247
1453	skin	2246
1454	file	2246
1455	Jake	2245
1456	madam	2244
1457	fill	2241
1458	operation	2241
1459	desk	2239
1460	taught	2236
1461	Aye	2236
1462	pack	2235
1463	lied	2234
1464	faster	2233
1465	deserve	2230
1466	Ted	2228
1467	danger	2227
1468	meat	2226
1469	command	2225
1470	stories	2215
1471	tickets	2211
1472	paying	2207
1473	hiding	2207
1474	perfectly	2206
1475	Sunday	2206
1476	whoever	2203
1477	beyond	2200
1478	Sarah	2200
1479	Dave	2199
1480	student	2195
1481	Jane	2192
1482	dry	2184
1483	jury	2181
1484	form	2180
1485	main	2179
1486	heads	2177
1487	program	2174
1488	Papa	2172
1489	Martin	2170
1490	milk	2169
1491	G	2169
1492	Fred	2169
1493	held	2165
1494	horrible	2164
1495	kinda	2163
1496	feed	2162
1497	de	2161
1498	natural	2160
1499	Grace	2157
1500	breaking	2155
1501	battle	2155
1502	ugly	2150
1503	Phoebe	2150
1504	coat	2146
1505	Although	2143
1506	settle	2143
1507	opinion	2142
1508	Washington	2142
1509	ho	2141
1510	terrific	2138
1511	According	2135
1512	older	2135
1513	gentleman	2135
1514	Lucy	2132
1515	noticed	2131
1516	loose	2131
1517	local	2128
1518	lonely	2125
1519	shame	2120
1520	Otherwise	2119
1521	shows	2117
1522	large	2114
1523	devil	2108
1524	video	2105
1525	speed	2104
1526	military	2103
1527	Chicago	2102
1528	built	2099
1529	shower	2097
1530	oil	2095
1531	opportunity	2091
1532	chest	2090
1533	horses	2087
1534	biggest	2085
1535	threw	2082
1536	bite	2080
1537	Eric	2080
1538	Aw	2079
1539	wash	2077
1540	stone	2072
1541	block	2067
1542	records	2066
1543	indeed	2065
1544	weapons	2065
1545	invited	2064
1546	turning	2061
1547	draw	2061
1548	attorney	2060
1549	pretend	2056
1550	health	2054
1551	Vegas	2054
1552	balls	2048
1553	heat	2044
1554	manager	2038
1555	guest	2037
1556	loud	2031
1557	itself	2029
1558	fantastic	2029
1559	cares	2023
1560	shake	2021
1561	numbers	2020
1562	lab	2020
1563	princess	2019
1564	island	2018
1565	easier	2012
1566	color	2011
1567	earlier	2010
1568	bell	2006
1569	naked	2002
1570	suggest	2001
1571	wet	2000
1572	pig	1996
1573	letting	1995
1574	nowhere	1995
1575	Merry	1994
1576	animals	1993
1577	Weli	1993
1578	cheese	1991
1579	ideas	1987
1580	downstairs	1985
1581	soldier	1985
1582	monster	1982
1583	several	1978
1584	planet	1975
1585	Dean	1974
1586	insane	1973
1587	fellas	1973
1588	California	1972
1589	Walter	1972
1590	eggs	1971
1591	spoke	1970
1592	butt	1967
1593	murdered	1967
1594	view	1965
1595	bloody	1962
1596	opening	1960
1597	lines	1960
1598	insurance	1955
1599	split	1954
1600	Pete	1954
1601	jealous	1952
1602	bullet	1950
1603	arrived	1949
1604	character	1946
1605	national	1946
1606	screaming	1945
1607	speech	1940
1608	airport	1940
1609	hook	1938
1610	condition	1936
1611	target	1936
1612	finding	1935
1613	serve	1935
1614	Er	1932
1615	incredible	1928
1616	sugar	1926
1617	player	1926
1618	signal	1926
1619	Helen	1923
1620	total	1920
1621	selling	1919
1622	hill	1915
1623	football	1914
1624	screw	1912
1625	page	1912
1626	justice	1910
1627	letters	1910
1628	rough	1907
1629	hurts	1907
1630	project	1907
1631	crowd	1906
1632	meaning	1904
1633	planning	1902
1634	pair	1900
1635	science	1900
1636	usual	1899
1637	sees	1899
1638	Adam	1890
1639	Emily	1889
1640	sooner	1888
1641	Commander	1887
1642	ordered	1885
1643	subject	1885
1644	remind	1883
1645	lies	1883
1646	strength	1883
1647	mail	1879
1648	Dan	1878
1649	paint	1877
1650	freak	1874
1651	bedroom	1872
1652	onto	1871
1653	neighborhood	1871
1654	personally	1870
1655	finger	1870
1656	spell	1869
1657	Tim	1867
1658	ghost	1866
1659	Majesty	1863
1660	Peg	1857
1661	Smith	1856
1662	doctors	1855
1663	fake	1853
1664	release	1851
1665	weight	1850
1666	cheap	1848
1667	market	1848
1668	pray	1847
1669	expecting	1846
1670	unit	1845
1671	signed	1839
1672	falling	1837
1673	throat	1837
1674	lake	1836
1675	nor	1835
1676	Susan	1835
1677	realized	1834
1678	director	1834
1679	agreed	1832
1680	truly	1830
1681	Phil	1830
1682	brilliant	1826
1683	cab	1826
1684	powers	1826
1685	prepared	1825
1686	candy	1825
1687	Junior	1825
1688	pocket	1821
1689	legal	1821
1690	Scott	1821
1691	aware	1818
1692	roof	1818
1693	Jason	1816
1694	babe	1814
1695	Brian	1813
1696	Radar	1811
1697	slept	1810
1698	Bud	1808
1699	responsibility	1806
1700	mountain	1805
1701	base	1804
1702	ours	1801
1703	firm	1799
1704	England	1796
1705	whom	1795
1706	trade	1795
1707	romantic	1794
1708	liar	1792
1709	fan	1792
1710	training	1792
1711	brings	1791
1712	powerful	1791
1713	whenever	1790
1714	sending	1790
1715	language	1790
1716	purpose	1789
1717	Whoo	1789
1718	believed	1788
1719	bless	1788
1720	Nope	1783
1721	pieces	1783
1722	arrested	1781
1723	noise	1779
1724	suck	1779
1725	fancy	1777
1726	exciting	1776
1727	genius	1773
1728	introduce	1771
1729	forgotten	1771
1730	Annie	1769
1731	rent	1762
1732	familiar	1760
1733	criminal	1758
1734	doors	1755
1735	proof	1754
1736	vote	1751
1737	recognize	1750
1738	com	1750
1739	stolen	1750
1740	suicide	1747
1741	weather	1746
1742	drinks	1744
1743	medicine	1744
1744	K	1743
1745	lift	1741
1746	issue	1741
1747	followed	1739
1748	buried	1738
1749	Anna	1738
1750	mood	1736
1751	male	1731
1752	among	1729
1753	television	1729
1754	regular	1727
1755	nights	1727
1756	opened	1726
1757	someday	1726
1758	stomach	1725
1759	yellow	1724
1760	ate	1722
1761	County	1722
1762	nearly	1721
1763	Buck	1721
1764	Crane	1714
1765	scare	1712
1766	village	1712
1767	prepare	1711
1768	matters	1710
1769	pizza	1709
1770	monkey	1709
1771	sudden	1707
1772	assume	1707
1773	heading	1707
1774	toast	1707
1775	ears	1705
1776	fella	1705
1777	babies	1704
1778	jacket	1704
1779	Lane	1704
1780	thoughts	1703
1781	social	1703
1782	travel	1702
1783	sometime	1699
1784	property	1698
1785	Monday	1698
1786	expected	1696
1787	fingers	1696
1788	remain	1694
1789	bodies	1694
1790	secretary	1694
1791	funeral	1693
1792	sexual	1693
1793	magazine	1693
1794	Senator	1691
1795	jerk	1690
1796	glasses	1689
1797	dating	1689
1798	research	1688
1799	freedom	1688
1800	Arthur	1687
1801	add	1686
1802	damage	1686
1803	repeat	1684
1804	handsome	1684
1805	hired	1683
1806	prefer	1679
1807	buying	1679
1808	society	1679
1809	energy	1678
1810	Alan	1676
1811	crack	1675
1812	vacation	1673
1813	chase	1673
1814	Mulder	1671
1815	divorce	1669
1816	Carter	1669
1817	stayed	1668
1818	Jackson	1666
1819	Ally	1666
1820	defense	1665
1821	rat	1663
1822	Grandpa	1661
1823	Grant	1660
1824	picking	1658
1825	began	1658
1826	checking	1656
1827	reasons	1655
1828	goodness	1655
1829	post	1654
1830	confused	1653
1831	William	1653
1832	Unfortunately	1652
1833	telephone	1651
1834	surgery	1651
1835	contract	1650
1836	safety	1649
1837	tall	1649
1838	fixed	1647
1839	professional	1646
1840	lesson	1644
1841	tiny	1643
1842	assistant	1643
1843	points	1642
1844	Freeze	1640
1845	understood	1639
1846	runs	1637
1847	Thomas	1636
1848	license	1635
1849	model	1635
1850	gate	1634
1851	soft	1633
1852	Margaret	1633
1853	ear	1632
1854	riding	1632
1855	staff	1632
1856	warning	1630
1857	engine	1626
1858	planned	1624
1859	German	1624
1860	map	1623
1861	swim	1622
1862	harm	1621
1863	square	1620
1864	silver	1619
1865	Sydney	1619
1866	brave	1617
1867	access	1615
1868	positive	1613
1869	covered	1612
1870	female	1612
1871	someplace	1611
1872	streets	1611
1873	blew	1610
1874	weak	1607
1875	season	1605
1876	Matt	1604
1877	rush	1602
1878	awesome	1600
1879	snow	1599
1880	spring	1597
1881	spread	1596
1882	champagne	1596
1883	pounds	1595
1884	mayor	1595
1885	Bond	1595
1886	demon	1593
1887	winner	1592
1888	Madame	1591
1889	lips	1590
1890	tongue	1589
1891	leader	1589
1892	showing	1587
1893	permission	1587
1894	bath	1587
1895	Mm	1586
1896	Monsieur	1585
1897	Mexico	1580
1898	Jones	1579
1899	storm	1574
1900	spare	1573
1901	destroyed	1573
1902	tour	1571
1903	headed	1570
1904	trees	1565
1905	students	1564
1906	ends	1563
1907	burning	1561
1908	bones	1561
1909	kicked	1559
1910	appointment	1559
1911	mentioned	1556
1912	Piper	1554
1913	score	1552
1914	Claire	1552
1915	Angeles	1551
1916	shoe	1550
1917	Johnson	1546
1918	ocean	1545
1919	harder	1544
1920	reality	1543
1921	shape	1542
1922	Brad	1541
1923	Jeff	1539
1924	Kim	1538
1925	survive	1537
1926	gang	1537
1927	saving	1536
1928	cos	1535
1929	style	1534
1930	farm	1532
1931	shopping	1530
1932	clearly	1529
1933	sexy	1529
1934	growing	1527
1935	example	1527
1936	laid	1527
1937	answers	1527
1938	gosh	1525
1939	rings	1524
1940	alarm	1522
1941	plays	1521
1942	screwed	1519
1943	schedule	1518
1944	fortune	1518
1945	enter	1516
1946	bleeding	1516
1947	punch	1514
1948	ended	1511
1949	patients	1511
1950	rights	1510
1951	invite	1509
1952	obvious	1508
1953	charges	1506
1954	touched	1505
1955	interview	1505
1956	affair	1502
1957	parts	1501
1958	Russian	1501
1959	wherever	1500
1960	unbelievable	1500
1961	focus	1499
1962	chocolate	1499
1963	Sue	1498
1964	borrow	1495
1965	grew	1493
1966	grade	1493
1967	finds	1492
1968	statement	1491
1969	investigation	1491
1970	mate	1491
1971	Cole	1491
1972	load	1490
1973	painting	1489
1974	throwing	1488
1975	community	1486
1976	Ross	1486
1977	waited	1485
1978	loss	1485
1979	barely	1482
1980	woods	1482
1981	changes	1481
1982	details	1481
1983	yourselves	1479
1984	exist	1477
1985	toilet	1474
1986	chances	1472
1987	drove	1472
1988	meal	1472
1989	dump	1470
1990	disappeared	1469
1991	member	1468
1992	shock	1468
1993	discovered	1467
1994	failed	1467
1995	pie	1466
1996	Carol	1465
1997	crash	1461
1998	Martha	1461
1999	artist	1460
2000	sat	1459
2001	theory	1459
2002	depends	1457
2003	bags	1456
2004	joy	1456
2005	ruin	1455
2006	pleased	1455
2007	traffic	1454
2008	kissed	1454
2009	wise	1452
2010	nonsense	1452
2011	pink	1452
2012	carrying	1451
2013	burned	1448
2014	Laura	1448
2015	midnight	1447
2016	shots	1447
2017	deliver	1446
2018	bread	1445
2019	officers	1442
2020	button	1441
2021	dealing	1440
2022	original	1440
2023	Mac	1440
2024	hated	1439
2025	source	1437
2026	Eve	1437
2027	received	1436
2028	hung	1436
2029	cases	1436
2030	Subtitles	1435
2031	switch	1434
2032	charming	1434
2033	decent	1433
2034	Nah	1433
2035	below	1430
2036	Texas	1429
2037	process	1427
2038	desert	1427
2039	Hollywood	1427
2040	expensive	1425
2041	belongs	1423
2042	particular	1423
2043	moves	1420
2044	higher	1420
2045	lower	1417
2046	period	1417
2047	breathing	1417
2048	grandmother	1417
2049	H	1414
2050	pride	1411
2051	thousands	1410
2052	dollar	1410
2053	witch	1410
2054	tip	1409
2055	soldiers	1409
2056	jobs	1408
2057	plant	1408
2058	surely	1407
2059	sports	1407
2060	bust	1406
2061	including	1405
2062	birth	1405
2063	joint	1405
2064	Logan	1404
2065	wire	1403
2066	bull	1403
2067	brains	1401
2068	towards	1399
2069	rise	1399
2070	boring	1398
2071	Karen	1397
2072	ashamed	1396
2073	Lt	1396
2074	sisters	1395
2075	section	1394
2076	V	1394
2077	facts	1393
2078	smells	1391
2079	clever	1391
2080	Carl	1391
2081	honestly	1390
2082	success	1390
2083	garage	1388
2084	filled	1386
2085	physical	1386
2086	connection	1386
2087	complicated	1385
2088	pulling	1384
2089	regret	1384
2090	loser	1381
2091	closet	1381
2092	giant	1380
2093	wheel	1380
2094	France	1380
2095	parking	1379
2096	Twenty	1378
2097	policy	1378
2098	tear	1377
2099	stranger	1377
2100	wood	1377
2101	fate	1375
2102	Maggie	1372
2103	juice	1371
2104	Lily	1370
2105	governor	1369
2106	Europe	1368
2107	Knight	1365
2108	tied	1364
2109	faces	1363
2110	awake	1362
2111	fought	1362
2112	Kitty	1362
2113	coast	1361
2114	pilot	1360
2115	miracle	1359
2116	lover	1358
2117	aboard	1358
2118	files	1358
2119	based	1357
2120	disgusting	1357
2121	cigarette	1357
2122	grateful	1355
2123	mighty	1355
2124	murderer	1355
2125	garden	1354
2126	watched	1353
2127	wound	1353
2128	Sally	1352
2129	Alice	1352
2130	Linda	1350
2131	forced	1349
2132	drag	1349
2133	fourth	1349
2134	Marie	1348
2135	scream	1347
2136	event	1345
2137	woke	1344
2138	row	1343
2139	actor	1343
2140	grave	1340
2141	changing	1339
2142	senior	1339
2143	curious	1337
2144	flat	1337
2145	winter	1337
2146	badly	1336
2147	shoulder	1336
2148	scary	1336
2149	super	1336
2150	priest	1336
2151	Rick	1336
2152	disease	1335
2153	sword	1335
2154	smoking	1334
2155	chick	1334
2156	offered	1333
2157	closing	1333
2158	concern	1332
2159	talent	1332
2160	garbage	1331
2161	mostly	1330
2162	attitude	1330
2163	bone	1329
2164	recently	1328
2165	friendly	1328
2166	egg	1328
2167	basically	1327
2168	quarter	1327
2169	engaged	1327
2170	thee	1327
2171	rooms	1326
2172	passing	1325
2173	swing	1325
2174	Amen	1325
2175	available	1323
2176	Louis	1321
2177	Marshall	1321
2178	slip	1320
2179	knees	1320
2180	birds	1320
2181	bike	1320
2182	hunt	1319
2183	caused	1318
2184	taxi	1318
2185	stood	1315
2186	likely	1314
2187	object	1314
2188	hates	1313
2189	percent	1313
2190	Pierce	1313
2191	raised	1312
2192	Japanese	1312
2193	guests	1311
2194	desperate	1310
2195	dirt	1310
2196	Navy	1310
2197	pussy	1309
2198	plate	1308
2199	negative	1308
2200	cooking	1307
2201	distance	1306
2202	tank	1306
2203	data	1306
2204	request	1304
2205	ruined	1302
2206	hire	1302
2207	knowledge	1302
2208	golf	1302
2209	falls	1301
2210	cow	1301
2211	dawn	1301
2212	pissed	1300
2213	stock	1300
2214	equipment	1298
2215	reports	1296
2216	conference	1296
2217	rescue	1296
2218	Ann	1296
2219	sale	1295
2220	claim	1295
2221	Holmes	1295
2222	silence	1294
2223	audience	1294
2224	warn	1293
2225	Americans	1293
2226	mercy	1291
2227	Hank	1291
2228	Jesse	1290
2229	proper	1289
2230	create	1289
2231	universe	1289
2232	Francisco	1289
2233	baseball	1288
2234	Harold	1286
2235	soup	1285
2236	Hercules	1285
2237	British	1283
2238	outfit	1280
2239	slowly	1279
2240	yard	1278
2241	Drew	1277
2242	Duke	1277
2243	Jackie	1276
2244	grown	1275
2245	loving	1275
2246	Valley	1275
2247	Robin	1272
2248	pure	1271
2249	rate	1271
2250	dies	1270
2251	bro	1270
2252	celebrate	1268
2253	China	1268
2254	piano	1268
2255	Simon	1268
2256	uniform	1266
2257	pills	1266
2258	stealing	1265
2259	spending	1264
2260	returned	1263
2261	location	1263
2262	duck	1263
2263	doll	1263
2264	amount	1262
2265	healthy	1262
2266	Central	1262
2267	reached	1261
2268	knocked	1261
2269	walls	1261
2270	pen	1261
2271	steps	1259
2272	younger	1257
2273	attractive	1256
2274	notes	1255
2275	fail	1254
2276	path	1252
2277	poison	1252
2278	beast	1252
2279	wanting	1251
2280	naturally	1250
2281	happiness	1249
2282	anytime	1248
2283	sucks	1248
2284	Gary	1248
2285	eventually	1246
2286	Betty	1246
2287	channel	1245
2288	elevator	1245
2289	thy	1243
2290	belt	1242
2291	secure	1241
2292	grandfather	1241
2293	avoid	1239
2294	penny	1239
2295	thief	1238
2296	laughs	1238
2297	guards	1237
2298	Bay	1236
2299	bride	1235
2300	pathetic	1234
2301	mirror	1233
2302	Thursday	1232
2303	partners	1232
2304	dozen	1231
2305	becomes	1231
2306	Ellen	1229
2307	Kyle	1229
2308	direction	1228
2309	gorgeous	1227
2310	direct	1226
2311	odd	1226
2312	theater	1226
2313	led	1225
2314	committed	1225
2315	march	1225
2316	Boston	1225
2317	puts	1224
2318	official	1224
2319	members	1224
2320	Morgan	1224
2321	treated	1219
2322	effect	1219
2323	attacked	1219
2324	tail	1219
2325	vision	1218
2326	Pa	1218
2327	secrets	1217
2328	talks	1216
2329	dust	1216
2330	trap	1216
2331	wide	1214
2332	sharp	1213
2333	honour	1213
2334	aside	1212
2335	stairs	1212
2336	deck	1212
2337	guts	1211
2338	extremely	1210
2339	unusual	1210
2340	lousy	1210
2341	newspaper	1208
2342	courage	1207
2343	apple	1207
2344	Tuesday	1206
2345	terribly	1205
2346	fishing	1204
2347	piss	1203
2348	University	1203
2349	carefully	1202
2350	hitting	1200
2351	writer	1200
2352	pulse	1200
2353	edge	1199
2354	illegal	1199
2355	pity	1199
2356	protection	1197
2357	couch	1197
2358	tests	1197
2359	staring	1196
2360	victims	1196
2361	created	1195
2362	screen	1193
2363	appear	1192
2364	winning	1192
2365	precious	1191
2366	windows	1190
2367	studio	1190
2368	kissing	1189
2369	rob	1188
2370	golden	1187
2371	Wilson	1187
2372	frightened	1186
2373	Sandy	1186
2374	owner	1185
2375	royal	1185
2376	intend	1183
2377	Da	1183
2378	considered	1182
2379	parties	1182
2380	cast	1180
2381	prisoner	1180
2382	Burns	1180
2383	Frasier	1179
2384	popular	1177
2385	destiny	1175
2386	robbery	1175
2387	silent	1173
2388	violence	1173
2389	federal	1173
2390	hearts	1172
2391	mystery	1171
2392	nerve	1171
2393	circumstances	1170
2394	library	1170
2395	toward	1169
2396	busted	1168
2397	becoming	1167
2398	rocks	1167
2399	practically	1165
2400	embarrassing	1165
2401	photo	1165
2402	tower	1165
2403	Miller	1165
2404	armed	1164
2405	shift	1164
2406	friendship	1164
2407	maid	1164
2408	wallet	1163
2409	package	1162
2410	range	1161
2411	flower	1161
2412	beating	1160
2413	Elizabeth	1160
2414	results	1158
2415	steady	1158
2416	Cheers	1158
2417	rope	1158
2418	cleaning	1157
2419	exact	1154
2420	image	1154
2421	Barbara	1154
2422	Maria	1154
2423	vehicle	1153
2424	turkey	1153
2425	easily	1151
2426	nasty	1151
2427	jungle	1151
2428	sensitive	1149
2429	pot	1149
2430	suffer	1148
2431	millions	1147
2432	remembered	1146
2433	trash	1146
2434	thou	1144
2435	ambulance	1143
2436	behavior	1142
2437	nightmare	1142
2438	prize	1142
2439	per	1141
2440	tears	1140
2441	snake	1140
2442	families	1139
2443	cancer	1139
2444	terms	1138
2445	orange	1138
2446	media	1137
2447	foreign	1137
2448	Donna	1136
2449	wasting	1135
2450	memories	1132
2451	songs	1132
2452	Spanish	1130
2453	material	1129
2454	expert	1128
2455	Charlotte	1128
2456	cutting	1126
2457	advantage	1125
2458	rude	1125
2459	flesh	1125
2460	disappointed	1124
2461	Inspector	1124
2462	guarantee	1123
2463	signs	1123
2464	committee	1123
2465	Terry	1123
2466	kinds	1121
2467	punk	1121
2468	downtown	1118
2469	sandwich	1118
2470	understanding	1117
2471	marks	1117
2472	mistakes	1116
2473	Daniel	1116
2474	sweat	1115
2475	political	1115
2476	panic	1114
2477	cents	1114
2478	plain	1113
2479	performance	1113
2480	stops	1112
2481	boom	1112
2482	union	1111
2483	Parker	1111
2484	seats	1110
2485	hundreds	1108
2486	fruit	1108
2487	cable	1108
2488	Objection	1108
2489	Mum	1108
2490	separate	1107
2491	Kong	1106
2492	underwear	1105
2493	ancient	1105
2494	Fox	1102
2495	Lewis	1102
2496	moments	1101
2497	Cliff	1100
2498	setting	1099
2499	rolling	1099
2500	W	1099
2501	castle	1099
2502	delicious	1098
2503	value	1097
2504	circle	1097
2505	miserable	1096
2506	bills	1096
2507	glory	1096
2508	squad	1096
2509	Chuck	1096
2510	manage	1095
2511	counting	1095
2512	bowl	1094
2513	zero	1094
2514	victory	1094
2515	stands	1093
2516	embarrassed	1093
2517	Willie	1093
2518	creature	1092
2519	deny	1091
2520	basketball	1091
2521	mixed	1090
2522	route	1089
2523	continues	1089
2524	Bruce	1088
2525	rare	1087
2526	yelling	1087
2527	Nancy	1087
2528	holiday	1086
2529	hidden	1085
2530	ill	1085
2531	Andrew	1085
2532	helps	1084
2533	directly	1084
2534	progress	1084
2535	remove	1084
2536	wave	1084
2537	gods	1083
2538	authority	1082
2539	chain	1082
2540	highly	1081
2541	wore	1081
2542	emotional	1081
2543	hunting	1081
2544	shadow	1080
2545	jumped	1078
2546	FALSE	1078
2547	gray	1077
2548	skip	1076
2549	estate	1076
2550	whore	1076
2551	horn	1075
2552	appears	1074
2553	basement	1074
2554	agents	1074
2555	Jess	1074
2556	minds	1072
2557	pleasant	1072
2558	mile	1071
2559	clients	1071
2560	refuse	1070
2561	approach	1070
2562	disappear	1069
2563	speaks	1068
2564	district	1068
2565	bug	1068
2566	rabbit	1068
2567	Jeez	1067
2568	champion	1067
2569	stopping	1066
2570	proceed	1066
2571	competition	1066
2572	Watson	1066
2573	Anne	1065
2574	presence	1064
2575	leading	1064
2576	forces	1064
2577	century	1063
2578	cure	1063
2579	Rita	1063
2580	capable	1062
2581	convinced	1061
2582	swell	1061
2583	warrant	1060
2584	Wayne	1060
2585	threat	1059
2586	therefore	1058
2587	Zack	1056
2588	bury	1054
2589	Ruth	1054
2590	services	1053
2591	shine	1053
2592	diamond	1053
2593	April	1053
2594	bat	1052
2595	Monica	1052
2596	alert	1051
2597	X	1051
2598	chip	1051
2599	Edward	1051
2600	Jenny	1050
2601	transfer	1048
2602	thrown	1047
2603	sentence	1047
2604	fabulous	1046
2605	pushed	1045
2606	nation	1045
2607	butter	1042
2608	Earl	1042
2609	jokes	1040
2610	reporter	1040
2611	booth	1039
2612	casino	1039
2613	Potter	1039
2614	Josh	1039
2615	successful	1037
2616	learning	1036
2617	possibility	1035
2618	awfully	1035
2619	sand	1035
2620	desire	1034
2621	bow	1034
2622	cage	1034
2623	wolf	1034
2624	nigger	1034
2625	units	1032
2626	wing	1032
2627	exchange	1031
2628	trapped	1030
2629	thin	1029
2630	bored	1029
2631	pet	1029
2632	rip	1028
2633	series	1028
2634	drama	1028
2635	homework	1027
2636	hills	1027
2637	carried	1026
2638	entirely	1026
2639	zone	1026
2640	explanation	1023
2641	spy	1023
2642	assure	1021
2643	failure	1021
2644	hits	1020
2645	collect	1020
2646	swimming	1019
2647	bang	1019
2648	Joseph	1019
2649	print	1018
2650	launch	1018
2651	useless	1017
2652	delivery	1017
2653	journey	1017
2654	fever	1017
2655	Jordan	1017
2656	photos	1016
2657	kills	1015
2658	sport	1015
2659	challenge	1013
2660	loan	1013
2661	Shore	1013
2662	Barry	1013
2663	spoken	1012
2664	routine	1012
2665	soda	1012
2666	teaching	1010
2667	trunk	1010
2668	mask	1010
2669	Clark	1010
2670	Teli	1010
2671	leads	1009
2672	result	1008
2673	passion	1008
2674	purse	1008
2675	served	1007
2676	argue	1007
2677	climb	1007
2678	Seth	1007
2679	cats	1006
2680	witnesses	1005
2681	beef	1005
2682	recall	1003
2683	wings	1003
2684	Barney	1003
2685	mental	1002
2686	cabin	1002
2687	ships	1002
2688	script	1000
2689	solid	998
2690	article	998
2691	Vic	998
2692	education	996
2693	salt	995
2694	solve	994
2695	confidence	993
2696	frankly	992
2697	receive	992
2698	metal	992
2699	wounded	992
2700	settled	991
2701	suffering	991
2702	escaped	991
2703	anger	991
2704	agency	991
2705	detail	989
2706	trace	989
2707	pipe	989
2708	wins	988
2709	supper	988
2710	effort	987
2711	spit	987
2712	studying	987
2713	hug	986
2714	enemies	985
2715	treatment	985
2716	commit	984
2717	Dragon	984
2718	reputation	983
2719	intelligence	983
2720	troops	983
2721	custody	982
2722	Gimme	982
2723	ability	980
2724	site	980
2725	fifth	979
2726	trail	979
2727	palace	979
2728	pushing	978
2729	stays	977
2730	hop	977
2731	boots	977
2732	owns	976
2733	attempt	975
2734	houses	975
2735	lawyers	975
2736	mouse	975
2737	hurting	974
2738	stronger	974
2739	ease	974
2740	bout	974
2741	considering	973
2742	ordinary	973
2743	presents	973
2744	Chloe	973
2745	impressed	972
2746	ripped	972
2747	customers	972
2748	laundry	972
2749	treasure	972
2750	revenge	971
2751	odds	970
2752	Bravo	970
2753	tricks	969
2754	cowboy	968
2755	nuclear	968
2756	Rome	968
2757	motion	967
2758	mall	964
2759	virus	964
2760	Kirk	964
2761	forest	963
2762	Reverend	963
2763	sounded	962
2764	trained	962
2765	June	962
2766	Noel	962
2767	scratch	961
2768	virgin	961
2769	El	961
2770	breaks	960
2771	potential	960
2772	Twelve	960
2773	fifty	960
2774	defend	959
2775	contest	958
2776	plastic	957
2777	fashion	957
2778	Africa	957
2779	cap	956
2780	Mickey	956
2781	interrupt	955
2782	latest	955
2783	convince	955
2784	Lincoln	955
2785	issues	954
2786	Joan	954
2787	cheer	953
2788	arrive	953
2789	chose	952
2790	supply	952
2791	surveillance	952
2792	Catherine	952
2793	ignore	951
2794	nail	951
2795	mountains	951
2796	league	950
2797	vice	950
2798	figures	949
2799	joking	949
2800	Thanksgiving	949
2801	Albert	949
2802	Stanley	949
2803	loaded	948
2804	coincidence	948
2805	messages	948
2806	cheating	948
2807	favour	948
2808	Coke	948
2809	quality	947
2810	title	947
2811	impression	946
2812	particularly	946
2813	reasonable	946
2814	division	946
2815	Bunny	946
2816	Vincent	946
2817	tiger	945
2818	therapy	944
2819	se	944
2820	bastards	943
2821	museum	942
2822	steel	941
2823	minister	941
2824	bound	940
2825	standard	940
2826	wishes	940
2827	slave	940
2828	yell	939
2829	dreaming	939
2830	anniversary	939
2831	Florida	938
2832	reminds	937
2833	shy	937
2834	firing	937
2835	walks	936
2836	cruel	936
2837	Hunter	936
2838	Bible	935
2839	seek	934
2840	chasing	933
2841	cancel	933
2842	prime	933
2843	Las	933
2844	Pat	933
2845	former	932
2846	smooth	932
2847	Wednesday	932
2848	socks	932
2849	dates	931
2850	modern	930
2851	surface	930
2852	Judy	930
2853	lifetime	929
2854	role	929
2855	curse	929
2856	eaten	927
2857	chosen	927
2858	gym	927
2859	motel	927
2860	enjoyed	926
2861	collection	926
2862	device	926
2863	Christopher	926
2864	Russell	926
2865	heck	925
2866	pee	925
2867	noon	924
2868	Hong	924
2869	Previously	923
2870	Jersey	923
2871	blowing	921
2872	sons	921
2873	reward	919
2874	degrees	918
2875	lets	918
2876	Georgia	918
2877	bothering	917
2878	bars	916
2879	dumped	915
2880	iron	915
2881	cameras	915
2882	Mitch	915
2883	express	914
2884	Saint	914
2885	Devon	914
2886	sacrifice	913
2887	cookies	913
2888	Janet	913
2889	assignment	912
2890	tunnel	912
2891	highway	911
2892	insist	910
2893	guide	910
2894	slide	909
2895	Victor	909
2896	specific	908
2897	wrap	908
2898	Oscar	908
2899	cleaned	907
2900	wagon	906
2901	prom	906
2902	lack	905
2903	cigarettes	905
2904	packed	904
2905	exercise	904
2906	defendant	904
2907	Jean	904
2908	cheat	901
2909	bullets	901
2910	kit	900
2911	Marshal	900
2912	background	899
2913	ringing	899
2914	clue	898
2915	damned	898
2916	assault	896
2917	Walt	896
2918	suits	895
2919	Fifteen	895
2920	Ld	895
2921	concert	895
2922	temple	895
2923	ranch	895
2924	Dorothy	895
2925	designed	894
2926	planes	894
2927	vampire	894
2928	foolish	893
2929	agreement	892
2930	darkness	892
2931	flag	892
2932	tent	892
2933	Daphne	892
2934	rotten	891
2935	term	890
2936	remains	890
2937	Pacey	890
2938	alien	889
2939	provide	888
2940	touching	888
2941	patch	888
2942	snap	887
2943	Cooper	887
2944	Davis	886
2945	believes	885
2946	imagination	885
2947	bail	885
2948	actual	884
2949	incident	883
2950	released	882
2951	liquor	882
2952	Sonny	882
2953	Molly	882
2954	disaster	881
2955	connected	881
2956	fully	880
2957	mass	880
2958	comfort	878
2959	sec	877
2960	smiling	877
2961	Thirty	876
2962	border	876
2963	fuel	876
2964	Francis	876
2965	legend	875
2966	players	875
2967	crossed	874
2968	electric	874
2969	demand	873
2970	opera	873
2971	Donald	873
2972	circus	870
2973	current	869
2974	trauma	869
2975	diamonds	869
2976	Turtle	869
2977	enjoying	868
2978	neighbors	868
2979	laws	868
2980	salad	868
2981	prints	868
2982	Bundy	868
2983	argument	867
2984	Peggy	867
2985	describe	866
2986	Harper	866
2987	starving	865
2988	impressive	865
2989	neighbor	864
2990	nigga	864
2991	fallen	863
2992	sink	863
2993	council	863
2994	backup	862
2995	screams	862
2996	sneak	861
2997	wipe	861
2998	trigger	861
2999	Avenue	861
3000	events	860
3001	tone	860
3002	Norman	860
3003	toy	859
3004	Meg	859
3005	youth	858
3006	crush	857
3007	factory	857
3008	Felicity	857
3009	trusted	856
3010	instance	856
3011	searching	856
3012	grass	856
3013	campaign	856
3014	Williams	856
3015	Jen	856
3016	Bishop	855
3017	wasted	854
3018	tracks	854
3019	goal	854
3020	Ken	854
3021	Dennis	854
3022	messed	853
3023	asks	852
3024	generous	852
3025	cookie	852
3026	fairy	851
3027	violent	850
3028	humor	849
3029	crisis	849
3030	average	849
3031	liberty	849
3032	suite	849
3033	Harvey	849
3034	Benny	849
3035	slipped	848
3036	opens	848
3037	rats	848
3038	systems	848
3039	stake	847
3040	managed	846
3041	nephew	846
3042	gambling	846
3043	threatened	845
3044	alcohol	845
3045	politics	845
3046	Admiral	845
3047	begins	844
3048	occasion	844
3049	gentle	844
3050	Shirley	844
3051	unhappy	843
3052	network	843
3053	cleared	842
3054	joined	841
3055	confession	841
3056	charity	841
3057	explosion	841
3058	finest	840
3059	offense	840
3060	Wade	840
3061	judgment	839
3062	headquarters	839
3063	shout	839
3064	filthy	838
3065	surgeon	838
3066	tube	838
3067	hon	837
3068	math	836
3069	operator	836
3070	kidnapped	836
3071	pin	835
3072	personnel	835
3073	mix	834
3074	sucker	834
3075	alley	831
3076	dancer	831
3077	dealer	831
3078	humans	831
3079	hoped	830
3080	reaction	830
3081	chat	830
3082	depressed	830
3083	underneath	829
3084	commercial	829
3085	mon	829
3086	behave	828
3087	version	828
3088	fantasy	828
3089	chill	828
3090	chips	828
3091	steak	828
3092	gloves	828
3093	worrying	827
3094	sides	827
3095	dropping	826
3096	struck	826
3097	design	826
3098	honeymoon	826
3099	experiment	826
3100	identify	825
3101	blast	825
3102	arranged	824
3103	classic	824
3104	quarters	824
3105	delivered	823
3106	procedure	823
3107	spirits	823
3108	crystal	823
3109	Buster	823
3110	whiskey	822
3111	Goodnight	822
3112	perform	821
3113	response	821
3114	divorced	821
3115	prisoners	821
3116	Jay	821
3117	dope	820
3118	greater	819
3119	fence	819
3120	poker	819
3121	normally	818
3122	powder	818
3123	landing	818
3124	protecting	817
3125	drawing	817
3126	actress	817
3127	Vietnam	817
3128	gear	816
3129	rape	816
3130	advance	815
3131	suspicious	815
3132	locker	815
3133	Buzz	814
3134	civil	813
3135	sin	813
3136	Beth	813
3137	Meanwhile	812
3138	ending	812
3139	torture	812
3140	classes	812
3141	marrying	812
3142	Miami	812
3143	Le	812
3144	blown	811
3145	selfish	811
3146	personality	811
3147	Christian	811
3148	banks	811
3149	Teddy	811
3150	fed	810
3151	dough	810
3152	Lf	809
3153	deserves	808
3154	warned	808
3155	confess	808
3156	Walker	808
3157	tries	807
3158	solution	807
3159	ceremony	807
3160	clown	807
3161	Rocky	807
3162	Highness	807
3163	helicopter	806
3164	Connie	806
3165	costs	805
3166	prayer	805
3167	forth	804
3168	apology	804
3169	dressing	804
3170	invented	803
3171	hers	802
3172	Hm	802
3173	Corporal	802
3174	accepted	801
3175	Emma	801
3176	entrance	800
3177	strip	800
3178	boxes	800
3179	singer	800
3180	gather	799
3181	Pearl	799
3182	concentrate	798
3183	uncomfortable	798
3184	instructions	798
3185	satellite	798
3186	deputy	798
3187	daily	797
3188	nut	797
3189	stress	796
3190	tune	796
3191	valuable	795
3192	pretending	795
3193	kicking	795
3194	merely	795
3195	sauce	795
3196	guitar	795
3197	sighs	795
3198	Porter	795
3199	basic	794
3200	charm	794
3201	belly	794
3202	exit	794
3203	blows	793
3204	net	793
3205	voices	793
3206	Steven	793
3207	romance	792
3208	patrol	792
3209	pitch	792
3210	arrange	791
3211	satisfied	791
3212	Japan	791
3213	makeup	790
3214	teams	790
3215	Matthew	790
3216	surrender	789
3217	strangers	788
3218	rub	788
3219	whistle	788
3220	visiting	787
3221	wives	787
3222	bum	787
3223	kingdom	787
3224	Fort	787
3225	hip	786
3226	flew	785
3227	hood	785
3228	Anthony	785
3229	Ling	785
3230	dreamed	784
3231	patience	784
3232	junk	784
3233	diet	784
3234	earn	783
3235	flash	783
3236	lion	783
3237	Ralph	783
3238	frozen	782
3239	robbed	782
3240	homicide	782
3241	decisions	781
3242	gross	779
3243	holes	779
3244	uses	778
3245	badge	778
3246	Mel	778
3247	offering	777
3248	financial	777
3249	answered	775
3250	officially	775
3251	opposite	775
3252	customer	775
3253	soap	775
3254	privacy	774
3255	beside	774
3256	unknown	774
3257	painful	773
3258	represent	773
3259	anyhow	773
3260	lessons	772
3261	reported	771
3262	pour	771
3263	extraordinary	771
3264	testing	771
3265	champ	771
3266	hopes	770
3267	twins	770
3268	meantime	769
3269	fascinating	769
3270	squeeze	769
3271	furniture	769
3272	rice	769
3273	bend	768
3274	Valentine	768
3275	beats	767
3276	begging	766
3277	host	766
3278	mysterious	765
3279	blocks	765
3280	sore	765
3281	timing	764
3282	balance	764
3283	shark	764
3284	technology	762
3285	sets	761
3286	angle	761
3287	Dutch	761
3288	wondered	760
3289	guilt	760
3290	yards	760
3291	invitation	759
3292	degree	759
3293	knocking	759
3294	checks	759
3295	urgent	758
3296	aim	758
3297	movement	757
3298	mud	756
3299	Morris	756
3300	review	755
3301	Heh	755
3302	Chan	755
3303	influence	754
3304	moron	754
3305	freaking	754
3306	souls	754
3307	Warren	754
3308	Oliver	753
3309	tap	752
3310	Scotch	752
3311	seal	752
3312	product	752
3313	testimony	752
3314	broad	751
3315	Ace	751
3316	status	750
3317	skull	750
3318	films	750
3319	Anderson	750
3320	Chandler	750
3321	escort	749
3322	knee	749
3323	stretch	748
3324	territory	748
3325	recording	748
3326	listened	747
3327	entered	747
3328	affairs	747
3329	murders	747
3330	Aaron	747
3331	spin	746
3332	favourite	745
3333	relief	744
3334	noble	744
3335	sample	744
3336	shouting	744
3337	angels	744
3338	skills	743
3339	rifle	743
3340	hostage	743
3341	Gene	743
3342	tax	742
3343	chicks	742
3344	Bo	742
3345	sticking	741
3346	deaf	741
3347	port	741
3348	Foundation	740
3349	technically	739
3350	literally	739
3351	Patrick	739
3352	habit	738
3353	pattern	738
3354	foul	738
3355	Ugh	738
3356	Harris	738
3357	occurred	737
3358	charged	737
3359	removed	737
3360	deeply	736
3361	option	736
3362	confirm	736
3363	beans	736
3364	lad	736
3365	coward	734
3366	Yale	734
3367	brief	732
3368	benefit	732
3369	gifts	732
3370	awkward	730
3371	adult	729
3372	liver	729
3373	drives	728
3374	holds	728
3375	jumping	728
3376	flip	728
3377	bombs	728
3378	ward	727
3379	Diane	727
3380	counsel	726
3381	debt	725
3382	international	725
3383	gal	725
3384	corn	725
3385	traveling	724
3386	testify	724
3387	shown	723
3388	cared	723
3389	tragedy	723
3390	childhood	723
3391	facility	723
3392	roses	723
3393	cotton	723
3394	admire	722
3395	brush	722
3396	homes	722
3397	self	722
3398	towel	722
3399	pro	722
3400	Wally	722
3401	jet	721
3402	costume	721
3403	lightning	721
3404	Murphy	721
3405	prick	720
3406	bush	720
3407	anxious	719
3408	respond	719
3409	headache	719
3410	frame	719
3411	Harvard	719
3412	washed	718
3413	ghosts	718
3414	Virginia	718
3415	Marine	718
3416	flies	717
3417	supplies	717
3418	wounds	717
3419	Louise	717
3420	Palmer	717
3421	pays	715
3422	answering	715
3423	attend	715
3424	options	715
3425	dessert	715
3426	sacred	715
3427	afterwards	714
3428	recommend	714
3429	schools	714
3430	rubber	714
3431	clinic	714
3432	thick	713
3433	remote	713
3434	skinny	713
3435	cave	713
3436	brand	712
3437	Elaine	712
3438	polite	711
3439	culture	711
3440	fans	711
3441	Dallas	711
3442	Jonathan	711
3443	claims	710
3444	painted	710
3445	blonde	710
3446	theme	710
3447	counter	709
3448	darn	709
3449	conscience	709
3450	aid	709
3451	Mason	709
3452	Tyler	709
3453	pound	708
3454	tag	708
3455	oxygen	708
3456	religious	707
3457	machines	707
3458	religion	707
3459	Claus	707
3460	Jo	707
3461	Griffin	707
3462	construction	706
3463	combat	706
3464	Transcript	705
3465	audition	705
3466	Sherry	705
3467	blessed	704
3468	sweater	704
3469	laughter	704
3470	Sammy	704
3471	commission	703
3472	Travis	703
3473	shave	702
3474	temperature	702
3475	Jewish	702
3476	dame	702
3477	flow	701
3478	drill	701
3479	principal	701
3480	sail	701
3481	gain	700
3482	Germany	699
3483	packing	698
3484	crown	698
3485	Brooklyn	698
3486	Baker	698
3487	granted	697
3488	tradition	697
3489	wreck	697
3490	unique	696
3491	species	696
3492	zoo	696
3493	poem	696
3494	Lawrence	696
3495	Bonnie	696
3496	similar	695
3497	pages	695
3498	bugs	695
3499	tennis	695
3500	sticks	694
3501	muscle	694
3502	chop	694
3503	ad	694
3504	leather	693
3505	barn	693
3506	cherry	693
3507	Manny	693
3508	tooth	692
3509	counts	691
3510	jam	690
3511	cheering	690
3512	Tokyo	690
3513	emperor	690
3514	intelligent	689
3515	moral	689
3516	confirmed	689
3517	Ambassador	689
3518	Daisy	689
3519	lap	687
3520	Baron	687
3521	steam	686
3522	blah	686
3523	punishment	685
3524	adventure	685
3525	sheep	685
3526	Berlin	685
3527	exam	684
3528	gates	684
3529	penis	684
3530	gum	683
3531	suitcase	683
3532	demons	683
3533	Sarge	683
3534	struggle	682
3535	equal	682
3536	operate	682
3537	bottles	682
3538	poetry	682
3539	replace	681
3540	fools	681
3541	grabbed	680
3542	smaller	680
3543	freezing	680
3544	possession	680
3545	citizen	680
3546	Western	679
3547	thunder	679
3548	halfway	678
3549	abandoned	678
3550	wheels	678
3551	session	678
3552	wicked	678
3553	pigs	678
3554	Stephen	678
3555	surrounded	677
3556	interests	677
3557	heavens	677
3558	digging	676
3559	fellows	676
3560	paradise	676
3561	Burt	676
3562	palm	675
3563	motive	675
3564	shove	674
3565	magnificent	674
3566	pit	674
3567	toys	674
3568	waves	674
3569	shell	674
3570	cattle	674
3571	hut	674
3572	stink	673
3573	stable	673
3574	waiter	673
3575	pile	672
3576	tracking	672
3577	basket	672
3578	nurses	672
3579	determined	671
3580	whip	671
3581	motor	671
3582	marvelous	671
3583	musical	671
3584	bells	671
3585	fucker	671
3586	sire	671
3587	parent	670
3588	missile	670
3589	recent	669
3590	useful	669
3591	hooked	669
3592	complex	669
3593	monitor	669
3594	incredibly	668
3595	organization	668
3596	backwards	667
3597	stroke	667
3598	Jill	667
3599	prevent	666
3600	accused	666
3601	engagement	666
3602	messing	665
3603	temporary	665
3604	rap	665
3605	goose	665
3606	chuckles	665
3607	Halloween	665
3608	limit	664
3609	phones	664
3610	tapes	664
3611	Howdy	664
3612	despite	663
3613	propose	663
3614	superior	663
3615	appeal	663
3616	drawer	663
3617	blade	663
3618	cried	662
3619	blanket	662
3620	identity	662
3621	eleven	662
3622	Bernard	662
3623	maintain	661
3624	refused	660
3625	survived	660
3626	delighted	660
3627	inches	660
3628	cigar	660
3629	mob	660
3630	matches	659
3631	sack	659
3632	properly	658
3633	clerk	658
3634	appropriate	657
3635	shaking	657
3636	resist	657
3637	activity	657
3638	profile	657
3639	parade	657
3640	scout	657
3641	lamp	657
3642	award	657
3643	Rusty	657
3644	Gloria	657
3645	stepped	656
3646	suffered	656
3647	drank	656
3648	exhausted	655
3649	heroes	655
3650	Kenny	655
3651	mistaken	654
3652	minor	654
3653	fits	654
3654	comment	654
3655	dive	654
3656	hatch	654
3657	landed	653
3658	approaching	653
3659	handled	652
3660	authorities	652
3661	environment	652
3662	medication	652
3663	Hiya	652
3664	fighter	652
3665	wears	651
3666	expression	651
3667	manners	651
3668	beloved	651
3669	Stuart	651
3670	chamber	650
3671	Hawk	650
3672	effects	649
3673	task	649
3674	swallow	649
3675	Sookie	649
3676	catching	648
3677	capital	648
3678	sales	648
3679	conditions	647
3680	chin	647
3681	tub	647
3682	lobby	647
3683	toe	647
3684	et	647
3685	earned	646
3686	highest	646
3687	string	646
3688	empire	646
3689	Edgar	646
3690	eats	645
3691	developed	645
3692	description	645
3693	nap	645
3694	pump	645
3695	production	645
3696	stations	645
3697	inform	644
3698	deeper	644
3699	con	644
3700	actors	644
3701	passes	643
3702	related	643
3703	twist	643
3704	beard	643
3705	typical	642
3706	pole	642
3707	bid	642
3708	remarkable	641
3709	realise	641
3710	ye	641
3711	complain	640
3712	entertainment	640
3713	Bingo	640
3714	creatures	640
3715	bitches	640
3716	ex	640
3717	soccer	640
3718	insult	639
3719	Philip	639
3720	apply	638
3721	toes	638
3722	plates	638
3723	happier	637
3724	Korea	637
3725	Seattle	637
3726	Abby	637
3727	acts	636
3728	choices	636
3729	slap	636
3730	sheets	636
3731	hammer	636
3732	producer	636
3733	Catholic	636
3734	Germans	636
3735	Colin	636
3736	Troy	636
3737	neat	635
3738	suspects	635
3739	rehearsal	635
3740	covering	634
3741	rear	634
3742	breasts	634
3743	railroad	634
3744	Leonard	634
3745	informed	633
3746	battery	633
3747	Academy	633
3748	editor	633
3749	toss	632
3750	diner	632
3751	sailor	632
3752	Tha	632
3753	inch	631
3754	tire	631
3755	Broadway	631
3756	bump	630
3757	lawn	630
3758	invisible	630
3759	peanut	630
3760	Russia	630
3761	quietly	629
3762	fond	629
3763	purple	629
3764	phase	629
3765	convention	629
3766	revolution	629
3767	Dana	629
3768	excitement	628
3769	goods	628
3770	item	628
3771	thus	628
3772	Manhattan	628
3773	Hitler	628
3774	forgetting	627
3775	thirsty	627
3776	stinks	627
3777	episode	627
3778	cheated	627
3779	pan	627
3780	passengers	627
3781	tits	627
3782	tend	626
3783	fooling	626
3784	pockets	626
3785	cruise	626
3786	coma	626
3787	critical	625
3788	development	625
3789	Diego	625
3790	Spike	625
3791	tragic	624
3792	Mexican	624
3793	Commissioner	624
3794	attached	623
3795	placed	623
3796	sharing	623
3797	handy	623
3798	graduate	623
3799	Superman	623
3800	suggestion	622
3801	advise	622
3802	mothers	622
3803	signature	622
3804	dismissed	622
3805	accent	621
3806	labor	621
3807	scientist	621
3808	Hollow	621
3809	robot	621
3810	behalf	620
3811	actions	620
3812	entry	620
3813	discussion	619
3814	helpful	619
3815	permanent	619
3816	buddies	619
3817	generation	619
3818	servant	619
3819	assigned	618
3820	captured	618
3821	brass	618
3822	permit	617
3823	widow	617
3824	kidnapping	617
3825	Q	617
3826	terrorist	617
3827	upper	616
3828	dull	616
3829	July	616
3830	dime	615
3831	retired	615
3832	psychiatrist	615
3833	motherfuckers	615
3834	joining	614
3835	discover	614
3836	crawl	614
3837	fights	614
3838	Kansas	614
3839	vault	614
3840	underground	613
3841	lemon	613
3842	Hail	613
3843	Foster	613
3844	Magnum	613
3845	bargain	612
3846	loyal	612
3847	tale	612
3848	criminals	612
3849	Clay	612
3850	Ewing	612
3851	tastes	611
3852	beaten	611
3853	precisely	611
3854	combination	611
3855	Luther	611
3856	citizens	610
3857	employees	610
3858	log	610
3859	cells	610
3860	tattoo	610
3861	Hawaii	610
3862	basis	609
3863	relationships	609
3864	fields	609
3865	link	609
3866	Allen	609
3867	needle	608
3868	jazz	608
3869	Pam	608
3870	sakes	607
3871	idiots	607
3872	Buffalo	607
3873	Ruby	607
3874	Marco	607
3875	chef	606
3876	mistress	606
3877	racing	606
3878	treating	605
3879	dishes	605
3880	attracted	605
3881	bacon	605
3882	psychic	605
3883	Chairman	605
3884	Slim	605
3885	unfortunate	604
3886	chapter	604
3887	sunshine	604
3888	farmer	604
3889	rocket	604
3890	thumb	603
3891	pill	603
3892	frog	603
3893	comedy	602
3894	intended	601
3895	terrorists	601
3896	wrapped	600
3897	shoulders	600
3898	operations	600
3899	weed	600
3900	Hart	600
3901	feeding	599
3902	threatening	599
3903	owned	599
3904	tables	599
3905	transferred	599
3906	beings	599
3907	cloud	599
3908	boats	599
3909	explained	598
3910	shocked	598
3911	dated	598
3912	dining	598
3913	policeman	598
3914	pops	598
3915	undercover	598
3916	hooker	598
3917	Kennedy	598
3918	Z	598
3919	Cohen	598
3920	Hopefully	597
3921	Mount	597
3922	serving	596
3923	individual	596
3924	existence	596
3925	hid	596
3926	fries	596
3927	picnic	596
3928	industry	596
3929	engineer	596
3930	Boo	596
3931	chopper	596
3932	reckon	596
3933	lend	595
3934	loyalty	595
3935	splendid	595
3936	workers	595
3937	shelter	595
3938	Debbie	595
3939	Jacob	595
3940	Yup	594
3941	management	594
3942	carpet	594
3943	divine	594
3944	Synchro	593
3945	spoil	593
3946	introduced	593
3947	troubles	593
3948	beneath	593
3949	raped	593
3950	sheet	592
3951	Southern	592
3952	porn	592
3953	appearance	591
3954	lazy	591
3955	plot	591
3956	ham	591
3957	returning	590
3958	betrayed	590
3959	employee	590
3960	crimes	590
3961	medal	590
3962	dragged	589
3963	reporting	589
3964	manner	588
3965	entering	588
3966	waitress	588
3967	hockey	588
3968	destruction	587
3969	Ford	587
3970	Veronica	587
3971	entitled	586
3972	visual	586
3973	fingerprints	586
3974	Eagle	586
3975	sends	585
3976	newspapers	585
3977	Blake	585
3978	active	584
3979	dish	584
3980	denied	584
3981	puppy	584
3982	electricity	584
3983	discovery	584
3984	unconscious	583
3985	cuts	583
3986	perfume	583
3987	shadows	583
3988	temper	582
3989	operating	582
3990	theatre	582
3991	pillow	581
3992	talented	581
3993	teachers	581
3994	companies	581
3995	roommate	581
3996	stones	581
3997	bears	581
3998	Graham	581
3999	safer	580
4000	approve	580
4001	promises	580
4002	forms	580
4003	defeat	580
4004	scientific	580
4005	elephant	580
4006	cock	580
4007	handling	579
4008	assumed	579
4009	alike	579
4010	asses	579
4011	photograph	579
4012	slut	579
4013	chemical	579
4014	trailer	579
4015	attacks	578
4016	heal	578
4017	Greek	578
4018	absolute	577
4019	studied	577
4020	practical	577
4021	rage	577
4022	killers	577
4023	shrink	577
4024	serial	577
4025	Shakespeare	577
4026	Diana	577
4027	slightly	576
4028	potato	576
4029	applause	576
4030	necessarily	575
4031	exists	575
4032	Geez	575
4033	Halt	575
4034	gin	575
4035	paintings	575
4036	raising	574
4037	whale	574
4038	Announcer	574
4039	Turner	574
4040	Blanche	574
4041	peaceful	573
4042	creep	573
4043	assholes	573
4044	warden	573
4045	lovers	572
4046	Randy	572
4047	complaining	571
4048	immediate	571
4049	straighten	571
4050	gig	571
4051	transport	571
4052	dentist	571
4053	Wesley	571
4054	include	568
4055	laying	568
4056	affect	568
4057	bitter	568
4058	creepy	568
4059	helpless	568
4060	reception	568
4061	boot	568
4062	rd	568
4063	billion	568
4064	Bureau	568
4065	Gob	568
4066	ages	567
4067	annoying	567
4068	tools	567
4069	luggage	567
4070	brandy	567
4071	assuming	566
4072	safely	566
4073	disturb	566
4074	conduct	566
4075	potatoes	566
4076	nest	566
4077	wisdom	565
4078	function	565
4079	massage	565
4080	thrilled	564
4081	produce	564
4082	boarding	564
4083	jewelry	564
4084	Arizona	564
4085	Patty	564
4086	Charley	564
4087	analysis	563
4088	nails	563
4089	Nelson	563
4090	delay	562
4091	psycho	562
4092	Harbor	562
4093	limited	561
4094	register	561
4095	Latin	561
4096	September	561
4097	Spain	561
4098	Murray	561
4099	reverse	560
4100	shed	560
4101	election	560
4102	intention	559
4103	nerves	559
4104	profit	559
4105	Ouch	559
4106	fetch	559
4107	lick	559
4108	column	559
4109	extreme	558
4110	assistance	558
4111	booze	558
4112	worker	558
4113	emotions	558
4114	verdict	558
4115	Heather	558
4116	Shawn	558
4117	lame	557
4118	promotion	557
4119	airplane	557
4120	bra	557
4121	Herr	557
4122	Oops	556
4123	rhythm	556
4124	cocktail	555
4125	rounds	555
4126	everyday	555
4127	Corps	555
4128	Phoenix	555
4129	protected	554
4130	honored	554
4131	stubborn	554
4132	von	554
4133	Lance	554
4134	torn	553
4135	smarter	553
4136	concept	553
4137	clothing	553
4138	waters	553
4139	pumpkin	553
4140	grief	552
4141	comic	552
4142	suggesting	551
4143	dignity	551
4144	sixth	551
4145	deposit	551
4146	computers	551
4147	Franklin	551
4148	Kay	551
4149	instant	550
4150	commitment	550
4151	Gotcha	550
4152	monsters	550
4153	Canada	550
4154	understands	549
4155	proved	549
4156	bits	549
4157	passenger	549
4158	Jefferson	549
4159	Jew	549
4160	Orleans	549
4161	strictly	548
4162	acted	548
4163	facing	548
4164	throughout	548
4165	lip	548
4166	creative	548
4167	salary	548
4168	beers	548
4169	tool	548
4170	Holly	548
4171	required	547
4172	marked	547
4173	eternal	547
4174	tissue	547
4175	banana	547
4176	rod	547
4177	Cathy	547
4178	guessing	546
4179	subway	546
4180	campus	546
4181	Pope	546
4182	laughed	545
4183	bowling	545
4184	arguing	544
4185	Roberts	544
4186	confident	543
4187	paranoid	543
4188	homeless	543
4189	engines	543
4190	Hector	543
4191	drawn	542
4192	require	542
4193	privilege	542
4194	barrel	542
4195	lamb	542
4196	wizard	542
4197	Wong	542
4198	worries	541
4199	executive	541
4200	fund	541
4201	Carmen	541
4202	twisted	540
4203	separated	540
4204	drown	540
4205	multiple	540
4206	capture	540
4207	lungs	540
4208	statue	540
4209	traitor	540
4210	fleet	540
4211	consequences	539
4212	Forty	539
4213	Philadelphia	539
4214	discussed	538
4215	begun	538
4216	kindly	538
4217	exposed	538
4218	payment	538
4219	Detroit	538
4220	compared	537
4221	measure	537
4222	adorable	537
4223	tested	537
4224	countries	537
4225	goat	537
4226	pork	537
4227	bets	537
4228	Elvis	537
4229	effective	536
4230	candles	536
4231	collar	536
4232	Houston	536
4233	Mars	535
4234	shared	534
4235	injured	534
4236	lecture	534
4237	accounts	534
4238	root	534
4239	publicity	534
4240	passport	534
4241	Roman	534
4242	Hans	534
4243	parked	533
4244	fixing	533
4245	grounds	533
4246	blond	533
4247	dice	533
4248	parole	533
4249	witches	533
4250	celebrating	532
4251	believing	532
4252	salesman	532
4253	twin	532
4254	bothered	531
4255	paperwork	531
4256	booked	531
4257	plug	531
4258	clubs	531
4259	crashed	531
4260	rumor	531
4261	rug	531
4262	nanny	531
4263	Sidney	531
4264	unlike	530
4265	meetings	530
4266	rode	530
4267	tellin	530
4268	Cal	530
4269	freaked	529
4270	lean	529
4271	Narrator	529
4272	communication	528
4273	cooperate	528
4274	colors	528
4275	bee	528
4276	Coop	528
4277	worthy	527
4278	spots	527
4279	levels	527
4280	wrist	527
4281	nd	527
4282	Caroline	527
4283	enormous	526
4284	obsessed	526
4285	punished	526
4286	misery	526
4287	sunset	526
4288	conspiracy	526
4289	reservation	526
4290	suggested	525
4291	announcement	525
4292	drops	525
4293	curtain	525
4294	Austin	525
4295	Nicky	525
4296	Kane	525
4297	driven	524
4298	locate	524
4299	specifically	524
4300	fooled	524
4301	identified	524
4302	relieved	524
4303	jeep	524
4304	Sharon	524
4305	compliment	523
4306	stiff	523
4307	unable	523
4308	magazines	523
4309	abuse	523
4310	naughty	523
4311	sum	523
4312	blues	523
4313	ballet	523
4314	Skipper	523
4315	spotted	522
4316	tense	522
4317	random	522
4318	burger	522
4319	album	522
4320	concerns	521
4321	happily	521
4322	corporate	521
4323	Caesar	521
4324	intense	520
4325	impress	520
4326	injury	520
4327	praying	520
4328	August	520
4329	gunshot	520
4330	chickens	520
4331	Jews	520
4332	Rembrandt	520
4333	slight	519
4334	questioning	519
4335	raw	519
4336	borrowed	519
4337	priority	519
4338	organized	519
4339	structure	519
4340	brick	519
4341	Leon	519
4342	fried	518
4343	complaint	518
4344	snakes	518
4345	registered	517
4346	leak	517
4347	sucked	516
4348	worm	516
4349	warrior	516
4350	survival	515
4351	bleed	515
4352	louder	515
4353	sober	515
4354	corpse	515
4355	glove	515
4356	vodka	515
4357	document	515
4358	dynamite	515
4359	spider	515
4360	worn	514
4361	branch	514
4362	shortly	513
4363	deserved	513
4364	relatives	513
4365	budget	513
4366	envelope	513
4367	pistol	513
4368	novel	513
4369	shotgun	512
4370	fraud	512
4371	Shaw	512
4372	overnight	511
4373	bucket	511
4374	clouds	511
4375	experienced	510
4376	nicely	510
4377	belonged	510
4378	heels	510
4379	application	510
4380	Russians	510
4381	daughters	509
4382	buildings	509
4383	warehouse	509
4384	Excellency	509
4385	stare	508
4386	sits	508
4387	massive	508
4388	menu	508
4389	skirt	508
4390	acid	508
4391	butler	508
4392	signing	507
4393	inner	507
4394	scholarship	507
4395	provided	506
4396	constant	506
4397	causes	506
4398	solved	506
4399	visitors	506
4400	October	506
4401	counselor	506
4402	tanks	506
4403	Korean	506
4404	Collins	506
4405	imagined	505
4406	scum	505
4407	centre	505
4408	festival	505
4409	Cleveland	505
4410	depend	504
4411	practicing	504
4412	screwing	504
4413	celebration	504
4414	deadly	504
4415	examine	504
4416	chairs	504
4417	oath	504
4418	bachelor	504
4419	Atlantic	504
4420	Romeo	504
4421	disturbed	503
4422	pencil	503
4423	trucks	503
4424	ashes	503
4425	causing	502
4426	confusing	502
4427	arrangements	502
4428	unfair	502
4429	fridge	502
4430	internal	502
4431	ties	502
4432	bounce	502
4433	shining	501
4434	burden	501
4435	core	501
4436	heroin	501
4437	humble	500
4438	dummy	500
4439	graduation	500
4440	championship	500
4441	Mummy	500
4442	Columbo	500
4443	deals	499
4444	explode	499
4445	appeared	499
4446	retire	499
4447	dramatic	499
4448	observe	499
4449	raining	499
4450	roast	499
4451	silk	499
4452	photographs	499
4453	shooter	499
4454	Wha	499
4455	differently	498
4456	announce	498
4457	fires	498
4458	bartender	498
4459	ransom	498
4460	surprises	497
4461	suspected	497
4462	sealed	497
4463	gut	497
4464	dresses	497
4465	investment	497
4466	seventh	497
4467	taxes	497
4468	dock	497
4469	coin	497
4470	execution	497
4471	necklace	497
4472	lit	496
4473	bait	496
4474	hats	496
4475	bald	496
4476	Queens	496
4477	Tarzan	496
4478	blessing	495
4479	absurd	495
4480	blank	495
4481	demands	495
4482	humanity	495
4483	Reese	495
4484	filling	494
4485	sworn	494
4486	grip	494
4487	directions	494
4488	copies	494
4489	fee	494
4490	scientists	494
4491	kidney	494
4492	hostages	494
4493	punish	493
4494	atmosphere	493
4495	bench	493
4496	polish	493
4497	Pacific	493
4498	ape	493
4499	added	492
4500	cracked	492
4501	connect	492
4502	spray	492
4503	pancakes	492
4504	gathered	491
4505	floating	491
4506	losers	491
4507	porch	491
4508	tires	491
4509	aliens	491
4510	Marines	491
4511	develop	490
4512	sandwiches	490
4513	requires	489
4514	positions	489
4515	autopsy	489
4516	sorts	488
4517	adults	488
4518	terrified	488
4519	quote	488
4520	daylight	488
4521	burnt	488
4522	pace	488
4523	plants	488
4524	mortal	488
4525	Lynn	488
4526	envy	487
4527	hallway	487
4528	relations	487
4529	Benjamin	487
4530	interfere	486
4531	characters	486
4532	signals	486
4533	bearing	486
4534	niece	486
4535	mill	486
4536	Li	486
4537	loses	485
4538	cooked	485
4539	delicate	485
4540	strikes	485
4541	scale	485
4542	prayers	485
4543	sweep	485
4544	smack	485
4545	stores	485
4546	en	485
4547	therapist	485
4548	lesbian	485
4549	Alexander	485
4550	previous	484
4551	grows	484
4552	towels	484
4553	retreat	484
4554	scheduled	483
4555	investigate	483
4556	awhile	483
4557	cent	483
4558	chart	483
4559	helmet	483
4560	Louie	483
4561	succeed	482
4562	arrangement	482
4563	fathers	482
4564	strategy	482
4565	stabbed	482
4566	farewell	482
4567	Praise	482
4568	physics	482
4569	fog	482
4570	aircraft	482
4571	discussing	481
4572	Moscow	481
4573	Hudson	481
4574	severe	480
4575	tons	480
4576	impact	480
4577	shorts	480
4578	scan	480
4579	sailing	480
4580	cows	480
4581	Wells	480
4582	types	479
4583	maniac	479
4584	chaos	479
4585	triple	479
4586	civilian	479
4587	Burke	479
4588	oldest	478
4589	covers	478
4590	owes	478
4591	flush	478
4592	documents	478
4593	cellar	478
4594	independent	477
4595	studies	477
4596	danced	477
4597	vessel	477
4598	alternative	476
4599	height	476
4600	reveal	476
4601	Hallelujah	476
4602	motherfucking	476
4603	Stella	476
4604	meets	475
4605	volunteer	475
4606	deed	475
4607	Thompson	475
4608	upside	474
4609	glorious	474
4610	debate	474
4611	Calvin	474
4612	Brandon	474
4613	handed	473
4614	faint	473
4615	worthless	473
4616	stinking	473
4617	error	473
4618	Amber	473
4619	ladder	472
4620	physically	471
4621	groups	471
4622	telegram	471
4623	whatsoever	470
4624	hears	470
4625	resources	470
4626	arts	470
4627	web	470
4628	poet	470
4629	gasps	470
4630	Adams	470
4631	Willy	470
4632	hint	469
4633	arrives	469
4634	delightful	469
4635	amusing	469
4636	bonus	469
4637	stunt	469
4638	Grey	469
4639	Ash	469
4640	Bree	469
4641	closely	468
4642	fairly	468
4643	located	468
4644	picks	468
4645	rumors	468
4646	horror	468
4647	admitted	467
4648	fears	467
4649	tips	467
4650	codes	467
4651	Jeremy	467
4652	rented	466
4653	investigating	466
4654	betray	466
4655	snack	466
4656	holidays	466
4657	Madison	466
4658	conclusion	465
4659	faithful	465
4660	wars	465
4661	popcorn	465
4662	photographer	465
4663	Alliance	465
4664	somewhat	464
4665	population	464
4666	phrase	464
4667	magical	464
4668	recovery	464
4669	thieves	464
4670	penalty	464
4671	tournament	464
4672	Reed	464
4673	disturbing	463
4674	damaged	463
4675	outer	463
4676	Dale	463
4677	described	462
4678	chew	462
4679	crawling	462
4680	washing	462
4681	roads	462
4682	discipline	462
4683	takin	462
4684	Rex	462
4685	explains	461
4686	profession	461
4687	cart	461
4688	flame	461
4689	perimeter	461
4690	wax	461
4691	coffin	461
4692	ultimate	460
4693	kindness	460
4694	gently	459
4695	terror	459
4696	barking	459
4697	cargo	459
4698	Yankee	459
4699	vampires	459
4700	Hopper	459
4701	Bret	459
4702	recognized	458
4703	associate	458
4704	coroner	458
4705	sock	458
4706	certificate	458
4707	diary	458
4708	swamp	458
4709	closest	457
4710	preparing	457
4711	lighter	457
4712	stall	457
4713	breast	457
4714	broadcast	457
4715	kings	457
4716	Jock	457
4717	Russ	457
4718	appetite	456
4719	crowded	456
4720	various	456
4721	hopeless	456
4722	areas	456
4723	planted	456
4724	technique	456
4725	obey	456
4726	fluid	456
4727	hostile	456
4728	gamble	456
4729	ritual	456
4730	barbecue	456
4731	dug	455
4732	sins	455
4733	whack	455
4734	motorcycle	455
4735	Noah	455
4736	contrary	454
4737	weakness	454
4738	Jr	454
4739	Creek	454
4740	auction	454
4741	tender	453
4742	oven	453
4743	spiritual	453
4744	leaders	453
4745	worlds	453
4746	journal	453
4747	Doris	453
4748	dial	452
4749	storage	452
4750	Val	452
4751	advanced	451
4752	grades	451
4753	Cd	451
4754	models	451
4755	Marilyn	451
4756	Helio	451
4757	constantly	450
4758	embarrass	450
4759	repair	450
4760	quitting	450
4761	fork	450
4762	reunion	450
4763	Melissa	450
4764	accidentally	449
4765	apologies	449
4766	filed	449
4767	lipstick	449
4768	pepper	449
4769	unexpected	448
4770	recovered	448
4771	rolls	448
4772	cities	448
4773	cough	448
4774	proposal	448
4775	protest	448
4776	waking	447
4777	returns	447
4778	mankind	447
4779	stab	447
4780	November	447
4781	Supreme	447
4782	goddess	447
4783	hurricane	447
4784	visitor	446
4785	swore	446
4786	Almighty	446
4787	infection	446
4788	wrestling	446
4789	reads	445
4790	cease	445
4791	beam	445
4792	Fortunately	444
4793	crossing	444
4794	conflict	444
4795	anyways	444
4796	buttons	444
4797	shirts	444
4798	primary	444
4799	colour	444
4800	objects	444
4801	cannon	444
4802	flu	444
4803	shrimp	444
4804	deer	444
4805	Ohio	444
4806	cemetery	443
4807	sexually	442
4808	samples	442
4809	chemistry	442
4810	balloon	442
4811	stuffed	441
4812	excuses	441
4813	harmless	441
4814	fame	441
4815	tin	441
4816	throne	441
4817	requested	440
4818	setup	440
4819	drain	440
4820	fold	440
4821	electrical	440
4822	morgue	440
4823	rig	440
4824	pimp	440
4825	activities	439
4826	distant	439
4827	tan	439
4828	petty	438
4829	vicious	438
4830	symbol	438
4831	briefcase	438
4832	Evans	438
4833	Clarence	438
4834	vulnerable	437
4835	beds	437
4836	sleepy	437
4837	Del	437
4838	convenient	436
4839	increase	436
4840	forbid	436
4841	tension	436
4842	seated	436
4843	banging	436
4844	reporters	436
4845	solo	436
4846	hack	436
4847	raid	436
4848	Comrade	436
4849	scares	435
4850	display	435
4851	threaten	435
4852	burst	435
4853	curiosity	435
4854	slice	435
4855	transmission	435
4856	Eli	435
4857	communicate	434
4858	butcher	434
4859	candidate	434
4860	gallery	434
4861	invasion	434
4862	wee	434
4863	lunatic	433
4864	rank	433
4865	robe	433
4866	laser	433
4867	til	433
4868	Woody	433
4869	regarding	432
4870	rolled	432
4871	spoiled	432
4872	senses	432
4873	spill	432
4874	values	432
4875	reference	432
4876	scar	432
4877	compete	432
4878	kiddo	432
4879	drum	432
4880	limo	432
4881	ducks	432
4882	Fisher	432
4883	disappoint	431
4884	chased	431
4885	crushed	431
4886	tremendous	431
4887	nickel	431
4888	madness	431
4889	affection	431
4890	retirement	431
4891	resistance	431
4892	Arnold	431
4893	dizzy	430
4894	betting	430
4895	adopted	430
4896	Australia	430
4897	software	430
4898	Granny	430
4899	rising	429
4900	thrill	429
4901	recorded	429
4902	anonymous	429
4903	haircut	429
4904	lads	429
4905	determine	428
4906	approval	428
4907	fry	428
4908	horny	428
4909	instincts	428
4910	scenes	428
4911	sequence	428
4912	inn	428
4913	refrigerator	427
4914	courtroom	427
4915	Harrison	427
4916	compare	426
4917	sympathy	426
4918	ceiling	426
4919	ribs	426
4920	judges	426
4921	alibi	426
4922	wig	426
4923	nearby	425
4924	indicate	425
4925	pointing	425
4926	bare	425
4927	cabinet	425
4928	civilization	425
4929	doorbell	425
4930	cane	425
4931	Delta	425
4932	generally	424
4933	formal	424
4934	jar	424
4935	plague	424
4936	reminded	423
4937	tore	423
4938	emotion	423
4939	tramp	423
4940	apples	423
4941	Felix	423
4942	misunderstanding	422
4943	arrival	422
4944	prior	422
4945	philosophy	422
4946	freaks	422
4947	scores	422
4948	fur	422
4949	infected	422
4950	footage	422
4951	Sheila	422
4952	qualified	421
4953	replaced	421
4954	residence	421
4955	writes	421
4956	phony	421
4957	tossed	421
4958	smash	421
4959	native	421
4960	illusion	421
4961	depth	421
4962	Denver	421
4963	cocaine	421
4964	wished	420
4965	technical	420
4966	convicted	420
4967	lung	420
4968	Cape	420
4969	visions	420
4970	Brooks	420
4971	fortunate	419
4972	perspective	419
4973	sweating	419
4974	mature	419
4975	sources	419
4976	sang	419
4977	Congress	419
4978	radiation	419
4979	Harmony	419
4980	yacht	419
4981	Shelly	419
4982	larger	418
4983	genuine	418
4984	strings	418
4985	Sixteen	418
4986	shield	418
4987	Canyon	418
4988	Kent	418
4989	Lori	418
4990	insisted	417
4991	deeds	417
4992	Mademoiselle	417
4993	lan	417
4994	dedicated	416
4995	judging	416
4996	autograph	416
4997	trains	416
4998	Mick	416
4999	established	415
5000	minimum	415
5001	presume	415
5002	traditional	415
5003	pad	415
5004	doomed	415
5005	cocksucker	415
5006	courtesy	414
5007	kicks	414
5008	Eastern	414
5009	Association	414
5010	scandal	414
5011	panties	414
5012	Alpha	414
5013	slaves	414
5014	Julius	414
5015	Fletcher	414
5016	improve	413
5017	sleeps	413
5018	capacity	413
5019	girlfriends	413
5020	instrument	413
5021	abandon	413
5022	allergic	413
5023	consciousness	413
5024	whispering	413
5025	pony	413
5026	ski	413
5027	Missy	413
5028	Enterprise	413
5029	Weaver	413
5030	Mccoy	413
5031	Belle	413
5032	Andromeda	413
5033	needing	412
5034	reaching	412
5035	artists	412
5036	Hawkeye	412
5037	Momma	412
5038	versus	411
5039	hose	411
5040	messenger	411
5041	mole	411
5042	missiles	411
5043	Saunders	411
5044	breeze	410
5045	stream	410
5046	rash	410
5047	tray	410
5048	Violet	410
5049	exception	409
5050	recover	409
5051	devoted	409
5052	disgrace	409
5053	pale	409
5054	couples	409
5055	identification	409
5056	worship	409
5057	candle	409
5058	ankle	409
5059	surgical	409
5060	Satan	409
5061	defence	409
5062	Milo	409
5063	circles	408
5064	attacking	408
5065	dreadful	408
5066	manual	408
5067	bubble	408
5068	tuna	408
5069	pod	408
5070	cooperation	407
5071	eternity	407
5072	floors	407
5073	symptoms	407
5074	grandson	407
5075	rainbow	407
5076	password	407
5077	Deb	407
5078	Mae	407
5079	scaring	406
5080	existed	406
5081	watches	406
5082	searched	406
5083	dip	406
5084	tricky	406
5085	depression	406
5086	tuck	406
5087	chapel	406
5088	Bp	406
5089	aggressive	405
5090	sickness	405
5091	forgiveness	405
5092	batteries	405
5093	monkeys	405
5094	author	405
5095	martini	405
5096	decides	404
5097	popped	404
5098	smelled	404
5099	meals	404
5100	sneaking	404
5101	proves	404
5102	pulls	404
5103	skill	404
5104	businessman	404
5105	Whitey	404
5106	finishing	403
5107	focused	403
5108	connections	403
5109	wandering	403
5110	contacts	403
5111	whisper	403
5112	uniforms	403
5113	Kathy	403
5114	duties	402
5115	largest	402
5116	climbing	402
5117	proposition	402
5118	method	402
5119	welfare	402
5120	hustle	402
5121	wiped	401
5122	mere	401
5123	ditch	401
5124	images	401
5125	lounge	401
5126	minus	401
5127	prosecution	401
5128	formula	401
5129	Auntie	401
5130	Abbott	401
5131	backs	400
5132	accurate	400
5133	assist	400
5134	forehead	400
5135	attic	400
5136	sis	400
5137	arrow	400
5138	votes	400
5139	Sal	400
5140	Cynthia	400
5141	defending	399
5142	saddle	399
5143	groom	399
5144	apologise	399
5145	flattered	398
5146	destroying	398
5147	thoughtful	398
5148	shiny	398
5149	exclusive	398
5150	kisses	398
5151	controls	398
5152	disguise	398
5153	communications	398
5154	bracelet	398
5155	relative	397
5156	rack	397
5157	cue	397
5158	soil	397
5159	gossip	397
5160	grounded	397
5161	Sustained	397
5162	hamburger	397
5163	sausage	397
5164	Lo	397
5165	embassy	397
5166	ox	397
5167	vital	396
5168	creating	396
5169	institution	396
5170	husbands	396
5171	maximum	396
5172	Dodge	396
5173	Joel	396
5174	addition	395
5175	theirs	395
5176	bore	395
5177	gratitude	395
5178	graduated	395
5179	principle	395
5180	aspirin	395
5181	liquid	395
5182	rot	394
5183	arriving	394
5184	adore	394
5185	persons	394
5186	poisoned	394
5187	blackmail	394
5188	Pierre	394
5189	Bailey	394
5190	risky	393
5191	remembers	393
5192	expenses	393
5193	corporation	393
5194	rider	393
5195	shaft	393
5196	Moore	393
5197	attempted	392
5198	receiving	392
5199	deaths	392
5200	interrupting	391
5201	switched	391
5202	completed	391
5203	cans	391
5204	sunny	391
5205	auto	391
5206	insanity	391
5207	drowned	391
5208	Ahem	391
5209	Si	391
5210	Cuba	391
5211	Perry	391
5212	importance	390
5213	inspired	390
5214	instinct	390
5215	passage	390
5216	terminal	390
5217	groans	390
5218	magician	390
5219	sub	390
5220	Mona	390
5221	content	389
5222	pickup	389
5223	zip	389
5224	unto	389
5225	Un	389
5226	pilots	389
5227	spite	388
5228	legally	388
5229	belief	388
5230	Hush	388
5231	recipe	388
5232	spoon	388
5233	exhibit	388
5234	pointed	387
5235	administration	387
5236	stove	387
5237	chains	387
5238	forbidden	387
5239	December	387
5240	wired	386
5241	embrace	386
5242	declare	386
5243	possibilities	386
5244	seed	386
5245	nations	386
5246	masters	386
5247	Communist	386
5248	karate	386
5249	Lizzie	386
5250	react	385
5251	bold	385
5252	muscles	385
5253	peculiar	385
5254	violation	385
5255	prep	385
5256	genetic	385
5257	trophy	385
5258	bass	385
5259	peanuts	385
5260	prostitute	385
5261	Rogers	385
5262	Robinson	385
5263	accomplished	384
5264	throws	384
5265	offended	384
5266	savings	384
5267	legitimate	384
5268	winds	384
5269	Knights	384
5270	offers	383
5271	hunch	383
5272	Ja	383
5273	Jenna	383
5274	nicer	382
5275	nearest	382
5276	included	382
5277	backed	382
5278	ton	382
5279	ego	382
5280	centuries	382
5281	flames	382
5282	skies	382
5283	ink	382
5284	protocol	382
5285	jolly	382
5286	Easter	382
5287	umbrella	382
5288	rum	382
5289	chili	382
5290	bombing	382
5291	Grams	382
5292	sings	381
5293	float	381
5294	tortured	381
5295	executed	381
5296	mobile	381
5297	carriage	381
5298	Dammit	381
5299	Stitch	381
5300	Juan	381
5301	favors	380
5302	expense	380
5303	approximately	380
5304	observation	380
5305	outstanding	380
5306	chess	380
5307	potion	380
5308	guessed	379
5309	dealt	379
5310	occur	379
5311	gesture	379
5312	contacted	379
5313	racket	379
5314	aisle	379
5315	benefits	379
5316	receipt	379
5317	consent	379
5318	bathing	379
5319	concrete	379
5320	haunted	379
5321	advertising	379
5322	ol	379
5323	Shepherd	379
5324	Ranger	379
5325	Billie	379
5326	ruining	378
5327	injuries	378
5328	income	378
5329	pipes	378
5330	anchor	378
5331	Scotland	378
5332	Julian	378
5333	Alison	378
5334	distracted	377
5335	weekends	377
5336	logical	377
5337	heel	377
5338	cursed	377
5339	cousins	377
5340	colored	377
5341	sucking	376
5342	wealthy	376
5343	prices	376
5344	prescription	376
5345	guidance	376
5346	heights	376
5347	monk	376
5348	Wang	376
5349	efforts	375
5350	tops	375
5351	bothers	375
5352	regard	375
5353	brutal	375
5354	fist	375
5355	tide	375
5356	freshman	375
5357	Olive	375
5358	sharks	375
5359	Victoria	375
5360	pirate	375
5361	Hamilton	375
5362	refer	374
5363	achieve	374
5364	owed	374
5365	ideal	374
5366	spinning	374
5367	puzzle	374
5368	resident	374
5369	boobs	374
5370	precinct	374
5371	lobster	374
5372	performed	373
5373	misses	373
5374	suspicion	373
5375	breakdown	373
5376	suspended	373
5377	casual	373
5378	agenda	373
5379	balcony	373
5380	melt	373
5381	casualties	373
5382	claimed	372
5383	bizarre	372
5384	canceled	372
5385	clears	372
5386	celebrity	372
5387	panel	372
5388	armor	372
5389	Sissy	372
5390	Spencer	372
5391	Alfred	372
5392	begged	371
5393	follows	371
5394	jammed	371
5395	draft	371
5396	shitty	371
5397	illness	371
5398	nightmares	371
5399	distress	371
5400	Fu	371
5401	Joyce	371
5402	Sandra	371
5403	Donny	371
5404	Samson	371
5405	continued	370
5406	gathering	370
5407	scheme	370
5408	factor	370
5409	elected	370
5410	whipped	370
5411	salute	370
5412	organ	370
5413	Springs	370
5414	tick	370
5415	jewels	370
5416	boxing	370
5417	Sylvia	370
5418	ordering	369
5419	liable	369
5420	backyard	369
5421	honorable	369
5422	dorm	369
5423	jewel	369
5424	abortion	369
5425	mutual	368
5426	standards	368
5427	bent	368
5428	honesty	368
5429	drowning	368
5430	bully	368
5431	presentation	368
5432	rally	368
5433	platoon	368
5434	Harriet	368
5435	inviting	367
5436	posted	367
5437	nailed	367
5438	limits	367
5439	annual	367
5440	notify	367
5441	trips	367
5442	integrity	367
5443	wooden	367
5444	published	367
5445	scrambled	367
5446	drums	367
5447	Christine	367
5448	rely	366
5449	quicker	366
5450	rides	366
5451	intentions	366
5452	reserve	366
5453	demonstration	366
5454	bounty	366
5455	prosecutor	366
5456	Glen	366
5457	Moe	366
5458	Tucker	366
5459	Chad	366
5460	noises	365
5461	cheek	365
5462	gracious	365
5463	folk	365
5464	savage	365
5465	Douglas	365
5466	ants	365
5467	Craig	365
5468	occasionally	364
5469	fuss	364
5470	amongst	364
5471	jaw	364
5472	substance	364
5473	attending	364
5474	disorder	364
5475	Moses	364
5476	confusion	363
5477	sells	363
5478	weigh	363
5479	jelly	363
5480	calendar	363
5481	carnival	363
5482	Mack	363
5483	Lester	363
5484	situations	362
5485	harsh	362
5486	fatal	362
5487	hysterical	362
5488	inspiration	362
5489	medium	362
5490	Northern	362
5491	dearest	362
5492	fighters	362
5493	Baltimore	362
5494	submarine	362
5495	Chi	362
5496	haul	361
5497	strain	361
5498	compound	361
5499	bam	361
5500	meters	361
5501	ridge	361
5502	Jin	361
5503	Ariel	361
5504	buys	360
5505	expose	360
5506	lifted	360
5507	Aha	360
5508	cooler	360
5509	European	360
5510	gag	360
5511	Memorial	360
5512	sector	360
5513	herd	360
5514	Soviet	360
5515	Apollo	360
5516	Erin	360
5517	caring	359
5518	nowadays	359
5519	sentimental	359
5520	pursuit	359
5521	objective	359
5522	tales	359
5523	feds	359
5524	Elder	359
5525	Katherine	359
5526	strict	358
5527	congratulate	358
5528	narrow	358
5529	smashed	358
5530	compromise	358
5531	experiences	358
5532	length	358
5533	sting	358
5534	cord	358
5535	guardian	358
5536	mule	358
5537	Paulie	358
5538	resting	357
5539	beautifully	357
5540	closes	357
5541	smoked	357
5542	plead	357
5543	fax	357
5544	lonesome	357
5545	controlled	356
5546	shoots	356
5547	relaxed	356
5548	cries	356
5549	automatic	356
5550	officials	356
5551	lands	356
5552	tobacco	356
5553	grunts	356
5554	Simpson	356
5555	stepping	355
5556	satisfaction	355
5557	originally	355
5558	intimate	355
5559	wires	355
5560	shelf	355
5561	subjects	355
5562	nun	355
5563	tolerate	354
5564	blaming	354
5565	emotionally	354
5566	subtle	354
5567	household	354
5568	volume	354
5569	grease	354
5570	stud	354
5571	voted	354
5572	hobby	354
5573	moonlight	354
5574	semester	354
5575	Mo	354
5576	Tis	354
5577	Vanessa	354
5578	Baldrick	354
5579	convincing	353
5580	compliments	353
5581	cleaner	353
5582	knives	353
5583	geek	353
5584	Frankenstein	353
5585	Eugene	353
5586	Eleanor	353
5587	Toby	353
5588	explaining	352
5589	opposed	352
5590	elements	352
5591	servants	352
5592	speaker	352
5593	resort	352
5594	pervert	352
5595	myth	352
5596	fountain	352
5597	commanding	352
5598	Nevada	352
5599	crab	352
5600	Yah	352
5601	Kang	352
5602	currently	351
5603	domestic	351
5604	teenager	351
5605	gravity	351
5606	label	351
5607	razor	351
5608	pledge	351
5609	bolt	351
5610	Yea	351
5611	visited	350
5612	eager	350
5613	messy	350
5614	teenage	350
5615	slick	350
5616	eighth	350
5617	dispatch	350
5618	electronic	350
5619	sorrow	350
5620	clearance	350
5621	chow	350
5622	faggot	350
5623	Nazi	350
5624	Echo	350
5625	cunt	350
5626	clamp	350
5627	complaints	349
5628	collecting	349
5629	restaurants	349
5630	maintenance	349
5631	mug	349
5632	shovel	349
5633	bean	349
5634	plea	349
5635	Rio	349
5636	Shorty	349
5637	Otto	349
5638	avoiding	348
5639	hardware	348
5640	attraction	348
5641	races	348
5642	coordinates	348
5643	Swan	348
5644	Kerry	348
5645	sensible	347
5646	jackass	347
5647	conscious	347
5648	pose	347
5649	Nicholas	347
5650	Han	347
5651	slightest	346
5652	touches	346
5653	sophisticated	346
5654	blocked	346
5655	troubled	346
5656	colleague	346
5657	experts	346
5658	nickname	346
5659	Yay	346
5660	wakes	345
5661	affected	345
5662	anxiety	345
5663	loop	345
5664	classified	345
5665	Greetings	345
5666	dudes	345
5667	African	345
5668	Bart	345
5669	spreading	344
5670	theft	344
5671	remaining	344
5672	obligation	344
5673	med	344
5674	psych	344
5675	painter	344
5676	lottery	344
5677	Samuel	344
5678	Monroe	344
5679	Trey	344
5680	Horace	344
5681	referring	343
5682	traveled	343
5683	psychological	343
5684	items	343
5685	proposed	343
5686	driveway	343
5687	Woo	343
5688	rarely	342
5689	hardest	342
5690	swallowed	342
5691	strongly	342
5692	confidential	342
5693	logic	342
5694	negotiate	342
5695	online	342
5696	feast	342
5697	sponge	342
5698	pirates	342
5699	preacher	342
5700	rabbi	342
5701	Peyton	342
5702	Hearst	342
5703	locks	341
5704	baked	341
5705	January	341
5706	detectives	341
5707	scissors	341
5708	lodge	341
5709	Holland	341
5710	Pedro	341
5711	Covenant	341
5712	Miriam	341
5713	respects	340
5714	accidents	340
5715	circuit	340
5716	possessed	340
5717	leap	340
5718	targets	340
5719	drivers	340
5720	cigars	340
5721	bonds	340
5722	finals	340
5723	Commonwealth	340
5724	Homer	340
5725	proven	339
5726	urge	339
5727	humiliated	339
5728	guaranteed	339
5729	wishing	339
5730	threats	339
5731	dreamt	339
5732	enforcement	339
5733	brakes	339
5734	Mississippi	339
5735	galaxy	339
5736	Dee	339
5737	Baxter	339
5738	Ming	339
5739	disagree	338
5740	responsibilities	338
5741	endless	338
5742	inappropriate	338
5743	greedy	338
5744	element	338
5745	vegetables	338
5746	feather	338
5747	dot	338
5748	Gypsy	338
5749	disk	338
5750	Gail	338
5751	rejected	337
5752	funds	337
5753	jeans	337
5754	bicycle	337
5755	withdraw	337
5756	frequency	337
5757	mattress	337
5758	democracy	337
5759	tubes	337
5760	memo	337
5761	melody	337
5762	Polly	337
5763	Andre	337
5764	Virgil	337
5765	catches	336
5766	respected	336
5767	promising	336
5768	notion	336
5769	offices	336
5770	innocence	336
5771	copper	336
5772	warriors	336
5773	Dexter	336
5774	dragging	335
5775	mice	335
5776	experiments	335
5777	coal	335
5778	consideration	334
5779	amateur	334
5780	needn	334
5781	gown	334
5782	ninth	334
5783	marching	334
5784	siren	334
5785	miracles	334
5786	pregnancy	334
5787	pier	334
5788	internet	334
5789	Ew	334
5790	salmon	334
5791	Atlanta	334
5792	architect	334
5793	starboard	334
5794	Umm	334
5795	Sawyer	334
5796	Skinner	334
5797	carries	333
5798	declared	333
5799	Fourteen	333
5800	hike	333
5801	registration	333
5802	charts	333
5803	gasoline	333
5804	survivors	333
5805	engineering	333
5806	detention	333
5807	doubts	332
5808	colleagues	332
5809	risks	332
5810	vain	332
5811	cancelled	332
5812	urine	332
5813	beep	332
5814	Venice	332
5815	Maris	332
5816	pronounce	331
5817	clearing	331
5818	significant	331
5819	approved	331
5820	riot	331
5821	forgiven	331
5822	robbing	331
5823	kidnap	331
5824	explosives	331
5825	vows	331
5826	laboratory	331
5827	rehab	331
5828	airline	331
5829	morphine	331
5830	Stewart	331
5831	Senate	331
5832	Stark	331
5833	Sloan	331
5834	involve	330
5835	lined	330
5836	choke	330
5837	methods	330
5838	wardrobe	330
5839	granddaughter	330
5840	naive	329
5841	phoned	329
5842	growth	329
5843	mustard	329
5844	mansion	329
5845	cheerleader	329
5846	beeping	329
5847	Tiffany	329
5848	happiest	328
5849	stew	328
5850	fart	328
5851	ram	328
5852	rabbits	328
5853	Butch	328
5854	Winchester	328
5855	extend	327
5856	tearing	327
5857	pursue	327
5858	whereabouts	327
5859	creeps	327
5860	altogether	327
5861	reservations	327
5862	drift	327
5863	offensive	327
5864	discharge	327
5865	click	327
5866	ginger	327
5867	quest	327
5868	Stern	327
5869	Luckily	326
5870	hangs	326
5871	persuade	326
5872	cups	326
5873	healing	326
5874	literature	326
5875	psychotic	326
5876	customs	326
5877	tech	326
5878	canal	326
5879	carrier	326
5880	torpedo	326
5881	Angelus	326
5882	Bullock	326
5883	initial	325
5884	hereby	325
5885	roots	325
5886	performing	325
5887	purchase	325
5888	regulations	325
5889	hay	325
5890	tribe	325
5891	earthquake	325
5892	Congressman	325
5893	spilled	324
5894	intact	324
5895	backing	324
5896	depressing	324
5897	frighten	324
5898	wealth	324
5899	chap	324
5900	cereal	324
5901	bein	324
5902	peach	324
5903	convict	324
5904	shares	324
5905	surf	324
5906	Rodney	324
5907	counted	323
5908	establish	323
5909	outrageous	323
5910	breed	323
5911	companion	323
5912	lighting	323
5913	nursing	323
5914	bake	323
5915	winners	323
5916	underwater	323
5917	pond	323
5918	Connecticut	323
5919	lions	323
5920	absence	322
5921	tasty	322
5922	footsteps	322
5923	hairy	322
5924	shipping	322
5925	shipment	322
5926	settlement	322
5927	stripes	322
5928	Colorado	322
5929	Webster	322
5930	crashing	321
5931	deceased	321
5932	curtains	321
5933	Swiss	321
5934	worms	321
5935	global	321
5936	diving	321
5937	prophecy	321
5938	Ramon	321
5939	faced	320
5940	liking	320
5941	charging	320
5942	Whew	320
5943	elegant	320
5944	bunk	320
5945	clues	320
5946	spark	320
5947	lease	320
5948	syndrome	320
5949	Bronx	320
5950	velvet	320
5951	Chester	320
5952	serves	319
5953	ignorant	319
5954	deliberately	319
5955	compassion	319
5956	scenario	319
5957	puke	319
5958	authorized	319
5959	bourbon	319
5960	Brace	319
5961	timer	319
5962	Antonio	319
5963	figuring	318
5964	overtime	318
5965	define	318
5966	straw	318
5967	coverage	318
5968	baggage	318
5969	scrub	318
5970	retarded	318
5971	sperm	318
5972	Willow	318
5973	Screech	318
5974	treats	317
5975	explore	317
5976	replacement	317
5977	clowns	317
5978	meter	317
5979	brat	317
5980	erase	317
5981	breach	317
5982	bluff	317
5983	cavalry	317
5984	ashore	317
5985	Napoleon	317
5986	assured	316
5987	unnecessary	316
5988	bedtime	316
5989	struggling	316
5990	overcome	316
5991	custom	316
5992	smiles	316
5993	alcoholic	316
5994	horns	316
5995	stain	316
5996	wheelchair	316
5997	crib	316
5998	pine	316
5999	mines	316
6000	Carolina	316
6001	Hugh	316
6002	lasted	315
6003	elsewhere	315
6004	hottest	315
6005	shocking	315
6006	drunken	315
6007	civilized	315
6008	hospitals	315
6009	distinguished	315
6010	Incoming	315
6011	dental	315
6012	est	315
6013	accountant	315
6014	camping	315
6015	definite	314
6016	starve	314
6017	applied	314
6018	fare	314
6019	engage	314
6020	pudding	314
6021	Countess	314
6022	yelled	313
6023	represents	313
6024	entertain	313
6025	swinging	313
6026	acknowledge	313
6027	elbow	313
6028	physician	313
6029	scam	313
6030	platform	313
6031	earrings	313
6032	booty	313
6033	essay	313
6034	Carson	313
6035	habits	312
6036	heavily	312
6037	ironic	312
6038	pinch	312
6039	products	312
6040	rendezvous	312
6041	den	312
6042	abilities	312
6043	stadium	312
6044	yen	312
6045	stack	311
6046	unpleasant	311
6047	vast	311
6048	cloth	311
6049	debts	311
6050	bathtub	311
6051	lawsuit	311
6052	investigator	311
6053	journalist	311
6054	Charmed	311
6055	Zeus	311
6056	Madeline	311
6057	positively	310
6058	contain	310
6059	bumped	310
6060	isolated	310
6061	pounding	310
6062	creation	310
6063	Eighteen	310
6064	fiction	310
6065	chorus	310
6066	invention	310
6067	ketchup	310
6068	es	310
6069	correctly	309
6070	protective	309
6071	antique	309
6072	sunrise	309
6073	hips	309
6074	comb	309
6075	Yankees	309
6076	bats	309
6077	noodles	309
6078	encourage	308
6079	directed	308
6080	cured	308
6081	bribe	308
6082	articles	308
6083	dash	308
6084	musician	308
6085	Gibson	308
6086	Frederick	308
6087	Montgomery	308
6088	surprising	307
6089	luxury	307
6090	rushing	307
6091	ahold	307
6092	waits	307
6093	mi	307
6094	Ding	307
6095	Herman	307
6096	depending	306
6097	printed	306
6098	passionate	306
6099	exotic	306
6100	insulted	306
6101	furious	306
6102	principles	306
6103	civilians	306
6104	vehicles	306
6105	voyage	306
6106	garlic	306
6107	niggers	306
6108	Carpenter	306
6109	Dolly	306
6110	Elk	306
6111	Dickie	306
6112	differences	305
6113	generations	305
6114	eliminate	305
6115	sincere	305
6116	steer	305
6117	trading	305
6118	poster	305
6119	bubbles	305
6120	brake	305
6121	Juliet	305
6122	Cinderella	305
6123	shade	304
6124	supervisor	304
6125	scent	304
6126	confessed	304
6127	stereo	304
6128	costumes	304
6129	graves	304
6130	compartment	304
6131	Buchanan	304
6132	Drake	304
6133	Sark	304
6134	slipping	303
6135	cracking	303
6136	boil	303
6137	shook	303
6138	Behold	303
6139	conviction	303
6140	ropes	303
6141	parlor	303
6142	peak	303
6143	writers	303
6144	Montana	303
6145	Heller	303
6146	pouring	302
6147	slack	302
6148	dances	302
6149	wit	302
6150	poisoning	302
6151	stamp	302
6152	flashlight	302
6153	spaghetti	302
6154	assassin	302
6155	wolves	302
6156	Banner	302
6157	colony	302
6158	lighten	301
6159	reliable	301
6160	ignored	301
6161	stir	301
6162	shallow	301
6163	regrets	301
6164	Nevertheless	301
6165	murderers	301
6166	groceries	301
6167	holler	301
6168	handwriting	301
6169	mortgage	301
6170	organs	301
6171	rib	301
6172	tomato	301
6173	nude	301
6174	pigeon	301
6175	Plaza	301
6176	skate	301
6177	Randall	301
6178	Vivian	301
6179	Fayed	301
6180	additional	300
6181	modest	300
6182	shorter	300
6183	sloppy	300
6184	humiliating	300
6185	pals	300
6186	destination	300
6187	hunger	300
6188	cycle	300
6189	courts	300
6190	biological	300
6191	glue	300
6192	coats	300
6193	inspection	300
6194	ammunition	300
6195	harassment	300
6196	Mayday	300
6197	Newport	300
6198	dd	300
6199	wander	299
6200	despair	299
6201	sofa	299
6202	deadline	299
6203	tequila	299
6204	universal	299
6205	probation	299
6206	Archie	299
6207	revealed	298
6208	spends	298
6209	Evidently	298
6210	accomplish	298
6211	shaving	298
6212	divide	298
6213	fastest	298
6214	feature	298
6215	poke	298
6216	recognise	298
6217	Michigan	298
6218	housekeeper	298
6219	Pentagon	298
6220	battalion	298
6221	documentary	298
6222	Beau	298
6223	desperately	297
6224	pressed	297
6225	wonders	297
6226	sour	297
6227	fuzzy	297
6228	pajamas	297
6229	whores	297
6230	muffin	297
6231	whales	297
6232	niggas	297
6233	slam	296
6234	definition	296
6235	Seventeen	296
6236	Bon	296
6237	economy	296
6238	contracts	296
6239	queer	296
6240	vet	296
6241	martial	296
6242	chambers	296
6243	troop	296
6244	Ra	296
6245	presented	295
6246	busting	295
6247	remembering	295
6248	sweetest	295
6249	hilarious	295
6250	obliged	295
6251	spells	295
6252	streak	295
6253	directors	295
6254	neighbourhood	295
6255	tow	295
6256	Lv	295
6257	Argh	295
6258	Senor	295
6259	Gilbert	295
6260	trusting	294
6261	frightening	294
6262	variety	294
6263	classy	294
6264	tab	294
6265	vacuum	294
6266	cracker	294
6267	disco	294
6268	cheque	294
6269	Curly	294
6270	Tsk	294
6271	Dc	294
6272	Alma	294
6273	collected	293
6274	questioned	293
6275	occupied	293
6276	tasted	293
6277	blocking	293
6278	resent	293
6279	spine	293
6280	facial	293
6281	glow	293
6282	jealousy	293
6283	scored	293
6284	consistent	293
6285	wheat	293
6286	roller	293
6287	orphan	293
6288	Switzerland	293
6289	suing	293
6290	Hooray	293
6291	dam	293
6292	appreciated	292
6293	prettiest	292
6294	sticky	292
6295	butts	292
6296	owners	292
6297	Beware	292
6298	janitor	292
6299	Cadillac	292
6300	naval	292
6301	bodyguard	292
6302	Hayes	292
6303	handful	291
6304	nicest	291
6305	witnessed	291
6306	exposure	291
6307	vegetable	291
6308	cuff	291
6309	millionaire	291
6310	towns	291
6311	era	291
6312	feathers	291
6313	flood	291
6314	automobile	291
6315	cakes	291
6316	chemicals	291
6317	medic	291
6318	Gabriel	291
6319	Hugo	291
6320	Deline	291
6321	Brett	291
6322	Brewster	291
6323	crooked	290
6324	attract	290
6325	tease	290
6326	resume	290
6327	accuse	290
6328	mentally	290
6329	database	290
6330	clip	290
6331	pets	290
6332	Attaboy	290
6333	tails	290
6334	generator	290
6335	toad	290
6336	Simmons	290
6337	pressing	289
6338	feared	289
6339	announced	289
6340	spectacular	289
6341	lethal	289
6342	collapsed	289
6343	obsession	289
6344	cafeteria	289
6345	interrogation	289
6346	masks	289
6347	scoop	289
6348	craft	289
6349	dolls	289
6350	crook	289
6351	onions	289
6352	crackers	289
6353	intel	289
6354	expedition	289
6355	Lucille	289
6356	Hyde	289
6357	Sophia	289
6358	Merlin	289
6359	entertaining	288
6360	travels	288
6361	inevitable	288
6362	cozy	288
6363	seeking	288
6364	ultimately	288
6365	delight	288
6366	respectable	288
6367	shack	288
6368	orbit	288
6369	Kirby	288
6370	blamed	287
6371	adjust	287
6372	essence	287
6373	preserve	287
6374	farther	287
6375	fireworks	287
6376	suction	287
6377	chauffeur	287
6378	tomb	287
6379	Riley	287
6380	satisfy	286
6381	developing	286
6382	sleeve	286
6383	intent	286
6384	promoted	286
6385	relevant	286
6386	fade	286
6387	quarrel	286
6388	scope	286
6389	oak	286
6390	evacuate	286
6391	doom	286
6392	Republic	286
6393	owl	286
6394	difficulty	285
6395	conversations	285
6396	fitting	285
6397	consult	285
6398	felony	285
6399	projects	285
6400	speeches	285
6401	rubbish	285
6402	Co	285
6403	poop	285
6404	knots	285
6405	presidential	285
6406	homecoming	285
6407	quantum	285
6408	encounter	284
6409	listed	284
6410	taller	284
6411	heartbeat	284
6412	relieve	284
6413	defeated	284
6414	framed	284
6415	programs	284
6416	lust	284
6417	corridor	284
6418	vest	284
6419	shells	284
6420	audio	284
6421	trainer	284
6422	dove	284
6423	Stanford	284
6424	Oz	284
6425	misunderstood	283
6426	transportation	283
6427	vanished	283
6428	issued	283
6429	stressed	283
6430	execute	283
6431	collapse	283
6432	foreman	283
6433	gorilla	283
6434	Dusty	283
6435	Madonna	283
6436	rodeo	283
6437	Mia	283
6438	Vera	283
6439	Phyllis	283
6440	veins	282
6441	loosen	282
6442	punched	282
6443	educated	282
6444	identical	282
6445	concentration	282
6446	submit	282
6447	maiden	282
6448	heavenly	282
6449	Constitution	282
6450	profits	282
6451	grid	282
6452	freeway	282
6453	strawberry	282
6454	Maine	282
6455	burglar	282
6456	ghetto	282
6457	shuttle	282
6458	moose	282
6459	Pinky	282
6460	Blair	282
6461	Cola	282
6462	ruled	281
6463	sane	281
6464	chewing	281
6465	scumbag	281
6466	prey	281
6467	examination	281
6468	tactical	281
6469	lemonade	281
6470	orchestra	281
6471	butterfly	281
6472	assassination	281
6473	bloom	281
6474	Hah	281
6475	Oui	281
6476	Col	281
6477	Sol	281
6478	dozens	280
6479	unlock	280
6480	channels	280
6481	bites	280
6482	grocery	280
6483	possess	280
6484	confirmation	280
6485	sew	280
6486	bark	280
6487	slot	280
6488	weep	280
6489	February	280
6490	whispers	280
6491	artillery	280
6492	Monte	280
6493	Mildred	280
6494	warp	280
6495	hesitate	279
6496	allows	279
6497	hiring	279
6498	sidewalk	279
6499	listens	279
6500	psychology	279
6501	spying	279
6502	statements	279
6503	dismiss	279
6504	ancestors	279
6505	waltz	279
6506	scouts	279
6507	puppet	279
6508	squirrel	279
6509	barber	279
6510	runway	279
6511	importantly	278
6512	defensive	278
6513	slaughter	278
6514	reader	278
6515	bananas	278
6516	Nazis	278
6517	puppies	278
6518	Godfather	278
6519	Joshua	278
6520	Jasmine	278
6521	Archer	278
6522	disappointment	277
6523	indicates	277
6524	anyplace	277
6525	rang	277
6526	Sixty	277
6527	mint	277
6528	chops	277
6529	politicians	277
6530	ambush	277
6531	portrait	277
6532	hee	277
6533	Roland	277
6534	tougher	276
6535	suggestions	276
6536	forcing	276
6537	choosing	276
6538	deserted	276
6539	rescued	276
6540	theories	276
6541	tourists	276
6542	hatred	276
6543	vengeance	276
6544	vow	276
6545	Asian	276
6546	Elders	276
6547	leopard	276
6548	Gregory	276
6549	examined	275
6550	popping	275
6551	failing	275
6552	clumsy	275
6553	extension	275
6554	departure	275
6555	perfection	275
6556	behaviour	275
6557	corners	275
6558	pause	275
6559	digital	275
6560	fag	275
6561	towers	275
6562	Hanna	275
6563	insulting	274
6564	delayed	274
6565	equally	274
6566	hideous	274
6567	employer	274
6568	thankful	274
6569	mock	274
6570	ammo	274
6571	bands	274
6572	bin	274
6573	Negro	274
6574	tango	274
6575	Florence	274
6576	Campbell	274
6577	Dwight	274
6578	mouths	273
6579	ambition	273
6580	requests	273
6581	acquaintance	273
6582	offence	273
6583	finance	273
6584	addict	273
6585	peel	273
6586	ethics	273
6587	sponsor	273
6588	rebel	273
6589	donkey	273
6590	orphanage	273
6591	ferry	273
6592	ant	273
6593	Helm	273
6594	Erica	273
6595	recommended	272
6596	specialty	272
6597	employment	272
6598	peek	272
6599	stray	272
6600	vomit	272
6601	wrecked	272
6602	graveyard	272
6603	crank	272
6604	blouse	272
6605	landlord	272
6606	kneel	272
6607	dancers	272
6608	evolution	272
6609	gangster	272
6610	bees	272
6611	Prophet	272
6612	Warner	272
6613	Holt	272
6614	topic	271
6615	unacceptable	271
6616	corrupt	271
6617	jurisdiction	271
6618	flirting	271
6619	explosive	271
6620	headaches	271
6621	artery	271
6622	choir	271
6623	marijuana	271
6624	Rivers	271
6625	appointed	270
6626	repeating	270
6627	representative	270
6628	diapers	270
6629	dose	270
6630	dealers	270
6631	Asia	270
6632	partnership	270
6633	cottage	270
6634	spice	270
6635	Egypt	270
6636	Nova	270
6637	Iris	270
6638	includes	269
6639	acceptable	269
6640	pains	269
6641	stalking	269
6642	bruises	269
6643	humour	269
6644	madman	269
6645	Einstein	269
6646	gravy	269
6647	historical	269
6648	impulse	269
6649	pearls	269
6650	Sherlock	269
6651	Atlantis	269
6652	rushed	268
6653	sole	268
6654	greet	268
6655	measures	268
6656	produced	268
6657	expectations	268
6658	interviews	268
6659	denial	268
6660	Thirteen	268
6661	lone	268
6662	Sh	268
6663	Brazil	268
6664	kung	268
6665	Trance	268
6666	interrupted	267
6667	reaches	267
6668	disrespect	267
6669	interior	267
6670	advised	267
6671	gutter	267
6672	designer	267
6673	realised	267
6674	text	267
6675	tribute	267
6676	devils	267
6677	marker	267
6678	que	267
6679	Shoo	267
6680	carbon	267
6681	stamps	267
6682	stripper	267
6683	Ct	267
6684	Colt	267
6685	Olivia	267
6686	Chaplin	267
6687	arrogant	266
6688	waving	266
6689	offend	266
6690	globe	266
6691	rains	266
6692	cuffs	266
6693	vibe	266
6694	heir	266
6695	Kentucky	266
6696	gunfire	266
6697	marble	266
6698	goofy	266
6699	precise	265
6700	repay	265
6701	teaches	265
6702	leaf	265
6703	hairs	265
6704	junkie	265
6705	allowance	265
6706	residents	265
6707	boogie	265
6708	dont	265
6709	gained	264
6710	slower	264
6711	shifts	264
6712	specialist	264
6713	fugitive	264
6714	buyer	264
6715	fracture	264
6716	untie	264
6717	Boulevard	264
6718	videotape	264
6719	Abraham	264
6720	bulls	264
6721	Chinatown	264
6722	Ana	264
6723	Armstrong	264
6724	saves	263
6725	caution	263
6726	volunteers	263
6727	handcuffs	263
6728	strap	263
6729	freezer	263
6730	primitive	263
6731	thread	263
6732	virtue	263
6733	hunk	263
6734	mode	263
6735	needles	263
6736	trousers	263
6737	condom	263
6738	rep	263
6739	banquet	263
6740	slippers	263
6741	Golly	263
6742	valet	263
6743	im	263
6744	tumor	263
6745	override	263
6746	Buddha	263
6747	Hup	263
6748	Dante	263
6749	Fay	263
6750	Cassie	263
6751	purposes	262
6752	regardless	262
6753	supposedly	262
6754	fragile	262
6755	panicked	262
6756	irrelevant	262
6757	waist	262
6758	secured	262
6759	smokes	262
6760	instruments	262
6761	hanged	262
6762	goals	262
6763	narcotics	262
6764	sensors	262
6765	sobbing	262
6766	saloon	262
6767	Fanny	262
6768	shields	262
6769	Dom	262
6770	Tammy	262
6771	Marc	262
6772	amazed	261
6773	appreciation	261
6774	detect	261
6775	fails	261
6776	majority	261
6777	juvenile	261
6778	hog	261
6779	backstage	261
6780	whistling	261
6781	drip	261
6782	rifles	261
6783	skeleton	261
6784	francs	261
6785	Peacock	261
6786	secretly	260
6787	motto	260
6788	sip	260
6789	contains	260
6790	unstable	260
6791	battles	260
6792	choking	260
6793	procedures	260
6794	blankets	260
6795	playground	260
6796	assets	260
6797	immortal	260
6798	publish	260
6799	syrup	260
6800	allies	260
6801	transplant	260
6802	Fatty	260
6803	Vietnamese	260
6804	Thorn	260
6805	premises	259
6806	boyfriends	259
6807	overboard	259
6808	fireplace	259
6809	funky	259
6810	altar	259
6811	treason	259
6812	amigo	259
6813	lyrics	259
6814	grunting	259
6815	Jade	259
6816	Hilary	259
6817	unlikely	258
6818	regards	258
6819	underestimate	258
6820	purely	258
6821	dried	258
6822	skipped	258
6823	reserved	258
6824	recommendation	258
6825	blink	258
6826	mechanic	258
6827	ads	258
6828	cafe	258
6829	ribbon	258
6830	vagina	258
6831	Reno	258
6832	jingle	258
6833	Rosa	258
6834	Raines	258
6835	gladly	257
6836	noisy	257
6837	buckle	257
6838	traces	257
6839	hotels	257
6840	stash	257
6841	bluffing	257
6842	utter	257
6843	resign	257
6844	pneumonia	257
6845	payroll	257
6846	hound	257
6847	flick	257
6848	Maxwell	257
6849	Lynch	257
6850	Tara	257
6851	reconsider	256
6852	opinions	256
6853	reflection	256
6854	suggests	256
6855	justify	256
6856	mainly	256
6857	region	256
6858	salvation	256
6859	rational	256
6860	legacy	256
6861	contempt	256
6862	cocoa	256
6863	spelling	256
6864	condoms	256
6865	diplomatic	256
6866	camel	256
6867	Sparks	256
6868	youngest	255
6869	involves	255
6870	climbed	255
6871	freaky	255
6872	frustrated	255
6873	flavor	255
6874	fantasies	255
6875	loneliness	255
6876	stitches	255
6877	paramedics	255
6878	toothbrush	255
6879	supermarket	255
6880	burgers	255
6881	abducted	255
6882	Nemo	255
6883	pissing	254
6884	torch	254
6885	belts	254
6886	conquer	254
6887	speeding	254
6888	stoned	254
6889	static	254
6890	Canadian	254
6891	plasma	254
6892	Herb	254
6893	Sr	254
6894	Lulu	254
6895	ensure	253
6896	crappy	253
6897	jumps	253
6898	smelling	253
6899	flipped	253
6900	desires	253
6901	efficient	253
6902	visible	253
6903	restore	253
6904	slapped	253
6905	patterns	253
6906	economic	253
6907	slug	253
6908	Psst	253
6909	par	253
6910	runner	253
6911	Columbus	253
6912	Touchdown	253
6913	Birdie	253
6914	na	253
6915	lasts	252
6916	accusing	252
6917	update	252
6918	lifestyle	252
6919	shakes	252
6920	sinking	252
6921	recorder	252
6922	mustache	252
6923	rookie	252
6924	sketch	252
6925	quiz	252
6926	chronic	252
6927	Indistinct	252
6928	Seoul	252
6929	hath	252
6930	Rosemary	252
6931	Memphis	252
6932	Shanghai	252
6933	Yang	252
6934	Cordy	252
6935	overwhelming	251
6936	snapped	251
6937	careless	251
6938	lid	251
6939	smiled	251
6940	cheaper	251
6941	suckers	251
6942	tricked	251
6943	cracks	251
6944	qualities	251
6945	compromised	251
6946	maker	251
6947	reckless	251
6948	artistic	251
6949	maps	251
6950	humming	251
6951	coughing	251
6952	licence	251
6953	Roosevelt	251
6954	skating	251
6955	dagger	251
6956	Ethel	251
6957	Walsh	251
6958	Finn	251
6959	Apache	251
6960	allowing	250
6961	tracked	250
6962	concerning	250
6963	biting	250
6964	disposal	250
6965	childish	250
6966	associates	250
6967	adjourned	250
6968	abroad	250
6969	blunt	250
6970	mechanical	250
6971	biology	250
6972	weasel	250
6973	toxic	250
6974	strangled	250
6975	bridges	250
6976	rebels	250
6977	Utah	250
6978	Gale	250
6979	distract	249
6980	opportunities	249
6981	involvement	249
6982	utterly	249
6983	sincerely	249
6984	heap	249
6985	selected	249
6986	dearly	249
6987	sensation	249
6988	stakes	249
6989	numb	249
6990	leadership	249
6991	bushes	249
6992	edition	249
6993	goddamned	249
6994	Ciao	249
6995	atomic	249
6996	Columbia	249
6997	axe	249
6998	Venus	249
6999	cetera	249
7000	consulate	249
7001	Knox	249
7002	Wolfram	249
7003	reduced	248
7004	meaningless	248
7005	verify	248
7006	conclusions	248
7007	loading	248
7008	responding	248
7009	sued	248
7010	separation	248
7011	fuse	248
7012	crop	248
7013	faculty	248
7014	Merci	248
7015	Carlo	248
7016	Brent	248
7017	embarrassment	247
7018	decade	247
7019	imagining	247
7020	screamed	247
7021	suitable	247
7022	resolve	247
7023	essential	247
7024	partial	247
7025	plumbing	247
7026	restless	247
7027	pension	247
7028	Hence	247
7029	awards	247
7030	hunters	247
7031	priests	247
7032	valve	247
7033	jockey	247
7034	lizard	247
7035	regiment	247
7036	Vienna	247
7037	Arc	247
7038	Judith	247
7039	refuses	246
7040	deepest	246
7041	seize	246
7042	translate	246
7043	artificial	246
7044	rental	246
7045	uptown	246
7046	hum	246
7047	racist	246
7048	Beaver	246
7049	noted	245
7050	permanently	245
7051	volunteered	245
7052	mild	245
7053	merchandise	245
7054	convenience	245
7055	fabric	245
7056	greed	245
7057	reply	245
7058	moaning	245
7059	assembly	245
7060	tickle	245
7061	chuckling	245
7062	Frost	245
7063	Digger	245
7064	Dink	245
7065	whining	244
7066	preliminary	244
7067	showers	244
7068	features	244
7069	tipped	244
7070	affects	244
7071	alter	244
7072	fierce	244
7073	grim	244
7074	sadness	244
7075	rag	244
7076	homeland	244
7077	Princeton	244
7078	comrades	244
7079	Rangers	244
7080	pussycat	244
7081	pageant	244
7082	Cheyenne	244
7083	pretended	243
7084	noses	243
7085	longest	243
7086	delivering	243
7087	ambitious	243
7088	thoroughly	243
7089	confuse	243
7090	swept	243
7091	sufficient	243
7092	estimate	243
7093	discount	243
7094	broom	243
7095	grain	243
7096	mates	243
7097	programmed	243
7098	poems	243
7099	banker	243
7100	marketing	243
7101	dim	243
7102	quarterback	243
7103	voodoo	243
7104	vanquish	243
7105	Pooh	243
7106	strongest	242
7107	elaborate	242
7108	accompany	242
7109	elementary	242
7110	relate	242
7111	burial	242
7112	psychiatric	242
7113	specimen	242
7114	moms	242
7115	meds	242
7116	Ay	242
7117	violin	242
7118	Chiefs	242
7119	Collier	242
7120	formed	241
7121	murdering	241
7122	rubbing	241
7123	venture	241
7124	tactics	241
7125	invest	241
7126	spooky	241
7127	Affirmative	241
7128	Gulf	241
7129	sirens	241
7130	onboard	241
7131	softly	241
7132	kitten	241
7133	clap	241
7134	voting	241
7135	homosexual	241
7136	yearbook	241
7137	Fuller	241
7138	Nash	241
7139	thorough	240
7140	sadly	240
7141	expects	240
7142	sought	240
7143	souvenir	240
7144	pumping	240
7145	sewer	240
7146	opponent	240
7147	instructor	240
7148	Yank	240
7149	raft	240
7150	Marina	240
7151	Amelia	240
7152	prettier	239
7153	translation	239
7154	losses	239
7155	commercials	239
7156	Pennsylvania	239
7157	balloons	239
7158	scarf	239
7159	robber	239
7160	adoption	239
7161	spa	239
7162	treaty	239
7163	bunker	239
7164	Batman	239
7165	Cutter	239
7166	Deborah	239
7167	handing	238
7168	instructed	238
7169	demonstrate	238
7170	humiliation	238
7171	comments	238
7172	sights	238
7173	hotter	238
7174	prayed	238
7175	substitute	238
7176	dinners	238
7177	limb	238
7178	inventory	238
7179	movements	238
7180	chatter	238
7181	adopt	238
7182	academic	238
7183	thumbs	238
7184	lens	238
7185	verse	238
7186	traps	238
7187	activate	238
7188	realm	238
7189	Mafia	238
7190	tad	238
7191	bloke	238
7192	Edwards	238
7193	Ernest	238
7194	Frances	238
7195	Lilly	238
7196	Maya	238
7197	interference	237
7198	irresponsible	237
7199	supportive	237
7200	weekly	237
7201	triumph	237
7202	sunk	237
7203	tourist	237
7204	nightclub	237
7205	urban	237
7206	peas	237
7207	flock	237
7208	du	237
7209	Fritz	237
7210	Gideon	237
7211	Blackie	237
7212	snuck	236
7213	starved	236
7214	decency	236
7215	sunlight	236
7216	babysitter	236
7217	solar	236
7218	dimension	236
7219	flank	236
7220	Hamlet	236
7221	quack	236
7222	Lin	236
7223	lightly	235
7224	ungrateful	235
7225	realistic	235
7226	contained	235
7227	invent	235
7228	unload	235
7229	athlete	235
7230	initials	235
7231	sessions	235
7232	curve	235
7233	commence	235
7234	grenade	235
7235	mirrors	235
7236	midget	235
7237	tutor	235
7238	pickle	235
7239	programme	235
7240	notebook	235
7241	Abort	235
7242	supporting	234
7243	crucial	234
7244	bugging	234
7245	heroic	234
7246	equals	234
7247	intellectual	234
7248	phenomenon	234
7249	flights	234
7250	cement	234
7251	schmuck	234
7252	bidding	234
7253	asylum	234
7254	acres	234
7255	gambler	234
7256	coconut	234
7257	curfew	234
7258	salon	234
7259	Bonjour	234
7260	Pike	234
7261	Dudley	234
7262	visits	233
7263	violated	233
7264	talents	233
7265	grasp	233
7266	sheer	233
7267	irony	233
7268	representing	233
7269	recognition	233
7270	feminine	233
7271	fucks	233
7272	rail	233
7273	industrial	233
7274	overseas	233
7275	flee	233
7276	briefing	233
7277	spies	233
7278	sneakers	233
7279	joker	233
7280	Bing	233
7281	Alabama	233
7282	ba	233
7283	Garrison	233
7284	instantly	232
7285	temporarily	232
7286	disappears	232
7287	chopped	232
7288	selection	232
7289	filing	232
7290	facilities	232
7291	flown	232
7292	hating	232
7293	condemned	232
7294	microphone	232
7295	nipples	232
7296	whites	232
7297	drawings	232
7298	intern	232
7299	Britain	232
7300	spear	232
7301	Dragons	232
7302	Bulldog	232
7303	professionals	231
7304	considerable	231
7305	acquainted	231
7306	committing	231
7307	hospitality	231
7308	vague	231
7309	lining	231
7310	pinned	231
7311	packs	231
7312	abused	231
7313	filth	231
7314	doughnuts	231
7315	dryer	231
7316	penthouse	231
7317	cowboys	231
7318	robbers	231
7319	addicted	231
7320	Metro	231
7321	riddle	231
7322	communists	231
7323	Ta	231
7324	fr	231
7325	Rach	231
7326	Jasper	231
7327	improved	230
7328	matching	230
7329	arguments	230
7330	installed	230
7331	boost	230
7332	despise	230
7333	monitoring	230
7334	accounting	230
7335	authentic	230
7336	rehearse	230
7337	farmers	230
7338	protein	230
7339	faking	230
7340	Freud	230
7341	publisher	230
7342	Wisconsin	230
7343	islands	230
7344	expelled	230
7345	Judas	230
7346	porno	230
7347	surfing	230
7348	robots	230
7349	growling	230
7350	proving	229
7351	enthusiasm	229
7352	shops	229
7353	gifted	229
7354	concussion	229
7355	blasted	229
7356	pins	229
7357	plumber	229
7358	Harlem	229
7359	Trek	229
7360	Panama	229
7361	keen	228
7362	strangely	228
7363	dared	228
7364	tapped	228
7365	smartest	228
7366	acquired	228
7367	scratched	228
7368	Whoops	228
7369	altered	228
7370	seeds	228
7371	weddings	228
7372	loaf	228
7373	pm	228
7374	yummy	228
7375	horizon	228
7376	Gracias	228
7377	marathon	228
7378	Duchess	228
7379	Suzanne	228
7380	Balboa	228
7381	Barton	228
7382	Steele	228
7383	divided	227
7384	warmth	227
7385	shaved	227
7386	lookout	227
7387	cleaners	227
7388	grill	227
7389	origin	227
7390	puff	227
7391	classroom	227
7392	cherish	227
7393	guinea	227
7394	survey	227
7395	yoga	227
7396	cult	227
7397	crow	227
7398	spiders	227
7399	Jose	227
7400	quarantine	227
7401	Mills	227
7402	Hicks	227
7403	werewolf	227
7404	Fleming	227
7405	Josie	227
7406	inconvenience	226
7407	sweaty	226
7408	controlling	226
7409	payments	226
7410	grudge	226
7411	peep	226
7412	vile	226
7413	buffet	226
7414	discharged	226
7415	claws	226
7416	swine	226
7417	Les	226
7418	Dj	226
7419	Louisiana	226
7420	barracks	226
7421	trooper	226
7422	Chang	226
7423	cheeks	225
7424	referred	225
7425	slippery	225
7426	promote	225
7427	lowest	225
7428	endure	225
7429	ruins	225
7430	hump	225
7431	rhyme	225
7432	vent	225
7433	courthouse	225
7434	doggy	225
7435	evaluation	225
7436	advisor	225
7437	supernatural	225
7438	jets	225
7439	probe	225
7440	blackout	225
7441	Oklahoma	225
7442	Missouri	225
7443	piggy	225
7444	Greece	225
7445	Allah	225
7446	Marge	225
7447	handles	224
7448	striking	224
7449	participate	224
7450	individuals	224
7451	remark	224
7452	radius	224
7453	fled	224
7454	sacrificed	224
7455	scars	224
7456	classical	224
7457	parallel	224
7458	dandy	224
7459	Mash	224
7460	revolutionary	224
7461	villa	224
7462	squadron	224
7463	jerks	223
7464	contribution	223
7465	steals	223
7466	remained	223
7467	undo	223
7468	ticking	223
7469	strangle	223
7470	seas	223
7471	rapid	223
7472	scrap	223
7473	orderly	223
7474	bosses	223
7475	squash	223
7476	rocking	223
7477	sailors	223
7478	claw	223
7479	Alaska	223
7480	Giants	223
7481	dames	223
7482	elephants	223
7483	Vermont	223
7484	Cain	223
7485	comforting	222
7486	poured	222
7487	permitted	222
7488	requesting	222
7489	traded	222
7490	fainted	222
7491	wrists	222
7492	boards	222
7493	imaginary	222
7494	caller	222
7495	bugger	222
7496	suspension	222
7497	sushi	222
7498	marvellous	222
7499	sniper	222
7500	portal	222
7501	Manning	222
7502	Slater	222
7503	Flint	222
7504	lifting	221
7505	portion	221
7506	experiencing	221
7507	tripped	221
7508	immune	221
7509	poverty	221
7510	ax	221
7511	buzzing	221
7512	survivor	221
7513	rays	221
7514	fisherman	221
7515	gangs	221
7516	pawn	221
7517	tunnels	221
7518	Doe	221
7519	posse	221
7520	comics	221
7521	antidote	221
7522	Wah	221
7523	organize	220
7524	approached	220
7525	traced	220
7526	attempts	220
7527	chilly	220
7528	shutting	220
7529	healed	220
7530	videos	220
7531	oral	220
7532	collector	220
7533	disappearance	220
7534	activated	220
7535	organic	220
7536	tomatoes	220
7537	truce	220
7538	website	220
7539	swords	220
7540	ballroom	220
7541	gasping	220
7542	sanctuary	220
7543	Nixon	220
7544	Sanders	220
7545	doo	220
7546	Hawkins	220
7547	Hastings	220
7548	agrees	219
7549	notified	219
7550	linked	219
7551	juicy	219
7552	achieved	219
7553	reduce	219
7554	ankles	219
7555	contents	219
7556	attorneys	219
7557	tackle	219
7558	dine	219
7559	leash	219
7560	diagnosis	219
7561	drugstore	219
7562	mold	219
7563	container	219
7564	planets	219
7565	coins	219
7566	Barbie	219
7567	millennium	219
7568	superintendent	219
7569	Pastor	219
7570	Min	219
7571	Gunther	219
7572	Alec	219
7573	Bannister	219
7574	upsetting	218
7575	confront	218
7576	introduction	218
7577	blend	218
7578	trim	218
7579	radical	218
7580	gap	218
7581	taped	218
7582	turf	218
7583	paycheck	218
7584	drawers	218
7585	kin	218
7586	diaper	218
7587	iced	218
7588	corruption	218
7589	spinal	218
7590	nuns	218
7591	salads	218
7592	triangle	218
7593	melon	218
7594	Richmond	218
7595	demanding	217
7596	terrifying	217
7597	greatly	217
7598	equipped	217
7599	lure	217
7600	leaning	217
7601	flowing	217
7602	bouncing	217
7603	seminar	217
7604	Olympics	217
7605	Tigers	217
7606	Amsterdam	217
7607	Pablo	217
7608	Jerusalem	217
7609	Cheng	217
7610	betrayal	216
7611	sneaky	216
7612	outfits	216
7613	reject	216
7614	froze	216
7615	temptation	216
7616	forged	216
7617	canvas	216
7618	whistles	216
7619	onion	216
7620	yells	216
7621	accomplice	216
7622	Playboy	216
7623	Dang	216
7624	pasta	216
7625	natives	216
7626	visa	216
7627	immunity	216
7628	stepmother	216
7629	apparent	215
7630	devastated	215
7631	disappearing	215
7632	inherited	215
7633	teasing	215
7634	freely	215
7635	boiling	215
7636	teenagers	215
7637	hacked	215
7638	neutral	215
7639	splash	215
7640	apartments	215
7641	doughnut	215
7642	intercept	215
7643	magnetic	215
7644	shampoo	215
7645	airborne	215
7646	infant	215
7647	kidneys	215
7648	condo	215
7649	flare	215
7650	petition	215
7651	chanting	215
7652	Cuban	215
7653	hull	215
7654	skates	215
7655	Padre	215
7656	Ronald	215
7657	Herbert	215
7658	Hurley	215
7659	Coco	215
7660	shipped	214
7661	shattered	214
7662	headlines	214
7663	morons	214
7664	coolest	214
7665	materials	214
7666	restored	214
7667	daring	214
7668	competitive	214
7669	canned	214
7670	chores	214
7671	grandparents	214
7672	handkerchief	214
7673	gardener	214
7674	ops	214
7675	shouts	214
7676	bomber	214
7677	Rube	214
7678	Coca	214
7679	automatically	213
7680	humiliate	213
7681	extended	213
7682	profound	213
7683	represented	213
7684	exquisite	213
7685	ripe	213
7686	reflect	213
7687	sentenced	213
7688	spontaneous	213
7689	itch	213
7690	greatness	213
7691	tailor	213
7692	dork	213
7693	chimney	213
7694	orgasm	213
7695	Chubby	213
7696	informant	213
7697	Bates	213
7698	claiming	212
7699	batch	212
7700	locking	212
7701	bummer	212
7702	tenth	212
7703	priceless	212
7704	casting	212
7705	weary	212
7706	pairs	212
7707	mailbox	212
7708	hooks	212
7709	Massachusetts	212
7710	gunshots	212
7711	rye	212
7712	groove	212
7713	champions	212
7714	villain	212
7715	ignition	212
7716	skiing	212
7717	brotherhood	212
7718	Martinez	212
7719	Saigon	212
7720	combined	211
7721	stroll	211
7722	devotion	211
7723	postcard	211
7724	ruthless	211
7725	honors	211
7726	smelly	211
7727	punks	211
7728	mop	211
7729	counseling	211
7730	injection	211
7731	chunk	211
7732	Puerto	211
7733	Oregon	211
7734	bandits	211
7735	Bender	211
7736	sonar	211
7737	Castro	211
7738	scrape	210
7739	preferred	210
7740	settling	210
7741	pry	210
7742	establishment	210
7743	fingernails	210
7744	crippled	210
7745	retrieve	210
7746	occupation	210
7747	vanity	210
7748	cocky	210
7749	unlucky	210
7750	relation	210
7751	seasons	210
7752	morale	210
7753	salvage	210
7754	Chattering	210
7755	trumpet	210
7756	Cha	210
7757	Chancellor	210
7758	virtually	209
7759	stunning	209
7760	rates	209
7761	destined	209
7762	qualify	209
7763	employed	209
7764	references	209
7765	languages	209
7766	curb	209
7767	ruling	209
7768	restricted	209
7769	secondary	209
7770	void	209
7771	elderly	209
7772	givin	209
7773	chump	209
7774	beaches	209
7775	comedian	209
7776	teen	209
7777	giggling	209
7778	crate	209
7779	clan	209
7780	Amendment	209
7781	terrorism	209
7782	apes	209
7783	Dixie	209
7784	Gerald	209
7785	Ferris	209
7786	Delilah	209
7787	increased	208
7788	ignoring	208
7789	hitch	208
7790	tighter	208
7791	stocks	208
7792	cocktails	208
7793	keeper	208
7794	alias	208
7795	dialogue	208
7796	medals	208
7797	labs	208
7798	donor	208
7799	blackjack	208
7800	Phantom	208
7801	peaches	208
7802	Cardinal	208
7803	Bubba	208
7804	Angus	208
7805	Hulk	208
7806	rom	208
7807	extent	207
7808	complications	207
7809	discreet	207
7810	category	207
7811	punching	207
7812	insecure	207
7813	steering	207
7814	lively	207
7815	housing	207
7816	cunning	207
7817	whacked	207
7818	nursery	207
7819	exhibition	207
7820	engineers	207
7821	runaway	207
7822	compass	207
7823	rockets	207
7824	panting	207
7825	slavery	207
7826	yum	207
7827	Wright	207
7828	Rev	207
7829	Cora	207
7830	accepting	206
7831	risking	206
7832	impatient	206
7833	preparation	206
7834	worthwhile	206
7835	denying	206
7836	toughest	206
7837	views	206
7838	challenged	206
7839	richest	206
7840	uptight	206
7841	vs	206
7842	judged	206
7843	blessings	206
7844	manly	206
7845	ounce	206
7846	Republican	206
7847	tuition	206
7848	gardens	206
7849	yield	206
7850	generals	206
7851	Geneva	206
7852	kidnapper	206
7853	Jupiter	206
7854	Fink	206
7855	Gen	206
7856	Josephine	206
7857	Norma	206
7858	Gareth	206
7859	knocks	205
7860	providing	205
7861	adding	205
7862	matched	205
7863	sensational	205
7864	token	205
7865	rises	205
7866	legendary	205
7867	objections	205
7868	roar	205
7869	transmitter	205
7870	peasant	205
7871	whisky	205
7872	trout	205
7873	Milton	205
7874	Mar	205
7875	Finch	205
7876	Domino	205
7877	continuing	204
7878	ripping	204
7879	easiest	204
7880	attempting	204
7881	involving	204
7882	overheard	204
7883	halls	204
7884	portable	204
7885	errand	204
7886	northwest	204
7887	independence	204
7888	prank	204
7889	steaks	204
7890	dicks	204
7891	grape	204
7892	Tennessee	204
7893	dunno	204
7894	ratings	204
7895	Olympic	204
7896	jinx	204
7897	pyramid	204
7898	Charleston	204
7899	reef	204
7900	reactor	204
7901	goddam	204
7902	Shelley	204
7903	Signor	204
7904	Thats	204
7905	stumbled	203
7906	introducing	203
7907	predict	203
7908	splitting	203
7909	expertise	203
7910	indicated	203
7911	tempted	203
7912	dumping	203
7913	warming	203
7914	alleged	203
7915	nod	203
7916	liberal	203
7917	billions	203
7918	damages	203
7919	vanilla	203
7920	donate	203
7921	formation	203
7922	Duh	203
7923	dumpster	203
7924	Usa	203
7925	dinosaur	203
7926	Egyptian	203
7927	hoo	203
7928	batter	203
7929	Truman	203
7930	Quincy	203
7931	grabbing	202
7932	spitting	202
7933	crawled	202
7934	excused	202
7935	invested	202
7936	apiece	202
7937	bladder	202
7938	cultural	202
7939	vegetarian	202
7940	cardiac	202
7941	massacre	202
7942	wager	202
7943	aces	202
7944	corny	202
7945	eyewitness	202
7946	wrench	202
7947	mutt	202
7948	ale	202
7949	pancake	202
7950	caves	202
7951	astronaut	202
7952	Beethoven	202
7953	Des	202
7954	dolphins	202
7955	Nana	202
7956	Poppy	202
7957	merger	202
7958	Fowler	202
7959	understandable	201
7960	newest	201
7961	overwhelmed	201
7962	decades	201
7963	melted	201
7964	adds	201
7965	outcome	201
7966	functions	201
7967	disturbance	201
7968	shortcut	201
7969	buses	201
7970	wilderness	201
7971	bled	201
7972	sunglasses	201
7973	buzzer	201
7974	retard	201
7975	grapes	201
7976	fiance	201
7977	rascal	201
7978	semen	201
7979	flatter	200
7980	detailed	200
7981	favorites	200
7982	remarks	200
7983	associated	200
7984	flirt	200
7985	dislike	200
7986	distraction	200
7987	clam	200
7988	righteous	200
7989	bricks	200
7990	bulb	200
7991	forensic	200
7992	litter	200
7993	Swedish	200
7994	erotic	200
7995	royalty	200
7996	bookstore	200
7997	server	200
7998	strawberries	200
7999	Naomi	200
8000	occasional	199
8001	greasy	199
8002	bundle	199
8003	snatch	199
8004	awaits	199
8005	hangover	199
8006	whiz	199
8007	fulfill	199
8008	postpone	199
8009	experimental	199
8010	microwave	199
8011	beliefs	199
8012	marriages	199
8013	ranks	199
8014	fuckers	199
8015	virginity	199
8016	erased	199
8017	hometown	199
8018	wrath	199
8019	hookers	199
8020	packages	199
8021	addiction	199
8022	pea	199
8023	ne	199
8024	savages	199
8025	Minnesota	199
8026	Picasso	199
8027	Turkish	199
8028	Eden	199
8029	Ark	199
8030	Marian	199
8031	behaving	198
8032	attended	198
8033	improvement	198
8034	privately	198
8035	exploded	198
8036	observed	198
8037	grandchildren	198
8038	idiotic	198
8039	hunted	198
8040	barge	198
8041	inspire	198
8042	richer	198
8043	sewing	198
8044	metaphor	198
8045	slips	198
8046	stains	198
8047	filming	198
8048	travelling	198
8049	lists	198
8050	altitude	198
8051	photography	198
8052	cinema	198
8053	wages	198
8054	carrots	198
8055	toaster	198
8056	rudder	198
8057	Lang	198
8058	Khan	198
8059	Ira	198
8060	Reg	198
8061	forgets	197
8062	chooses	197
8063	aspect	197
8064	carved	197
8065	unarmed	197
8066	swift	197
8067	athletic	197
8068	sabotage	197
8069	missus	197
8070	trials	197
8071	policemen	197
8072	pumps	197
8073	summon	197
8074	bombed	197
8075	candidates	197
8076	hazard	197
8077	Caribbean	197
8078	dye	197
8079	thrust	197
8080	beacon	197
8081	asthma	197
8082	inmates	197
8083	rooster	197
8084	Grove	197
8085	Whoop	197
8086	Federation	197
8087	Santos	197
8088	Scrooge	197
8089	noticing	196
8090	creates	196
8091	sacrifices	196
8092	diseases	196
8093	pitiful	196
8094	thighs	196
8095	conditioning	196
8096	getaway	196
8097	freight	196
8098	testified	196
8099	vase	196
8100	boxer	196
8101	Swat	196
8102	Ministry	196
8103	Fez	196
8104	Fei	196
8105	flattering	195
8106	risked	195
8107	payback	195
8108	draws	195
8109	courses	195
8110	kindergarten	195
8111	errands	195
8112	joints	195
8113	licked	195
8114	surgeons	195
8115	tunes	195
8116	harvest	195
8117	caviar	195
8118	operational	195
8119	tonic	195
8120	neighbours	195
8121	Alas	195
8122	fury	195
8123	carrot	195
8124	journalism	195
8125	neighbour	195
8126	Mercury	195
8127	Hare	195
8128	Beck	195
8129	Neal	195
8130	Wheeler	195
8131	Dolores	195
8132	Bryan	195
8133	Johnnie	195
8134	successfully	194
8135	challenging	194
8136	contribute	194
8137	switching	194
8138	rigged	194
8139	unlocked	194
8140	enters	194
8141	addressed	194
8142	simpler	194
8143	slit	194
8144	sympathetic	194
8145	thanked	194
8146	unreasonable	194
8147	Yuck	194
8148	incompetent	194
8149	stalling	194
8150	Italian	194
8151	rainy	194
8152	crusade	194
8153	tripping	194
8154	cripple	194
8155	publishing	194
8156	mating	194
8157	sirs	194
8158	Treasury	194
8159	Matrix	194
8160	Lionel	194
8161	Ai	194
8162	occasions	193
8163	feeds	193
8164	sounding	193
8165	aiming	193
8166	shoved	193
8167	gaining	193
8168	Incidentally	193
8169	scenery	193
8170	daytime	193
8171	processing	193
8172	asset	193
8173	rival	193
8174	autumn	193
8175	buns	193
8176	orphans	193
8177	moustache	193
8178	intercourse	193
8179	groovy	193
8180	oysters	193
8181	Berkeley	193
8182	Cam	193
8183	elf	193
8184	Schultz	193
8185	surrounding	192
8186	reminder	192
8187	powerless	192
8188	awaiting	192
8189	cooks	192
8190	arresting	192
8191	percentage	192
8192	conservative	192
8193	alongside	192
8194	corpses	192
8195	forensics	192
8196	competing	192
8197	launched	192
8198	shan	192
8199	camps	192
8200	cartoon	192
8201	pitching	192
8202	clicks	192
8203	critic	192
8204	Mcdonald	192
8205	pact	192
8206	Dalton	192
8207	Carolyn	192
8208	Sully	192
8209	ee	192
8210	poking	191
8211	agony	191
8212	insensitive	191
8213	hides	191
8214	veteran	191
8215	thigh	191
8216	amusement	191
8217	macho	191
8218	musicians	191
8219	resignation	191
8220	commands	191
8221	sliding	191
8222	Airlines	191
8223	non	191
8224	Biscuit	191
8225	paddle	191
8226	Langley	191
8227	bandit	191
8228	catcher	191
8229	serum	191
8230	arse	191
8231	Newton	191
8232	Jap	191
8233	Lambert	191
8234	straightened	190
8235	grabs	190
8236	scattered	190
8237	lent	190
8238	grind	190
8239	purchased	190
8240	cheerful	190
8241	gigantic	190
8242	menace	190
8243	thirst	190
8244	beasts	190
8245	fasten	190
8246	obtain	190
8247	mechanism	190
8248	freed	190
8249	paralyzed	190
8250	stockings	190
8251	bums	190
8252	seizure	190
8253	critics	190
8254	dictionary	190
8255	showtime	190
8256	parks	190
8257	pub	190
8258	rogue	190
8259	tractor	190
8260	cathedral	190
8261	swimmer	190
8262	Bumpy	190
8263	Eagles	190
8264	Donovan	190
8265	conducting	189
8266	trusts	189
8267	extensive	189
8268	info	189
8269	overreacting	189
8270	scratching	189
8271	stunned	189
8272	palms	189
8273	rapidly	189
8274	tidy	189
8275	notorious	189
8276	guarding	189
8277	hostess	189
8278	morality	189
8279	layer	189
8280	blinded	189
8281	crosses	189
8282	jackpot	189
8283	boundaries	189
8284	lace	189
8285	judgement	189
8286	homo	189
8287	practise	189
8288	amnesia	189
8289	brunch	189
8290	premiere	189
8291	stalker	189
8292	Ahoy	189
8293	premonition	189
8294	Havana	189
8295	monastery	189
8296	mink	189
8297	Jamaica	189
8298	Edith	189
8299	Sayid	189
8300	ust	189
8301	devices	188
8302	knot	188
8303	tattoos	188
8304	hormones	188
8305	bitten	188
8306	mashed	188
8307	scalp	188
8308	prop	188
8309	bikini	188
8310	recruit	188
8311	op	188
8312	manifest	188
8313	footprints	188
8314	docks	188
8315	groaning	188
8316	arch	188
8317	spaceship	188
8318	di	188
8319	pickles	188
8320	observer	188
8321	Hardy	188
8322	pilgrim	188
8323	Patsy	188
8324	Laurel	188
8325	Archbishop	188
8326	Tanner	188
8327	Tyr	188
8328	comparison	187
8329	refreshing	187
8330	admired	187
8331	discretion	187
8332	machinery	187
8333	cynical	187
8334	overhead	187
8335	limp	187
8336	unidentified	187
8337	drugged	187
8338	consultant	187
8339	antibiotics	187
8340	gallons	187
8341	continent	187
8342	drummer	187
8343	pi	187
8344	plaintiff	187
8345	Esther	187
8346	Emmy	187
8347	Lucia	187
8348	succeeded	186
8349	consolation	186
8350	supported	186
8351	breeding	186
8352	exits	186
8353	unemployed	186
8354	betcha	186
8355	sailed	186
8356	intervention	186
8357	currency	186
8358	backpack	186
8359	redhead	186
8360	scholar	186
8361	intruder	186
8362	loft	186
8363	Heave	186
8364	Patricia	186
8365	Rufus	186
8366	surviving	185
8367	insists	185
8368	circulation	185
8369	historic	185
8370	swap	185
8371	wretched	185
8372	locals	185
8373	logs	185
8374	stuffy	185
8375	fiddle	185
8376	fudge	185
8377	broker	185
8378	arena	185
8379	abduction	185
8380	coyote	185
8381	modeling	185
8382	Fluffy	185
8383	destroyer	185
8384	Gestapo	185
8385	warlock	185
8386	Garfield	185
8387	Cheung	185
8388	Dix	185
8389	Dory	185
8390	leaking	184
8391	relaxing	184
8392	ignorance	184
8393	warmer	184
8394	stated	184
8395	applying	184
8396	liars	184
8397	assaulted	184
8398	authorization	184
8399	adventures	184
8400	shines	184
8401	pupils	184
8402	napkin	184
8403	vitals	184
8404	cosmic	184
8405	killings	184
8406	broads	184
8407	blossom	184
8408	chute	184
8409	reform	184
8410	mini	184
8411	Dakota	184
8412	zombie	184
8413	Casanova	184
8414	gator	184
8415	Allan	184
8416	Hutch	184
8417	consul	184
8418	Eddy	184
8419	Commodore	184
8420	milord	184
8421	pointless	183
8422	stripped	183
8423	numerous	183
8424	interviewed	183
8425	aged	183
8426	apologized	183
8427	bottoms	183
8428	bulletin	183
8429	loads	183
8430	chalk	183
8431	vein	183
8432	psychologist	183
8433	bowel	183
8434	howling	183
8435	sites	183
8436	referee	183
8437	lasagna	183
8438	mutant	183
8439	Tex	183
8440	Vernon	183
8441	Wen	183
8442	pegged	182
8443	starters	182
8444	Likewise	182
8445	doubled	182
8446	substantial	182
8447	tuned	182
8448	haunt	182
8449	dresser	182
8450	celebrities	182
8451	finishes	182
8452	legends	182
8453	bases	182
8454	cinch	182
8455	slob	182
8456	printing	182
8457	nutty	182
8458	decoy	182
8459	stinky	182
8460	bypass	182
8461	burglary	182
8462	Toledo	182
8463	canoe	182
8464	Nat	182
8465	Romano	182
8466	Bowman	182
8467	neglected	181
8468	paths	181
8469	amounts	181
8470	indication	181
8471	admission	181
8472	shaped	181
8473	await	181
8474	Whereas	181
8475	inherit	181
8476	shitting	181
8477	throats	181
8478	lump	181
8479	rehearsing	181
8480	sniff	181
8481	tags	181
8482	vitamins	181
8483	loot	181
8484	pots	181
8485	symphony	181
8486	saints	181
8487	bumper	181
8488	roommates	181
8489	goody	181
8490	underworld	181
8491	mist	181
8492	zoom	181
8493	veal	181
8494	Democratic	181
8495	Portland	181
8496	convoy	181
8497	Ensign	181
8498	select	180
8499	via	180
8500	alternate	180
8501	glowing	180
8502	resemblance	180
8503	climate	180
8504	masterpiece	180
8505	reschedule	180
8506	countryside	180
8507	assignments	180
8508	perception	180
8509	swings	180
8510	housewife	180
8511	hash	180
8512	fling	180
8513	dent	180
8514	countdown	180
8515	wink	180
8516	declaration	180
8517	beads	180
8518	aft	180
8519	Christians	180
8520	peck	180
8521	Brownie	180
8522	Julio	180
8523	meteor	180
8524	Davenport	180
8525	Isabel	180
8526	complained	179
8527	brag	179
8528	crowds	179
8529	builds	179
8530	stool	179
8531	locations	179
8532	disregard	179
8533	obnoxious	179
8534	hotshot	179
8535	eccentric	179
8536	unfinished	179
8537	foam	179
8538	hasty	179
8539	donation	179
8540	scram	179
8541	heartless	179
8542	crunch	179
8543	revoir	179
8544	bakery	179
8545	pigeons	179
8546	ledge	179
8547	Mozart	179
8548	Mystique	179
8549	Gamma	179
8550	Marsh	179
8551	Rochelle	179
8552	Helena	179
8553	Celeste	179
8554	Yan	179
8555	expand	178
8556	fascinated	178
8557	achievement	178
8558	weighs	178
8559	significance	178
8560	layout	178
8561	prospect	178
8562	screws	178
8563	spelled	178
8564	infinite	178
8565	mat	178
8566	merciful	178
8567	brunette	178
8568	inquiry	178
8569	pep	178
8570	sap	178
8571	Supposing	178
8572	por	178
8573	sung	178
8574	equation	178
8575	recess	178
8576	alligator	178
8577	mentor	178
8578	yonder	178
8579	armies	178
8580	polo	178
8581	muffins	178
8582	thug	178
8583	Berry	178
8584	mitzvah	178
8585	elves	178
8586	heavyweight	178
8587	Mace	178
8588	Peters	178
8589	Sox	178
8590	Tally	178
8591	genie	178
8592	Corky	178
8593	suffers	177
8594	premature	177
8595	manipulate	177
8596	secrecy	177
8597	techniques	177
8598	commerce	177
8599	detected	177
8600	privileges	177
8601	bumps	177
8602	womb	177
8603	tummy	177
8604	babes	177
8605	baking	177
8606	faked	177
8607	disabled	177
8608	laptop	177
8609	cc	177
8610	analyst	177
8611	Bermuda	177
8612	miners	177
8613	Cobb	177
8614	mixing	176
8615	wandered	176
8616	soak	176
8617	meaningful	176
8618	amateurs	176
8619	receipts	176
8620	repairs	176
8621	pies	176
8622	seduce	176
8623	Ph	176
8624	wrestle	176
8625	knuckles	176
8626	karma	176
8627	obscene	176
8628	tux	176
8629	lava	176
8630	schoolteacher	176
8631	Singapore	176
8632	Omaha	176
8633	Dong	176
8634	cadet	176
8635	Timothy	176
8636	Richardson	176
8637	Bucky	176
8638	disappointing	175
8639	unpredictable	175
8640	glance	175
8641	midst	175
8642	difficulties	175
8643	considerate	175
8644	resolved	175
8645	proudly	175
8646	choked	175
8647	breakthrough	175
8648	annoyed	175
8649	jeopardy	175
8650	partly	175
8651	mourning	175
8652	superstitious	175
8653	licking	175
8654	flags	175
8655	exercises	175
8656	intuition	175
8657	pharmacy	175
8658	southwest	175
8659	Indian	175
8660	jackets	175
8661	titties	175
8662	Chevy	175
8663	saline	175
8664	lords	175
8665	Beta	175
8666	superstar	175
8667	keg	175
8668	Mustang	175
8669	Lam	175
8670	triad	175
8671	Taiwan	175
8672	precaution	174
8673	sniffing	174
8674	pending	174
8675	deceive	174
8676	kisser	174
8677	solitary	174
8678	believer	174
8679	sundown	174
8680	pennies	174
8681	epidemic	174
8682	enlisted	174
8683	directing	174
8684	negotiations	174
8685	cockroach	174
8686	plum	174
8687	Nam	174
8688	abdominal	174
8689	manor	174
8690	thesis	174
8691	bygones	174
8692	Arab	174
8693	Arabic	174
8694	fin	174
8695	Chung	174
8696	dum	174
8697	Poe	174
8698	optimistic	173
8699	appointments	173
8700	dedication	173
8701	merit	173
8702	pleases	173
8703	incapable	173
8704	managing	173
8705	snacks	173
8706	charms	173
8707	collateral	173
8708	spank	173
8709	females	173
8710	savior	173
8711	sigh	173
8712	roam	173
8713	screening	173
8714	lettuce	173
8715	jacks	173
8716	terrace	173
8717	flyer	173
8718	barrier	173
8719	thugs	173
8720	arrows	173
8721	opener	173
8722	hangar	173
8723	Buenos	173
8724	Sparky	173
8725	Avalanche	173
8726	Partridge	173
8727	Holden	173
8728	regularly	172
8729	dripping	172
8730	Inc	172
8731	privileged	172
8732	rebuild	172
8733	doorstep	172
8734	rattle	172
8735	fortress	172
8736	resurrection	172
8737	Overruled	172
8738	frogs	172
8739	strippers	172
8740	reindeer	172
8741	Ivy	172
8742	Nay	172
8743	Beatrice	172
8744	Muhammad	172
8745	Rhodes	172
8746	Abner	172
8747	glimpse	171
8748	cautious	171
8749	torturing	171
8750	employ	171
8751	generosity	171
8752	potentially	171
8753	toll	171
8754	cranky	171
8755	specially	171
8756	chatting	171
8757	possessions	171
8758	approaches	171
8759	undoubtedly	171
8760	bind	171
8761	crummy	171
8762	chained	171
8763	tit	171
8764	shithead	171
8765	abdomen	171
8766	wallpaper	171
8767	helicopters	171
8768	readers	171
8769	homey	171
8770	restraining	171
8771	fraternity	171
8772	jab	171
8773	Goldie	171
8774	Cyrus	171
8775	sweeping	170
8776	practiced	170
8777	assumption	170
8778	occurs	170
8779	righty	170
8780	thrilling	170
8781	toilets	170
8782	initiate	170
8783	branches	170
8784	comeback	170
8785	contagious	170
8786	notch	170
8787	poisonous	170
8788	blacks	170
8789	invitations	170
8790	riches	170
8791	volcano	170
8792	giggles	170
8793	knockout	170
8794	superhero	170
8795	convent	170
8796	Rover	170
8797	karaoke	170
8798	plantation	170
8799	summit	170
8800	Norm	170
8801	Cobra	170
8802	inclined	169
8803	strangest	169
8804	shaken	169
8805	stored	169
8806	spared	169
8807	eligible	169
8808	Nineteen	169
8809	smashing	169
8810	spicy	169
8811	boiled	169
8812	oatmeal	169
8813	Id	169
8814	doggie	169
8815	flea	169
8816	Oy	169
8817	prototype	169
8818	Pow	169
8819	evacuation	169
8820	shalt	169
8821	Rosy	169
8822	Falcon	169
8823	Ambrose	169
8824	mornings	168
8825	encouraged	168
8826	credits	168
8827	misunderstand	168
8828	sentences	168
8829	digest	168
8830	melting	168
8831	eyebrows	168
8832	bandages	168
8833	sync	168
8834	adrenaline	168
8835	rejection	168
8836	lime	168
8837	download	168
8838	martinis	168
8839	coaching	168
8840	nerd	168
8841	courier	168
8842	Continental	168
8843	demo	168
8844	Ping	168
8845	Toots	168
8846	Yin	168
8847	frequently	167
8848	guarded	167
8849	immature	167
8850	stationed	167
8851	refusing	167
8852	seldom	167
8853	deciding	167
8854	vulgar	167
8855	cutest	167
8856	verge	167
8857	slaughtered	167
8858	presenting	167
8859	educational	167
8860	fluids	167
8861	politician	167
8862	probable	167
8863	southeast	167
8864	statistics	167
8865	windshield	167
8866	intimacy	167
8867	luncheon	167
8868	biscuits	167
8869	goodwill	167
8870	frontier	167
8871	pint	167
8872	bash	167
8873	sweetness	167
8874	cashier	167
8875	crews	167
8876	environmental	167
8877	laps	167
8878	fundamental	167
8879	gallant	167
8880	telegraph	167
8881	cupcake	167
8882	parrot	167
8883	Thai	167
8884	sleigh	167
8885	Scarlet	167
8886	Talbot	167
8887	slammed	166
8888	smallest	166
8889	relatively	166
8890	expressed	166
8891	rotting	166
8892	cope	166
8893	operated	166
8894	suspicions	166
8895	fractured	166
8896	essentially	166
8897	cruelty	166
8898	eliminated	166
8899	blades	166
8900	priorities	166
8901	hypocrite	166
8902	credentials	166
8903	lotion	166
8904	gals	166
8905	operative	166
8906	convertible	166
8907	detector	166
8908	crust	166
8909	institute	166
8910	ashtray	166
8911	labour	166
8912	choppers	166
8913	reel	166
8914	skunk	166
8915	diabetes	166
8916	Forge	166
8917	macaroni	166
8918	Hawaiian	166
8919	armored	166
8920	Reagan	166
8921	Mayo	166
8922	Cove	166
8923	Whitney	166
8924	Santiago	166
8925	Ezra	166
8926	Dooley	166
8927	encouraging	165
8928	removing	165
8929	analyze	165
8930	unpack	165
8931	mysteries	165
8932	motives	165
8933	posing	165
8934	raging	165
8935	swollen	165
8936	cowards	165
8937	membership	165
8938	bruise	165
8939	typing	165
8940	stuffing	165
8941	skipping	165
8942	battlefield	165
8943	nip	165
8944	slate	165
8945	Nobel	165
8946	irresistible	165
8947	pitcher	165
8948	investors	165
8949	Rouge	165
8950	wagons	165
8951	maple	165
8952	Lordship	165
8953	warhead	165
8954	Elle	165
8955	Garth	165
8956	remotely	164
8957	valid	164
8958	doorway	164
8959	connecting	164
8960	cultures	164
8961	necks	164
8962	greeting	164
8963	nuisance	164
8964	strapped	164
8965	angles	164
8966	agencies	164
8967	overall	164
8968	designs	164
8969	northeast	164
8970	funerals	164
8971	tapping	164
8972	producers	164
8973	warrants	164
8974	bouquet	164
8975	braces	164
8976	elevators	164
8977	wacky	164
8978	reset	164
8979	sails	164
8980	barks	164
8981	batting	164
8982	airplanes	164
8983	wedded	164
8984	ratio	164
8985	pup	164
8986	Cincinnati	164
8987	cockpit	164
8988	Sassy	164
8989	Isaac	164
8990	sultan	164
8991	briefly	163
8992	whichever	163
8993	conducted	163
8994	flashing	163
8995	colorful	163
8996	witty	163
8997	stupidity	163
8998	context	163
8999	injustice	163
9000	credibility	163
9001	vanish	163
9002	Correction	163
9003	prejudice	163
9004	tropical	163
9005	assemble	163
9006	anatomy	163
9007	foreigners	163
9008	broadcasting	163
9009	cheeseburger	163
9010	province	163
9011	radioactive	163
9012	fingerprint	163
9013	satellites	163
9014	brigade	163
9015	hen	163
9016	lever	163
9017	stallion	163
9018	tu	163
9019	Buffy	163
9020	Jimbo	163
9021	Sofia	163
9022	Bobbie	163
9023	Myrtle	163
9024	Fern	163
9025	pursuing	162
9026	surprisingly	162
9027	sentiment	162
9028	appealing	162
9029	increasing	162
9030	condolences	162
9031	escaping	162
9032	addresses	162
9033	conceived	162
9034	properties	162
9035	renting	162
9036	ruler	162
9037	drifting	162
9038	weeping	162
9039	brute	162
9040	weirdo	162
9041	filter	162
9042	doorman	162
9043	learnt	162
9044	ecstasy	162
9045	parachute	162
9046	architecture	162
9047	inheritance	162
9048	funding	162
9049	Hoover	162
9050	transit	162
9051	Maryland	162
9052	casket	162
9053	rapist	162
9054	crabs	162
9055	Su	162
9056	cruiser	162
9057	majors	162
9058	Leery	162
9059	Kiki	162
9060	Abbey	162
9061	Telly	162
9062	Benedict	162
9063	Damon	162
9064	sardines	162
9065	Ren	162
9066	courageous	161
9067	acceptance	161
9068	investigated	161
9069	raving	161
9070	evolved	161
9071	swelling	161
9072	wool	161
9073	worldwide	161
9074	crisp	161
9075	dickhead	161
9076	rags	161
9077	pillows	161
9078	baths	161
9079	pads	161
9080	colours	161
9081	scalpel	161
9082	captains	161
9083	mining	161
9084	reinforcements	161
9085	cologne	161
9086	flour	161
9087	snitch	161
9088	insect	161
9089	punches	161
9090	stewardess	161
9091	typewriter	161
9092	funk	161
9093	quid	161
9094	mermaid	161
9095	Fatso	161
9096	Irene	161
9097	Carver	161
9098	Ares	161
9099	banged	160
9100	roughly	160
9101	outrage	160
9102	dispose	160
9103	dispute	160
9104	deception	160
9105	touchy	160
9106	squat	160
9107	consequence	160
9108	contractor	160
9109	novels	160
9110	bliss	160
9111	unemployment	160
9112	pupil	160
9113	programming	160
9114	toothpaste	160
9115	duct	160
9116	pits	160
9117	singers	160
9118	heist	160
9119	tar	160
9120	frat	160
9121	gospel	160
9122	bombers	160
9123	kidnappers	160
9124	ban	160
9125	samurai	160
9126	Hera	160
9127	mem	160
9128	appreciates	159
9129	soaked	159
9130	pumped	159
9131	wage	159
9132	impressions	159
9133	disconnected	159
9134	transition	159
9135	reign	159
9136	convert	159
9137	wimp	159
9138	proposing	159
9139	backward	159
9140	allegiance	159
9141	sporting	159
9142	slimy	159
9143	Adios	159
9144	bosom	159
9145	girlie	159
9146	regional	159
9147	glamour	159
9148	paw	159
9149	racial	159
9150	propaganda	159
9151	phoney	159
9152	sculpture	159
9153	debris	159
9154	coaster	159
9155	Viva	159
9156	Raven	159
9157	Heil	159
9158	Holiness	159
9159	Darcy	159
9160	tucked	158
9161	tying	158
9162	founded	158
9163	defy	158
9164	jumpy	158
9165	pleasures	158
9166	consumed	158
9167	liability	158
9168	carve	158
9169	motivated	158
9170	nauseous	158
9171	diversion	158
9172	isolation	158
9173	loner	158
9174	assessment	158
9175	breaths	158
9176	depths	158
9177	babbling	158
9178	mocking	158
9179	adjustment	158
9180	applications	158
9181	attendant	158
9182	governments	158
9183	patron	158
9184	sexuality	158
9185	closure	158
9186	taco	158
9187	tuxedo	158
9188	forfeit	158
9189	insects	158
9190	berries	158
9191	tavern	158
9192	Hartford	158
9193	riders	158
9194	reaper	158
9195	Lefty	158
9196	Dane	158
9197	Ching	158
9198	mattered	157
9199	careers	157
9200	tongues	157
9201	admitting	157
9202	circling	157
9203	sleeves	157
9204	distribution	157
9205	policies	157
9206	alarms	157
9207	muffled	157
9208	trench	157
9209	athletes	157
9210	cellphone	157
9211	dwarf	157
9212	Goddammit	157
9213	twinkle	157
9214	counterfeit	157
9215	wand	157
9216	Niagara	157
9217	lighthouse	157
9218	Burton	157
9219	comet	157
9220	Shin	157
9221	Lama	157
9222	Squire	157
9223	Bertha	157
9224	Toa	157
9225	settles	156
9226	slowing	156
9227	interfering	156
9228	proceeding	156
9229	snooping	156
9230	appearances	156
9231	excess	156
9232	surround	156
9233	invade	156
9234	pros	156
9235	inferior	156
9236	fiber	156
9237	dots	156
9238	wailing	156
9239	honoured	156
9240	twilight	156
9241	roaring	156
9242	kilometers	156
9243	oyster	156
9244	mathematics	156
9245	chum	156
9246	bagel	156
9247	Foxy	156
9248	Vin	156
9249	hardcore	156
9250	Byron	156
9251	Tahiti	156
9252	Hub	156
9253	Tristan	156
9254	Lew	156
9255	distinct	155
9256	recovering	155
9257	preposterous	155
9258	negotiating	155
9259	criticism	155
9260	handshake	155
9261	businesses	155
9262	trespassing	155
9263	conventional	155
9264	crude	155
9265	flaw	155
9266	madly	155
9267	marries	155
9268	deceived	155
9269	bonding	155
9270	slides	155
9271	dreamer	155
9272	needy	155
9273	churches	155
9274	philosopher	155
9275	opposition	155
9276	infrared	155
9277	conductor	155
9278	peasants	155
9279	craps	155
9280	honking	155
9281	tenant	155
9282	bacteria	155
9283	goldfish	155
9284	robberies	155
9285	firearms	155
9286	casinos	155
9287	marbles	155
9288	Solomon	155
9289	brig	155
9290	Stein	155
9291	Greta	155
9292	Pluto	155
9293	tempting	154
9294	reminding	154
9295	thanking	154
9296	accounted	154
9297	assembled	154
9298	severely	154
9299	belongings	154
9300	Asap	154
9301	upright	154
9302	desperation	154
9303	predictable	154
9304	posters	154
9305	birthdays	154
9306	severed	154
9307	monitors	154
9308	foods	154
9309	sizes	154
9310	unite	154
9311	certainty	154
9312	remorse	154
9313	traveler	154
9314	avenge	154
9315	baloney	154
9316	temp	154
9317	germs	154
9318	invincible	154
9319	vessels	154
9320	coughs	154
9321	smuggling	154
9322	explosions	154
9323	parish	154
9324	particles	154
9325	mainland	154
9326	Frenchman	154
9327	fiancee	154
9328	demonic	154
9329	sketches	154
9330	Mamma	154
9331	Rodriguez	154
9332	Turk	154
9333	Abigail	154
9334	Mara	154
9335	Hooper	154
9336	Armadillo	154
9337	vicinity	153
9338	interviewing	153
9339	encountered	153
9340	flushed	153
9341	accidental	153
9342	stranded	153
9343	recite	153
9344	weighed	153
9345	accusations	153
9346	satisfactory	153
9347	subs	153
9348	snatched	153
9349	faded	153
9350	mellow	153
9351	crooks	153
9352	housekeeping	153
9353	Disneyland	153
9354	muddy	153
9355	boob	153
9356	Beatles	153
9357	beeps	153
9358	deposition	153
9359	cloak	153
9360	Hebrew	153
9361	arson	153
9362	turtles	153
9363	der	153
9364	chimp	153
9365	Cosmos	153
9366	Preferably	152
9367	hopeful	152
9368	suited	152
9369	insults	152
9370	bedrooms	152
9371	fewer	152
9372	frustration	152
9373	monthly	152
9374	Secondly	152
9375	pronounced	152
9376	behaved	152
9377	input	152
9378	scoot	152
9379	fearless	152
9380	resisting	152
9381	decline	152
9382	kinky	152
9383	banking	152
9384	cavity	152
9385	props	152
9386	relay	152
9387	snowing	152
9388	defender	152
9389	drapes	152
9390	wiggle	152
9391	scoundrel	152
9392	cinnamon	152
9393	cube	152
9394	Romans	152
9395	rake	152
9396	internship	152
9397	herring	152
9398	Maestro	152
9399	Chino	152
9400	Marianne	152
9401	Constance	152
9402	shaky	151
9403	alarmed	151
9404	digs	151
9405	confined	151
9406	elite	151
9407	imported	151
9408	skirts	151
9409	glamorous	151
9410	bounced	151
9411	fists	151
9412	admirer	151
9413	rhymes	151
9414	summoned	151
9415	standby	151
9416	motivation	151
9417	reviews	151
9418	caps	151
9419	vocal	151
9420	personalities	151
9421	arise	151
9422	calf	151
9423	charter	151
9424	cuckoo	151
9425	veil	151
9426	medieval	151
9427	receiver	151
9428	shrine	151
9429	stables	151
9430	Thailand	151
9431	stepfather	151
9432	hustler	151
9433	mojo	151
9434	torpedoes	151
9435	Tai	151
9436	Prof	151
9437	marrow	151
9438	Viola	151
9439	Krishna	151
9440	enjoys	150
9441	rewarded	150
9442	lays	150
9443	doubted	150
9444	distinction	150
9445	snappy	150
9446	acute	150
9447	shred	150
9448	extract	150
9449	brighter	150
9450	politically	150
9451	transaction	150
9452	slope	150
9453	pierced	150
9454	caffeine	150
9455	precision	150
9456	resolution	150
9457	warfare	150
9458	gents	150
9459	scanner	150
9460	sneeze	150
9461	foreigner	150
9462	underpants	150
9463	virgins	150
9464	shuffle	150
9465	depot	150
9466	Junction	150
9467	jewellery	150
9468	telescope	150
9469	infirmary	150
9470	fellowship	150
9471	Meow	150
9472	te	150
9473	recital	150
9474	Wagner	150
9475	Pappy	150
9476	Vulcan	150
9477	Biff	150
9478	Jekyll	150
9479	exceptional	149
9480	accustomed	149
9481	damp	149
9482	eyeballs	149
9483	vintage	149
9484	stale	149
9485	clinical	149
9486	flipping	149
9487	irrational	149
9488	platter	149
9489	punishing	149
9490	morals	149
9491	popularity	149
9492	verbal	149
9493	vomiting	149
9494	linen	149
9495	catalog	149
9496	ribbons	149
9497	chocolates	149
9498	cone	149
9499	breakup	149
9500	rotation	149
9501	rumour	149
9502	sorta	149
9503	fireman	149
9504	protector	149
9505	Yahoo	149
9506	canary	149
9507	puss	149
9508	recon	149
9509	latrine	149
9510	outlaw	149
9511	Aloha	149
9512	Costa	149
9513	Trinity	149
9514	sled	149
9515	Marjorie	149
9516	Barker	149
9517	Spence	149
9518	Clem	149
9519	learns	148
9520	superficial	148
9521	spotlight	148
9522	overdue	148
9523	abnormal	148
9524	underway	148
9525	doubles	148
9526	sensitivity	148
9527	socially	148
9528	overlook	148
9529	suicidal	148
9530	advances	148
9531	funniest	148
9532	memorize	148
9533	folded	148
9534	covert	148
9535	roles	148
9536	noodle	148
9537	cabbage	148
9538	grad	148
9539	Doggone	148
9540	donuts	148
9541	Amazon	148
9542	cactus	148
9543	mare	148
9544	Motors	148
9545	Nasa	148
9546	Turbo	148
9547	Wellington	148
9548	Beckett	148
9549	jeopardize	147
9550	indulge	147
9551	placing	147
9552	borrowing	147
9553	stages	147
9554	implying	147
9555	superb	147
9556	accessory	147
9557	necessity	147
9558	cutie	147
9559	isolate	147
9560	intercepted	147
9561	wrapping	147
9562	bravery	147
9563	genes	147
9564	malfunction	147
9565	terminated	147
9566	snoring	147
9567	Wh	147
9568	bun	147
9569	imbecile	147
9570	mailman	147
9571	pager	147
9572	thine	147
9573	missions	147
9574	ramp	147
9575	Allied	147
9576	Greeks	147
9577	librarian	147
9578	Lassie	147
9579	Peru	147
9580	penguin	147
9581	puck	147
9582	Empress	147
9583	Witter	147
9584	Cho	147
9585	Jonah	147
9586	yi	147
9587	Fabian	147
9588	mentioning	146
9589	homemade	146
9590	Furthermore	146
9591	tighten	146
9592	wits	146
9593	exceptions	146
9594	sarcasm	146
9595	penetrate	146
9596	releasing	146
9597	bandage	146
9598	consulting	146
9599	manhood	146
9600	seeks	146
9601	hugging	146
9602	proceedings	146
9603	withdrawal	146
9604	sophomore	146
9605	cork	146
9606	pest	146
9607	fumes	146
9608	thingy	146
9609	signatures	146
9610	merchant	146
9611	prostitutes	146
9612	cappuccino	146
9613	mil	146
9614	transmit	146
9615	cheerleaders	146
9616	deuce	146
9617	Indians	146
9618	neon	146
9619	Austria	146
9620	Stokes	146
9621	Gaby	146
9622	Che	146
9623	Tibet	146
9624	geisha	146
9625	Deacon	146
9626	Casper	146
9627	Chucky	146
9628	Cutler	146
9629	impose	145
9630	sensed	145
9631	pronto	145
9632	deliberate	145
9633	fulfilled	145
9634	edges	145
9635	observing	145
9636	shades	145
9637	pencils	145
9638	longing	145
9639	cellular	145
9640	exams	145
9641	farms	145
9642	cradle	145
9643	clocks	145
9644	poodle	145
9645	mushrooms	145
9646	lowa	145
9647	bikes	145
9648	Eisenhower	145
9649	caddy	145
9650	Baton	145
9651	Moss	145
9652	Nightingale	145
9653	Poland	145
9654	Sicily	145
9655	starship	145
9656	Twain	145
9657	Goodman	145
9658	Dragonfly	145
9659	Ko	145
9660	bailed	144
9661	decorated	144
9662	measured	144
9663	arrogance	144
9664	protects	144
9665	darkest	144
9666	cartoons	144
9667	advantages	144
9668	fees	144
9669	penitentiary	144
9670	blanks	144
9671	zipper	144
9672	nosy	144
9673	prosecute	144
9674	lingerie	144
9675	jumbo	144
9676	paragraph	144
9677	barrels	144
9678	mystical	144
9679	rattling	144
9680	snaps	144
9681	limousine	144
9682	nipple	144
9683	rocked	144
9684	cricket	144
9685	boiler	144
9686	lineup	144
9687	infantry	144
9688	demolition	144
9689	tox	144
9690	Winters	144
9691	Newark	144
9692	beeper	144
9693	brownies	144
9694	Cambridge	144
9695	weenie	144
9696	Malik	144
9697	constable	144
9698	Bowie	144
9699	slayer	144
9700	drone	144
9701	Marquis	144
9702	eclipse	144
9703	Bobo	144
9704	slipstream	144
9705	Conn	144
9706	repeated	143
9707	predicted	143
9708	starring	143
9709	accusation	143
9710	bankrupt	143
9711	borders	143
9712	superiors	143
9713	gender	143
9714	kettle	143
9715	stat	143
9716	fruits	143
9717	insight	143
9718	unlimited	143
9719	prizes	143
9720	clicking	143
9721	maneuver	143
9722	viewers	143
9723	workshop	143
9724	fiend	143
9725	aggression	143
9726	cramp	143
9727	auditions	143
9728	fishy	143
9729	bronze	143
9730	clause	143
9731	poets	143
9732	mush	143
9733	prairie	143
9734	quadrant	143
9735	cockroaches	143
9736	bollocks	143
9737	comm	143
9738	growls	143
9739	Churchill	143
9740	Oi	143
9741	Stiles	143
9742	Davy	143
9743	Toto	143
9744	enthusiastic	142
9745	determination	142
9746	flows	142
9747	dwell	142
9748	focusing	142
9749	refill	142
9750	resigned	142
9751	cruising	142
9752	flooded	142
9753	frying	142
9754	Ninety	142
9755	producing	142
9756	functioning	142
9757	psychopath	142
9758	estimated	142
9759	paged	142
9760	buckets	142
9761	respiratory	142
9762	rebound	142
9763	singles	142
9764	delusional	142
9765	sticker	142
9766	dairy	142
9767	mugged	142
9768	rehearsals	142
9769	velocity	142
9770	creator	142
9771	permits	142
9772	Vista	142
9773	ponies	142
9774	bong	142
9775	stealth	142
9776	Atm	142
9777	creaking	142
9778	vineyard	142
9779	Leonardo	142
9780	Kat	142
9781	admiring	141
9782	demanded	141
9783	workout	141
9784	links	141
9785	stashed	141
9786	idle	141
9787	disgust	141
9788	threshold	141
9789	insert	141
9790	suspend	141
9791	readings	141
9792	fright	141
9793	vertical	141
9794	posts	141
9795	wacko	141
9796	refund	141
9797	maids	141
9798	slime	141
9799	enchanted	141
9800	idol	141
9801	loans	141
9802	gangsters	141
9803	revolver	141
9804	Monopoly	141
9805	turd	141
9806	hoops	141
9807	herbs	141
9808	columns	141
9809	implants	141
9810	aquarium	141
9811	crows	141
9812	squid	141
9813	dolphin	141
9814	Viking	141
9815	Morse	141
9816	Minnie	141
9817	Woof	141
9818	Gertrude	141
9819	Lancelot	141
9820	Paine	141
9821	soaking	140
9822	forming	140
9823	rests	140
9824	frequent	140
9825	sideways	140
9826	newly	140
9827	notices	140
9828	invaded	140
9829	partying	140
9830	repaired	140
9831	diagnosed	140
9832	initiative	140
9833	darker	140
9834	arrests	140
9835	Caucasian	140
9836	terminate	140
9837	licensed	140
9838	photographed	140
9839	conquered	140
9840	creeping	140
9841	crotch	140
9842	rewrite	140
9843	unnatural	140
9844	shelves	140
9845	revelation	140
9846	spook	140
9847	slumber	140
9848	residue	140
9849	feedback	140
9850	offender	140
9851	manslaughter	140
9852	squirt	140
9853	liters	140
9854	magnet	140
9855	atom	140
9856	followers	140
9857	witchcraft	140
9858	tug	140
9859	steward	140
9860	cheerleading	140
9861	psyche	140
9862	saucer	140
9863	orb	140
9864	handler	140
9865	Vatican	140
9866	Christie	140
9867	defendants	140
9868	Serena	140
9869	Griff	140
9870	inspiring	139
9871	financially	139
9872	proportion	139
9873	sanity	139
9874	smoothly	139
9875	apologizing	139
9876	devastating	139
9877	tossing	139
9878	pushes	139
9879	crushing	139
9880	efficiency	139
9881	functional	139
9882	recruited	139
9883	torment	139
9884	exploring	139
9885	ethical	139
9886	hostility	139
9887	leverage	139
9888	imitation	139
9889	starter	139
9890	allergies	139
9891	hippie	139
9892	grieving	139
9893	caliber	139
9894	Eta	139
9895	tame	139
9896	grub	139
9897	liaison	139
9898	Sinatra	139
9899	handicap	139
9900	heater	139
9901	paints	139
9902	rumble	139
9903	electronics	139
9904	seals	139
9905	sermon	139
9906	Valium	139
9907	scooter	139
9908	Goliath	139
9909	Hawks	139
9910	Mal	139
9911	commentator	139
9912	Tam	139
9913	Mina	139
9914	Tod	139
9915	Quill	139
9916	tendency	138
9917	celebrated	138
9918	responded	138
9919	confronted	138
9920	compelled	138
9921	clearer	138
9922	peeled	138
9923	bogus	138
9924	misplaced	138
9925	abide	138
9926	argued	138
9927	assign	138
9928	rubbed	138
9929	bathrooms	138
9930	rained	138
9931	traumatic	138
9932	casualty	138
9933	departed	138
9934	grin	138
9935	certified	138
9936	typically	138
9937	cardboard	138
9938	pinched	138
9939	babysitting	138
9940	install	138
9941	presidents	138
9942	masses	138
9943	delusion	138
9944	decorations	138
9945	anal	138
9946	circuits	138
9947	clams	138
9948	earring	138
9949	squares	138
9950	furnace	138
9951	catering	138
9952	unity	138
9953	Hola	138
9954	lesbians	138
9955	Scottish	138
9956	whirring	138
9957	Manchester	138
9958	troll	138
9959	Harding	138
9960	Gibbons	138
9961	Pauline	138
9962	provides	137
9963	aspects	137
9964	persuaded	137
9965	stretched	137
9966	banned	137
9967	heating	137
9968	imply	137
9969	poetic	137
9970	reversed	137
9971	dumps	137
9972	intimidated	137
9973	lesser	137
9974	findings	137
9975	spaces	137
9976	investigators	137
9977	dignified	137
9978	mingle	137
9979	appeals	137
9980	impulsive	137
9981	opposing	137
9982	beams	137
9983	psyched	137
9984	collision	137
9985	sinners	137
9986	hoop	137
9987	kosher	137
9988	antiques	137
9989	casa	137
9990	olives	137
9991	sidekick	137
9992	manuscript	137
9993	inmate	137
9994	junkyard	137
9995	Hungarian	137
9996	navigator	137
9997	Ness	137
9998	tofu	137
9999	Ng	137
10000	Grail	137
10001	Burgundy	137
10002	Dora	137
10003	Bongo	137
10004	Dirk	137
10005	Fester	137
10006	Camelot	137
10007	firmly	136
10008	realizing	136
10009	trembling	136
10010	sustain	136
10011	donated	136
10012	flexible	136
10013	harassing	136
10014	neurotic	136
10015	misfortune	136
10016	blush	136
10017	paranoia	136
10018	legit	136
10019	sly	136
10020	matrimony	136
10021	convey	136
10022	apron	136
10023	skins	136
10024	weights	136
10025	handicapped	136
10026	vitamin	136
10027	overdose	136
10028	squeal	136
10029	pornography	136
10030	stomp	136
10031	dinosaurs	136
10032	contestant	136
10033	styles	136
10034	hydrogen	136
10035	monks	136
10036	Fe	136
10037	lass	136
10038	tyres	136
10039	Cairo	136
10040	scorpion	136
10041	bleep	136
10042	module	136
10043	Neptune	136
10044	Messiah	136
10045	Zorro	136
10046	Curt	136
10047	Milly	136
10048	revealing	135
10049	tends	135
10050	Sundays	135
10051	acquire	135
10052	insides	135
10053	vacant	135
10054	overrated	135
10055	attendance	135
10056	icy	135
10057	pisses	135
10058	incidents	135
10059	flashes	135
10060	deploy	135
10061	flap	135
10062	delirious	135
10063	fragments	135
10064	hiking	135
10065	fore	135
10066	fractures	135
10067	shush	135
10068	saliva	135
10069	polar	135
10070	cognac	135
10071	goats	135
10072	wireless	135
10073	protocols	135
10074	Providence	135
10075	booster	135
10076	etc	135
10077	Sears	135
10078	diesel	135
10079	tights	135
10080	epi	135
10081	Hemingway	135
10082	roach	135
10083	Soprano	135
10084	Clive	135
10085	Maru	135
10086	Lila	135
10087	Toro	135
10088	anticipated	134
10089	prefers	134
10090	avoided	134
10091	realizes	134
10092	regain	134
10093	corrected	134
10094	equivalent	134
10095	trashed	134
10096	insignificant	134
10097	classmates	134
10098	males	134
10099	pictured	134
10100	shortage	134
10101	peoples	134
10102	summers	134
10103	peed	134
10104	produces	134
10105	tacky	134
10106	parenting	134
10107	stocking	134
10108	rumours	134
10109	plaster	134
10110	switches	134
10111	windy	134
10112	subconscious	134
10113	predator	134
10114	adapt	134
10115	awe	134
10116	blueprints	134
10117	contestants	134
10118	excellence	134
10119	Grande	134
10120	molecular	134
10121	harp	134
10122	Ritz	134
10123	jug	134
10124	Theodore	134
10125	orchids	134
10126	fairies	134
10127	Paddy	134
10128	handbag	134
10129	Argentina	134
10130	Elmer	134
10131	racer	134
10132	Kelvin	134
10133	Maverick	134
10134	Baroness	134
10135	admirable	133
10136	confirms	133
10137	fills	133
10138	poorly	133
10139	disguised	133
10140	stirring	133
10141	welcoming	133
10142	hoot	133
10143	reviewed	133
10144	amuse	133
10145	dilemma	133
10146	sarcastic	133
10147	bottled	133
10148	immoral	133
10149	cheesy	133
10150	harness	133
10151	hassle	133
10152	patio	133
10153	coup	133
10154	sweeter	133
10155	mend	133
10156	reborn	133
10157	rituals	133
10158	spades	133
10159	Oriental	133
10160	ingredient	133
10161	jaws	133
10162	crops	133
10163	bridal	133
10164	satin	133
10165	fleas	133
10166	patriot	133
10167	virtual	133
10168	appendix	133
10169	Pr	133
10170	Madrid	133
10171	screenplay	133
10172	Po	133
10173	fusion	133
10174	Sparrow	133
10175	Grover	133
10176	Grinch	133
10177	Sykes	133
10178	persistent	132
10179	wiser	132
10180	obscure	132
10181	morbid	132
10182	shoving	132
10183	converted	132
10184	designated	132
10185	heated	132
10186	shuts	132
10187	finer	132
10188	replacing	132
10189	perish	132
10190	dishonest	132
10191	evenings	132
10192	headline	132
10193	mounted	132
10194	domain	132
10195	adequate	132
10196	exploding	132
10197	martyr	132
10198	tours	132
10199	obstacle	132
10200	limbs	132
10201	lug	132
10202	descent	132
10203	mineral	132
10204	tattooed	132
10205	technician	132
10206	nearer	132
10207	strategic	132
10208	debut	132
10209	gram	132
10210	grenades	132
10211	dunk	132
10212	holdup	132
10213	reap	132
10214	sobs	132
10215	waffles	132
10216	alimony	132
10217	dyke	132
10218	Oxford	132
10219	Gps	132
10220	meatball	132
10221	Honolulu	132
10222	Herald	132
10223	counsellor	132
10224	molecules	132
10225	Sweden	132
10226	crater	132
10227	Ginny	132
10228	Lex	132
10229	Axel	132
10230	Marguerite	132
10231	freshen	131
10232	sprung	131
10233	earning	131
10234	senseless	131
10235	escapes	131
10236	spectacle	131
10237	extortion	131
10238	absent	131
10239	loudly	131
10240	napkins	131
10241	obligated	131
10242	upstate	131
10243	aging	131
10244	dungeon	131
10245	restraint	131
10246	jogging	131
10247	treasures	131
10248	tenants	131
10249	spleen	131
10250	chaps	131
10251	teller	131
10252	blueberry	131
10253	pepperoni	131
10254	ulcer	131
10255	disc	131
10256	gaming	131
10257	ninja	131
10258	cubicle	131
10259	echoing	131
10260	Emerald	131
10261	milady	131
10262	Paso	131
10263	Commandant	131
10264	Pip	131
10265	Panther	131
10266	juror	131
10267	Tiki	131
10268	Attila	131
10269	Abu	131
10270	Beaumont	131
10271	Cortez	131
10272	Matilda	131
10273	Mullen	131
10274	minding	130
10275	intriguing	130
10276	distracting	130
10277	affecting	130
10278	uncovered	130
10279	ups	130
10280	prominent	130
10281	Nada	130
10282	tangled	130
10283	dangers	130
10284	coordinate	130
10285	sedative	130
10286	everlasting	130
10287	inspect	130
10288	interpretation	130
10289	offspring	130
10290	bulletproof	130
10291	flaming	130
10292	rebellion	130
10293	tolerance	130
10294	lunches	130
10295	crumbs	130
10296	bugged	130
10297	decks	130
10298	literary	130
10299	contaminated	130
10300	Disney	130
10301	divisions	130
10302	screeching	130
10303	Zen	130
10304	spinach	130
10305	steroids	130
10306	Dynasty	130
10307	sausages	130
10308	fender	130
10309	bookie	130
10310	examiner	130
10311	taps	130
10312	maze	130
10313	pineapple	130
10314	tornado	130
10315	capsule	130
10316	Steed	130
10317	Tate	130
10318	Corpsman	130
10319	Saxon	130
10320	Pongo	130
10321	nonetheless	129
10322	safest	129
10323	satisfying	129
10324	anticipate	129
10325	destroys	129
10326	expressing	129
10327	unbearable	129
10328	intrude	129
10329	lacking	129
10330	vaguely	129
10331	mourn	129
10332	irregular	129
10333	tempt	129
10334	conceal	129
10335	beauties	129
10336	hooking	129
10337	seized	129
10338	Eighty	129
10339	Voila	129
10340	containing	129
10341	qualifications	129
10342	heritage	129
10343	pens	129
10344	diploma	129
10345	gaze	129
10346	microscope	129
10347	leisure	129
10348	aerial	129
10349	tenderness	129
10350	colon	129
10351	rave	129
10352	sway	129
10353	booby	129
10354	archives	129
10355	rumbling	129
10356	chateau	129
10357	Viper	129
10358	ref	129
10359	Creed	129
10360	Reich	129
10361	Clint	129
10362	Freeman	129
10363	mambo	129
10364	Roxy	129
10365	Mu	129
10366	Fitch	129
10367	underestimated	128
10368	drastic	128
10369	annoy	128
10370	bathe	128
10371	funnier	128
10372	dumbest	128
10373	reluctant	128
10374	expired	128
10375	obligations	128
10376	stressful	128
10377	agitated	128
10378	peeping	128
10379	graduating	128
10380	processed	128
10381	foreplay	128
10382	lectures	128
10383	teeny	128
10384	theatrical	128
10385	amused	128
10386	endangered	128
10387	extinct	128
10388	cling	128
10389	fortunes	128
10390	dread	128
10391	felon	128
10392	miniature	128
10393	synthetic	128
10394	trunks	128
10395	newborn	128
10396	payday	128
10397	copied	128
10398	packet	128
10399	Titanic	128
10400	brew	128
10401	executives	128
10402	symbols	128
10403	immigration	128
10404	lovebirds	128
10405	screwdriver	128
10406	puffs	128
10407	sovereign	128
10408	Robbins	128
10409	Cupid	128
10410	inning	128
10411	postman	128
10412	Marx	128
10413	zebra	128
10414	clone	128
10415	carriers	128
10416	shaman	128
10417	Penelope	128
10418	Casablanca	128
10419	Mort	128
10420	Wick	128
10421	Gage	128
10422	Avalon	128
10423	Stifler	128
10424	battling	127
10425	refresh	127
10426	applies	127
10427	drooling	127
10428	anticipation	127
10429	paws	127
10430	conclude	127
10431	unreal	127
10432	ache	127
10433	imperative	127
10434	colder	127
10435	sordid	127
10436	whiff	127
10437	wider	127
10438	forgiving	127
10439	provoke	127
10440	brink	127
10441	elevated	127
10442	leftovers	127
10443	representation	127
10444	translated	127
10445	improvise	127
10446	precautions	127
10447	sections	127
10448	announcing	127
10449	intrusion	127
10450	salty	127
10451	knack	127
10452	precedent	127
10453	rust	127
10454	intensity	127
10455	cupboard	127
10456	buff	127
10457	landscape	127
10458	mute	127
10459	snoop	127
10460	alphabet	127
10461	gurney	127
10462	whimpering	127
10463	Spears	127
10464	slogan	127
10465	clutch	127
10466	villagers	127
10467	poll	127
10468	timber	127
10469	buggy	127
10470	premier	127
10471	composer	127
10472	harbour	127
10473	Albuquerque	127
10474	jurors	127
10475	Bogey	127
10476	Ripper	127
10477	Cedar	127
10478	Becker	127
10479	Cesar	127
10480	Rog	127
10481	Clare	127
10482	Toddy	127
10483	tor	127
10484	chewed	126
10485	regulation	126
10486	convictions	126
10487	supervision	126
10488	triggered	126
10489	luckiest	126
10490	attach	126
10491	frustrating	126
10492	occupy	126
10493	strokes	126
10494	awarded	126
10495	explodes	126
10496	mandatory	126
10497	detained	126
10498	justified	126
10499	mixture	126
10500	vouch	126
10501	downhill	126
10502	measuring	126
10503	external	126
10504	insured	126
10505	indoors	126
10506	catastrophe	126
10507	bozo	126
10508	ideals	126
10509	businessmen	126
10510	sinner	126
10511	economics	126
10512	studios	126
10513	apocalypse	126
10514	assassinated	126
10515	encore	126
10516	extraction	126
10517	gem	126
10518	defect	126
10519	beggar	126
10520	indictment	126
10521	Cher	126
10522	hairdresser	126
10523	suture	126
10524	grapefruit	126
10525	lumber	126
10526	parasite	126
10527	patent	126
10528	roulette	126
10529	sodium	126
10530	mutiny	126
10531	Legion	126
10532	Valiant	126
10533	imperial	126
10534	watchman	126
10535	sphere	126
10536	Davies	126
10537	unicorn	126
10538	ot	126
10539	Siam	126
10540	exploit	125
10541	preparations	125
10542	profitable	125
10543	stoop	125
10544	elbows	125
10545	rendered	125
10546	startled	125
10547	undone	125
10548	peeking	125
10549	restroom	125
10550	steep	125
10551	adored	125
10552	horribly	125
10553	lunchtime	125
10554	interpret	125
10555	unimportant	125
10556	testicles	125
10557	combo	125
10558	fading	125
10559	fascist	125
10560	knob	125
10561	refuge	125
10562	awaken	125
10563	illusions	125
10564	masculine	125
10565	horrid	125
10566	rim	125
10567	bred	125
10568	enhance	125
10569	presidency	125
10570	takeoff	125
10571	hypothetical	125
10572	wed	125
10573	assassins	125
10574	finale	125
10575	oranges	125
10576	maternity	125
10577	crystals	125
10578	stump	125
10579	penicillin	125
10580	zap	125
10581	bridesmaid	125
10582	ultrasound	125
10583	runt	125
10584	Tucson	125
10585	caretaker	125
10586	hind	125
10587	Aurora	125
10588	Burrows	125
10589	Bartlett	125
10590	Sims	125
10591	Cassandra	125
10592	Dowd	125
10593	differ	124
10594	calmly	124
10595	compensate	124
10596	manufacture	124
10597	swearing	124
10598	wildest	124
10599	generate	124
10600	excessive	124
10601	competent	124
10602	dedicate	124
10603	puzzles	124
10604	composition	124
10605	chipped	124
10606	orientation	124
10607	undress	124
10608	assistants	124
10609	cages	124
10610	Abc	124
10611	centers	124
10612	icebox	124
10613	honourable	124
10614	scatter	124
10615	skulls	124
10616	workplace	124
10617	homeboy	124
10618	bodyguards	124
10619	curry	124
10620	Portuguese	124
10621	polka	124
10622	Zurich	124
10623	gadget	124
10624	ora	124
10625	Gong	124
10626	tyre	124
10627	diver	124
10628	Ss	124
10629	Ole	124
10630	Sandman	124
10631	Dell	124
10632	Quagmire	124
10633	Lacey	124
10634	Katrina	124
10635	Ludwig	124
10636	Kingston	124
10637	Gant	124
10638	Boomer	124
10639	professionally	123
10640	brushed	123
10641	formerly	123
10642	uphold	123
10643	stirred	123
10644	weirdest	123
10645	obtained	123
10646	productive	123
10647	scratches	123
10648	stared	123
10649	loony	123
10650	undressed	123
10651	harmed	123
10652	inject	123
10653	platinum	123
10654	imminent	123
10655	swam	123
10656	homesick	123
10657	performer	123
10658	dares	123
10659	gloomy	123
10660	jog	123
10661	gardening	123
10662	latte	123
10663	scramble	123
10664	florist	123
10665	mechanics	123
10666	villages	123
10667	squealing	123
10668	hoax	123
10669	elections	123
10670	repent	123
10671	lair	123
10672	Ml	123
10673	Wa	123
10674	Toronto	123
10675	Browning	123
10676	Kwan	123
10677	Brock	123
10678	costing	122
10679	smug	122
10680	cleans	122
10681	violate	122
10682	destructive	122
10683	supplied	122
10684	nagging	122
10685	sweets	122
10686	bending	122
10687	furry	122
10688	reflexes	122
10689	monstrous	122
10690	obstruction	122
10691	humility	122
10692	seniors	122
10693	collective	122
10694	pompous	122
10695	decaf	122
10696	slash	122
10697	sinned	122
10698	tart	122
10699	grammar	122
10700	prostitution	122
10701	diarrhea	122
10702	launching	122
10703	revenue	122
10704	Yanks	122
10705	honk	122
10706	preach	122
10707	antenna	122
10708	Cosmo	122
10709	Capitol	122
10710	Edison	122
10711	nomination	122
10712	Wichita	122
10713	Taffy	122
10714	Asher	122
10715	communicating	121
10716	ordeal	121
10717	retain	121
10718	uncertain	121
10719	countless	121
10720	adjusting	121
10721	skilled	121
10722	stupidest	121
10723	willingly	121
10724	downright	121
10725	quits	121
10726	weaker	121
10727	hopping	121
10728	balanced	121
10729	exterior	121
10730	lifts	121
10731	pushy	121
10732	riots	121
10733	treatments	121
10734	viable	121
10735	condemn	121
10736	purity	121
10737	outsider	121
10738	vermin	121
10739	buyers	121
10740	incision	121
10741	mugs	121
10742	barefoot	121
10743	flyers	121
10744	franchise	121
10745	swab	121
10746	weeds	121
10747	bien	121
10748	filmed	121
10749	fishes	121
10750	omelet	121
10751	bankruptcy	121
10752	Buddhist	121
10753	detonator	121
10754	Mediterranean	121
10755	Oof	121
10756	nuke	121
10757	Nebraska	121
10758	usher	121
10759	Muslim	121
10760	Frosty	121
10761	Jaguar	121
10762	limbo	121
10763	gypsies	121
10764	squeak	121
10765	loo	121
10766	Coral	121
10767	gorillas	121
10768	Ti	121
10769	Buttercup	121
10770	Kenya	121
10771	Jacqueline	121
10772	unaware	120
10773	curl	120
10774	transferring	120
10775	calculated	120
10776	lasting	120
10777	truthfully	120
10778	stimulating	120
10779	unfaithful	120
10780	obstacles	120
10781	retiring	120
10782	rinse	120
10783	testament	120
10784	patriotic	120
10785	suburbs	120
10786	titles	120
10787	fences	120
10788	grumpy	120
10789	hottie	120
10790	investments	120
10791	shady	120
10792	compatible	120
10793	frigging	120
10794	squared	120
10795	douche	120
10796	putz	120
10797	passports	120
10798	epic	120
10799	checkbook	120
10800	inhale	120
10801	photographers	120
10802	mortals	120
10803	ballistics	120
10804	markers	120
10805	sweatshirt	120
10806	meth	120
10807	goons	120
10808	moons	120
10809	masked	120
10810	duel	120
10811	senators	120
10812	glide	120
10813	Morocco	120
10814	mules	120
10815	ere	120
10816	Gunner	120
10817	Rand	120
10818	Hurrah	120
10819	Baba	120
10820	Babylon	120
10821	gobble	120
10822	Jeremiah	120
10823	Peabody	120
10824	Pinocchio	120
10825	Avenger	120
10826	Hotch	120
10827	Barnaby	120
10828	improving	119
10829	appearing	119
10830	troubling	119
10831	indefinitely	119
10832	rightful	119
10833	bursting	119
10834	vocabulary	119
10835	mumbling	119
10836	burying	119
10837	bummed	119
10838	drafted	119
10839	beverage	119
10840	odor	119
10841	preference	119
10842	calculations	119
10843	factories	119
10844	simultaneously	119
10845	wedge	119
10846	whim	119
10847	graphic	119
10848	scanning	119
10849	hallucinations	119
10850	chic	119
10851	throttle	119
10852	layers	119
10853	albums	119
10854	companions	119
10855	woe	119
10856	pas	119
10857	corral	119
10858	deputies	119
10859	Englishman	119
10860	organisation	119
10861	boner	119
10862	scripts	119
10863	undead	119
10864	meatloaf	119
10865	nominated	119
10866	Reds	119
10867	venom	119
10868	tov	119
10869	Vogue	119
10870	Darwin	119
10871	cobbler	119
10872	semi	119
10873	Ufo	119
10874	cant	119
10875	Macbeth	119
10876	Morrow	119
10877	Christy	119
10878	Della	119
10879	Mammy	119
10880	Chug	119
10881	Lina	119
10882	Hy	119
10883	utmost	118
10884	bragging	118
10885	craziest	118
10886	describing	118
10887	speculation	118
10888	earliest	118
10889	reasonably	118
10890	ditched	118
10891	graceful	118
10892	remedy	118
10893	scraping	118
10894	squeezed	118
10895	swears	118
10896	nightfall	118
10897	decorate	118
10898	wiring	118
10899	cowardly	118
10900	phenomenal	118
10901	injected	118
10902	surrendered	118
10903	soy	118
10904	pluck	118
10905	souvenirs	118
10906	retail	118
10907	unauthorized	118
10908	comply	118
10909	dibs	118
10910	flop	118
10911	siege	118
10912	pools	118
10913	sweethearts	118
10914	liberation	118
10915	ounces	118
10916	Pd	118
10917	Baptist	118
10918	Milwaukee	118
10919	bleach	118
10920	airfield	118
10921	ballerina	118
10922	Gl	118
10923	regime	118
10924	hooters	118
10925	cheesecake	118
10926	kangaroo	118
10927	Spade	118
10928	Hampshire	118
10929	amulet	118
10930	Jed	118
10931	Barb	118
10932	scrolls	118
10933	Carole	118
10934	questionable	117
10935	cornered	117
10936	heavier	117
10937	entertained	117
10938	backseat	117
10939	peacefully	117
10940	conceive	117
10941	wraps	117
10942	sling	117
10943	hallowed	117
10944	peeing	117
10945	swung	117
10946	monument	117
10947	negotiation	117
10948	geography	117
10949	phrases	117
10950	reactions	117
10951	suburban	117
10952	duplicate	117
10953	dimensions	117
10954	robes	117
10955	forgave	117
10956	recruiting	117
10957	schizophrenic	117
10958	breaker	117
10959	hamburgers	117
10960	Mexicans	117
10961	trophies	117
10962	drilling	117
10963	fetish	117
10964	Awol	117
10965	congregation	117
10966	jumper	117
10967	inventor	117
10968	mow	117
10969	kite	117
10970	granddaddy	117
10971	mortar	117
10972	Csi	117
10973	Athens	117
10974	doth	117
10975	stockholders	117
10976	sera	117
10977	Bombay	117
10978	Mercer	117
10979	Cheetah	117
10980	jester	117
10981	Lilith	117
10982	Judah	117
10983	repeatedly	116
10984	Needless	116
10985	slowed	116
10986	effectively	116
10987	concealed	116
10988	drunks	116
10989	schedules	116
10990	itchy	116
10991	parting	116
10992	pleading	116
10993	reflex	116
10994	hors	116
10995	colleges	116
10996	captive	116
10997	horseshit	116
10998	jerking	116
10999	intersection	116
11000	ownership	116
11001	practices	116
11002	tread	116
11003	crispy	116
11004	gallon	116
11005	jukebox	116
11006	unborn	116
11007	weighing	116
11008	edgy	116
11009	frantic	116
11010	hysteria	116
11011	booking	116
11012	flair	116
11013	jerky	116
11014	smoker	116
11015	chant	116
11016	geeks	116
11017	chaplain	116
11018	yogurt	116
11019	lenses	116
11020	midgets	116
11021	meadow	116
11022	moth	116
11023	broccoli	116
11024	Gangway	116
11025	Cleopatra	116
11026	goon	116
11027	Prague	116
11028	scroll	116
11029	Paramount	116
11030	Cornell	116
11031	Qu	116
11032	Tong	116
11033	Vega	116
11034	Lars	116
11035	Kemp	116
11036	Barlow	116
11037	Berger	116
11038	spreads	115
11039	comfy	115
11040	desired	115
11041	memorable	115
11042	staged	115
11043	deranged	115
11044	itching	115
11045	glued	115
11046	shouted	115
11047	dashing	115
11048	presently	115
11049	withdrawn	115
11050	lengths	115
11051	stabbing	115
11052	thinner	115
11053	soothing	115
11054	affectionate	115
11055	correspondence	115
11056	offshore	115
11057	vultures	115
11058	awareness	115
11059	bounds	115
11060	moody	115
11061	nickels	115
11062	Theoretically	115
11063	actresses	115
11064	terrain	115
11065	traitors	115
11066	butterflies	115
11067	mayonnaise	115
11068	aluminum	115
11069	Trump	115
11070	darlings	115
11071	knitting	115
11072	managers	115
11073	sensor	115
11074	translator	115
11075	crocodile	115
11076	meatballs	115
11077	perjury	115
11078	softball	115
11079	simulation	115
11080	Oakland	115
11081	zombies	115
11082	Mc	115
11083	Zealand	115
11084	militia	115
11085	Mormon	115
11086	cabaret	115
11087	spacecraft	115
11088	Achilles	115
11089	sanitarium	115
11090	Dunne	115
11091	Nietzschean	115
11092	wonderfully	114
11093	clarify	114
11094	concludes	114
11095	suspense	114
11096	violating	114
11097	dependent	114
11098	infamous	114
11099	prospects	114
11100	biblical	114
11101	maintained	114
11102	basics	114
11103	defended	114
11104	plunge	114
11105	strung	114
11106	messes	114
11107	slams	114
11108	prescribed	114
11109	tens	114
11110	stem	114
11111	console	114
11112	grilled	114
11113	waiters	114
11114	probability	114
11115	pussies	114
11116	targeting	114
11117	utility	114
11118	pizzas	114
11119	pretzels	114
11120	tremble	114
11121	salami	114
11122	granddad	114
11123	habitat	114
11124	recipes	114
11125	Bali	114
11126	Cod	114
11127	Tang	114
11128	ar	114
11129	opium	114
11130	Parliament	114
11131	pipeline	114
11132	spices	114
11133	nukes	114
11134	Flora	114
11135	mas	114
11136	Oracle	114
11137	mutants	114
11138	Macfarlane	114
11139	rested	113
11140	combine	113
11141	overly	113
11142	stretching	113
11143	Housewives	113
11144	oblige	113
11145	decorating	113
11146	tilt	113
11147	clipped	113
11148	illegally	113
11149	advocate	113
11150	aroused	113
11151	darned	113
11152	autographs	113
11153	allegedly	113
11154	payoff	113
11155	stench	113
11156	shits	113
11157	shrapnel	113
11158	stretcher	113
11159	blinking	113
11160	grunt	113
11161	jacked	113
11162	larceny	113
11163	subpoena	113
11164	picket	113
11165	minority	113
11166	forks	113
11167	incorrect	113
11168	diabetic	113
11169	coupons	113
11170	snipers	113
11171	Dodgers	113
11172	offenders	113
11173	Sterling	113
11174	goof	113
11175	wiener	113
11176	scanners	113
11177	Cubs	113
11178	Emerson	113
11179	slipper	113
11180	Tinker	113
11181	Midway	113
11182	snails	113
11183	Jer	113
11184	Thor	113
11185	Hodge	113
11186	Billings	113
11187	Vi	113
11188	unbelievably	112
11189	comparing	112
11190	encouragement	112
11191	warmed	112
11192	afterward	112
11193	plugged	112
11194	lurking	112
11195	charade	112
11196	crashes	112
11197	leaks	112
11198	puberty	112
11199	solemn	112
11200	concluded	112
11201	posed	112
11202	solving	112
11203	textbook	112
11204	classics	112
11205	intensive	112
11206	blacked	112
11207	fleeing	112
11208	whipping	112
11209	grieve	112
11210	dire	112
11211	gauge	112
11212	brutality	112
11213	redemption	112
11214	cooling	112
11215	transform	112
11216	Renaissance	112
11217	rating	112
11218	seller	112
11219	constitutional	112
11220	Derby	112
11221	thermometer	112
11222	fungus	112
11223	heartbreak	112
11224	thermal	112
11225	cons	112
11226	hums	112
11227	refugees	112
11228	watermelon	112
11229	wills	112
11230	rabies	112
11231	Sierra	112
11232	Bangkok	112
11233	headmaster	112
11234	greenhouse	112
11235	Pharaoh	112
11236	Duffy	112
11237	Aristocrats	112
11238	Ware	112
11239	Xi	112
11240	Cleve	112
11241	ongoing	111
11242	overlooked	111
11243	loaned	111
11244	wiping	111
11245	vested	111
11246	exhausting	111
11247	guarantees	111
11248	persuasive	111
11249	quaint	111
11250	struggled	111
11251	treacherous	111
11252	rescuing	111
11253	geniuses	111
11254	import	111
11255	customary	111
11256	drained	111
11257	sleazy	111
11258	twisting	111
11259	constructive	111
11260	sinister	111
11261	sterile	111
11262	binding	111
11263	dads	111
11264	gourmet	111
11265	irritating	111
11266	bolts	111
11267	deliveries	111
11268	passive	111
11269	underage	111
11270	brushing	111
11271	bowls	111
11272	clips	111
11273	picky	111
11274	Yikes	111
11275	ante	111
11276	smear	111
11277	noose	111
11278	cliffs	111
11279	holster	111
11280	snob	111
11281	editorial	111
11282	renew	111
11283	discrimination	111
11284	melancholy	111
11285	abstract	111
11286	lawful	111
11287	perp	111
11288	fallout	111
11289	raisins	111
11290	undefeated	111
11291	skid	111
11292	paddles	111
11293	Philippines	111
11294	arcade	111
11295	polls	111
11296	erection	111
11297	wanker	111
11298	huddle	111
11299	coupon	111
11300	admissions	111
11301	Danish	111
11302	fibers	111
11303	nag	111
11304	crucify	111
11305	deported	111
11306	boar	111
11307	Grazie	111
11308	Garland	111
11309	Carmine	111
11310	merrily	111
11311	Monsignor	111
11312	Yuan	111
11313	Gotham	111
11314	Proteus	111
11315	stylish	110
11316	brightest	110
11317	crazier	110
11318	pickin	110
11319	analyzed	110
11320	experimenting	110
11321	factors	110
11322	criticize	110
11323	cushion	110
11324	formality	110
11325	troublemaker	110
11326	uncommon	110
11327	minimal	110
11328	oppose	110
11329	cloudy	110
11330	radiant	110
11331	sank	110
11332	disposition	110
11333	fearful	110
11334	targeted	110
11335	tickles	110
11336	anguish	110
11337	poles	110
11338	roster	110
11339	defective	110
11340	nausea	110
11341	weaknesses	110
11342	Ac	110
11343	cuddle	110
11344	haunting	110
11345	spectrum	110
11346	unseen	110
11347	upgrade	110
11348	civic	110
11349	hock	110
11350	storms	110
11351	conditioner	110
11352	allegations	110
11353	frames	110
11354	interstate	110
11355	poof	110
11356	Australian	110
11357	bankers	110
11358	cameraman	110
11359	vending	110
11360	drool	110
11361	ventilation	110
11362	cables	110
11363	mantle	110
11364	correspondent	110
11365	Enterprises	110
11366	hijacked	110
11367	uncles	110
11368	Coney	110
11369	tee	110
11370	Bailiff	110
11371	vie	110
11372	Wyoming	110
11373	tacos	110
11374	orchid	110
11375	Sioux	110
11376	Neo	110
11377	accommodate	109
11378	pursued	109
11379	sliced	109
11380	catchy	109
11381	separately	109
11382	spilling	109
11383	naming	109
11384	partially	109
11385	exaggerating	109
11386	boredom	109
11387	courtyard	109
11388	excite	109
11389	truthful	109
11390	challenges	109
11391	cooperating	109
11392	intellect	109
11393	invites	109
11394	memorized	109
11395	watering	109
11396	craving	109
11397	hauling	109
11398	ingredients	109
11399	representatives	109
11400	depart	109
11401	implied	109
11402	blur	109
11403	ridden	109
11404	applaud	109
11405	impulses	109
11406	incomplete	109
11407	controversial	109
11408	viewing	109
11409	ambushed	109
11410	compensation	109
11411	seating	109
11412	prisons	109
11413	cheats	109
11414	mayhem	109
11415	museums	109
11416	telephoned	109
11417	competitors	109
11418	silverware	109
11419	disarm	109
11420	pans	109
11421	slay	109
11422	wrecking	109
11423	closets	109
11424	cabs	109
11425	mushroom	109
11426	spree	109
11427	whiskers	109
11428	blinds	109
11429	exhaust	109
11430	Ca	109
11431	auxiliary	109
11432	crossroads	109
11433	diplomat	109
11434	implant	109
11435	oneself	109
11436	missionary	109
11437	firemen	109
11438	cheater	109
11439	greens	109
11440	Persian	109
11441	Smiley	109
11442	Bahamas	109
11443	dew	109
11444	salsa	109
11445	slutty	109
11446	twitch	109
11447	civilisation	109
11448	lice	109
11449	goo	109
11450	freighter	109
11451	rink	109
11452	flier	109
11453	hamster	109
11454	ozone	109
11455	Tombstone	109
11456	uranium	109
11457	lobsters	109
11458	Gran	109
11459	Strangler	109
11460	Micah	109
11461	intentionally	108
11462	enlighten	108
11463	concentrating	108
11464	Ordinarily	108
11465	marched	108
11466	seemingly	108
11467	tabs	108
11468	hygiene	108
11469	ingenious	108
11470	bodily	108
11471	openly	108
11472	chopping	108
11473	trails	108
11474	initiated	108
11475	freelance	108
11476	hitched	108
11477	mentality	108
11478	planting	108
11479	sighted	108
11480	founder	108
11481	moods	108
11482	delusions	108
11483	outnumbered	108
11484	snot	108
11485	brawl	108
11486	dense	108
11487	mackerel	108
11488	retainer	108
11489	sweeps	108
11490	cashed	108
11491	stairwell	108
11492	defenses	108
11493	tile	108
11494	networks	108
11495	hypothetically	108
11496	catalogue	108
11497	deli	108
11498	tack	108
11499	dictator	108
11500	editing	108
11501	flute	108
11502	waffle	108
11503	sacks	108
11504	trenches	108
11505	Sands	108
11506	youse	108
11507	Lordy	108
11508	docking	108
11509	snip	108
11510	barbershop	108
11511	threesome	108
11512	amigos	108
11513	Arabs	108
11514	hacker	108
11515	array	108
11516	ether	108
11517	Polk	108
11518	owls	108
11519	panda	108
11520	Mam	108
11521	Woodward	108
11522	Boon	108
11523	Fielding	108
11524	Striker	108
11525	Thorpe	108
11526	Sumner	108
11527	Piglet	108
11528	discovering	107
11529	miraculous	107
11530	sorted	107
11531	exchanged	107
11532	surroundings	107
11533	admiration	107
11534	despicable	107
11535	influenced	107
11536	lacks	107
11537	clarity	107
11538	addressing	107
11539	dynamic	107
11540	outdoors	107
11541	bruised	107
11542	logged	107
11543	unanimous	107
11544	hosting	107
11545	Phew	107
11546	prevail	107
11547	threatens	107
11548	crazed	107
11549	checkup	107
11550	trifle	107
11551	beak	107
11552	detour	107
11553	leagues	107
11554	routes	107
11555	contrast	107
11556	decorator	107
11557	prosperity	107
11558	mischief	107
11559	bimbo	107
11560	powdered	107
11561	vine	107
11562	Dickens	107
11563	straws	107
11564	moans	107
11565	projection	107
11566	blaze	107
11567	goggles	107
11568	psychiatry	107
11569	peppers	107
11570	paramedic	107
11571	thong	107
11572	Yorker	107
11573	evacuated	107
11574	printer	107
11575	intercom	107
11576	Cub	107
11577	stride	107
11578	burglars	107
11579	containment	107
11580	crest	107
11581	measles	107
11582	titty	107
11583	communism	107
11584	doodle	107
11585	insulin	107
11586	Albany	107
11587	blacksmith	107
11588	coronation	107
11589	weatherman	107
11590	Diem	107
11591	Socrates	107
11592	Hoss	107
11593	Garret	107
11594	Starr	107
11595	snowboarding	107
11596	Apaches	107
11597	Kahuna	107
11598	investigations	106
11599	owning	106
11600	agreeing	106
11601	emergencies	106
11602	formally	106
11603	accepts	106
11604	prevented	106
11605	uneasy	106
11606	guided	106
11607	boarded	106
11608	commotion	106
11609	faults	106
11610	loathe	106
11611	crave	106
11612	foolishness	106
11613	folding	106
11614	index	106
11615	mailed	106
11616	preaching	106
11617	guiding	106
11618	thicker	106
11619	conception	106
11620	rooting	106
11621	postcards	106
11622	calculate	106
11623	endings	106
11624	awakened	106
11625	ghastly	106
11626	wreckage	106
11627	impotent	106
11628	unsolved	106
11629	consumer	106
11630	Naw	106
11631	addicts	106
11632	bargaining	106
11633	caterer	106
11634	haste	106
11635	nasal	106
11636	trend	106
11637	junkies	106
11638	landlady	106
11639	maggots	106
11640	quart	106
11641	runners	106
11642	sighing	106
11643	detonate	106
11644	email	106
11645	specs	106
11646	voters	106
11647	manure	106
11648	pioneer	106
11649	gunman	106
11650	grinding	106
11651	safari	106
11652	Va	106
11653	Boulder	106
11654	Moo	106
11655	communion	106
11656	plaque	106
11657	Wales	106
11658	Smokey	106
11659	Wilder	106
11660	rhino	106
11661	Nan	106
11662	Ravens	106
11663	Jing	106
11664	Petunia	106
11665	Aggie	106
11666	belonging	105
11667	oddly	105
11668	supports	105
11669	stinker	105
11670	accompanied	105
11671	consume	105
11672	disrespectful	105
11673	aching	105
11674	admits	105
11675	manpower	105
11676	primarily	105
11677	weave	105
11678	blames	105
11679	hobbies	105
11680	imprisoned	105
11681	radios	105
11682	circumstance	105
11683	initially	105
11684	removal	105
11685	unavailable	105
11686	verified	105
11687	apprehended	105
11688	authorize	105
11689	marital	105
11690	spoils	105
11691	confiscated	105
11692	episodes	105
11693	parental	105
11694	traditions	105
11695	lowlife	105
11696	taping	105
11697	limitations	105
11698	extras	105
11699	waved	105
11700	sweaters	105
11701	fruitcake	105
11702	hoist	105
11703	seventy	105
11704	transported	105
11705	Congressional	105
11706	fours	105
11707	lakes	105
11708	nighttime	105
11709	decay	105
11710	biggie	105
11711	espresso	105
11712	superstition	105
11713	howl	105
11714	squirrels	105
11715	Brazilian	105
11716	sleeper	105
11717	testifying	105
11718	oats	105
11719	diaphragm	105
11720	plains	105
11721	whooping	105
11722	colonial	105
11723	Peachy	105
11724	princes	105
11725	Puli	105
11726	coyotes	105
11727	beetle	105
11728	possum	105
11729	lunar	105
11730	Ava	105
11731	Neela	105
11732	Captions	104
11733	welcomed	104
11734	educate	104
11735	regarded	104
11736	promptly	104
11737	refrain	104
11738	vivid	104
11739	cooperative	104
11740	fairness	104
11741	rewards	104
11742	intends	104
11743	fraction	104
11744	charitable	104
11745	appoint	104
11746	enchanting	104
11747	pitched	104
11748	gruesome	104
11749	spooked	104
11750	assurance	104
11751	babysit	104
11752	dues	104
11753	forum	104
11754	pointy	104
11755	specials	104
11756	surplus	104
11757	outline	104
11758	pedal	104
11759	budge	104
11760	portfolio	104
11761	unmarried	104
11762	frown	104
11763	glitter	104
11764	washer	104
11765	clapping	104
11766	Gandhi	104
11767	lamps	104
11768	fishermen	104
11769	hybrid	104
11770	practising	104
11771	brook	104
11772	bono	104
11773	scraps	104
11774	Ap	104
11775	hillbilly	104
11776	Paging	104
11777	squads	104
11778	organism	104
11779	lavender	104
11780	cum	104
11781	plank	104
11782	filmmaker	104
11783	onstage	104
11784	pharmaceutical	104
11785	Lotus	104
11786	Munich	104
11787	Krauts	104
11788	Saul	104
11789	Thatcher	104
11790	bale	104
11791	Starling	104
11792	delivers	103
11793	pretends	103
11794	publicly	103
11795	considers	103
11796	squeezing	103
11797	stacked	103
11798	homicidal	103
11799	frightens	103
11800	reviewing	103
11801	whispered	103
11802	instruction	103
11803	pavement	103
11804	render	103
11805	submitted	103
11806	refined	103
11807	voluntary	103
11808	wrinkles	103
11809	cerebral	103
11810	divert	103
11811	repulsive	103
11812	fiery	103
11813	frenzy	103
11814	helmets	103
11815	plugs	103
11816	scales	103
11817	seafood	103
11818	aide	103
11819	crock	103
11820	distorted	103
11821	hovering	103
11822	glitch	103
11823	dishwasher	103
11824	helper	103
11825	humping	103
11826	pelvis	103
11827	vibrations	103
11828	chariot	103
11829	cosy	103
11830	anarchy	103
11831	lantern	103
11832	meltdown	103
11833	outlook	103
11834	radiator	103
11835	mainframe	103
11836	Radiology	103
11837	graffiti	103
11838	Guild	103
11839	Caveman	103
11840	Tribune	103
11841	Salvador	103
11842	Midge	103
11843	Stoner	103
11844	Cartwright	103
11845	Madeleine	103
11846	Ka	103
11847	Cornwall	103
11848	Taft	103
11849	Bateman	103
11850	characteristics	102
11851	sincerity	102
11852	straightforward	102
11853	polished	102
11854	measurements	102
11855	maturity	102
11856	solitude	102
11857	postponed	102
11858	blushing	102
11859	recognizes	102
11860	rugged	102
11861	sparkling	102
11862	preoccupied	102
11863	transmitted	102
11864	shores	102
11865	candid	102
11866	hateful	102
11867	dosage	102
11868	immortality	102
11869	outlet	102
11870	smuggle	102
11871	arsenal	102
11872	teamwork	102
11873	spoons	102
11874	blackmailing	102
11875	livestock	102
11876	badges	102
11877	boils	102
11878	intro	102
11879	cot	102
11880	pretzel	102
11881	shooters	102
11882	hick	102
11883	Riviera	102
11884	syndicate	102
11885	tutoring	102
11886	roaches	102
11887	rustling	102
11888	snuff	102
11889	Arkansas	102
11890	exterminator	102
11891	poo	102
11892	extraterrestrial	102
11893	Dukes	102
11894	Pc	102
11895	Calamity	102
11896	Atta	102
11897	Bach	102
11898	Genesis	102
11899	Cougar	102
11900	Wynn	102
11901	Whats	102
11902	Birmingham	102
11903	racers	102
11904	Booker	102
11905	Geiger	102
11906	Bismarck	102
11907	Simba	102
11908	remarkably	101
11909	participation	101
11910	periods	101
11911	capabilities	101
11912	absorb	101
11913	floats	101
11914	steaming	101
11915	transformed	101
11916	tickled	101
11917	afternoons	101
11918	betraying	101
11919	carving	101
11920	manicure	101
11921	perceptive	101
11922	recognised	101
11923	span	101
11924	deposits	101
11925	billing	101
11926	coronary	101
11927	corporations	101
11928	fidelity	101
11929	oblivion	101
11930	whatnot	101
11931	chapters	101
11932	gall	101
11933	mileage	101
11934	git	101
11935	disability	101
11936	loco	101
11937	patrols	101
11938	messin	101
11939	roadblock	101
11940	transformation	101
11941	gateway	101
11942	freckles	101
11943	mythology	101
11944	segment	101
11945	squeaky	101
11946	cucumber	101
11947	tissues	101
11948	aneurysm	101
11949	anesthesia	101
11950	boxers	101
11951	impostor	101
11952	Buick	101
11953	hogs	101
11954	swimsuit	101
11955	nerds	101
11956	hypnosis	101
11957	Mein	101
11958	Gs	101
11959	Jude	101
11960	midterm	101
11961	pods	101
11962	Aphrodite	101
11963	Paco	101
11964	Emory	101
11965	Galahad	101
11966	moor	101
11967	Pollock	101
11968	lodged	100
11969	predicament	100
11970	stumble	100
11971	bloodshed	100
11972	expanding	100
11973	gradually	100
11974	steamed	100
11975	quoting	100
11976	devote	100
11977	organizing	100
11978	incentive	100
11979	margin	100
11980	persuasion	100
11981	speedy	100
11982	acknowledged	100
11983	contributions	100
11984	tones	100
11985	voluntarily	100
11986	milligrams	100
11987	cleanup	100
11988	markets	100
11989	morally	100
11990	ridicule	100
11991	unforgivable	100
11992	lest	100
11993	modified	100
11994	speakers	100
11995	temperatures	100
11996	winding	100
11997	protesting	100
11998	violations	100
11999	chaperone	100
12000	menus	100
12001	moi	100
12002	siblings	100
12003	cherries	100
12004	floss	100
12005	paralysis	100
12006	nightgown	100
12007	obedient	100
12008	banished	100
12009	dome	100
12010	Holocaust	100
12011	hatchet	100
12012	vanquished	100
12013	barf	100
12014	forgery	100
12015	darts	100
12016	topless	100
12017	fertilizer	100
12018	affidavit	100
12019	stakeout	100
12020	astronauts	100
12021	Bah	100
12022	walnut	100
12023	Arctic	100
12024	baptized	100
12025	Notre	100
12026	tanker	100
12027	Colombia	100
12028	neural	100
12029	plutonium	100
12030	Barcelona	100
12031	ducky	100
12032	hula	100
12033	Tyrone	100
12034	Cecil	100
12035	Plato	100
12036	Lu	100
12037	Signora	100
12038	Galileo	100
12039	Gonzo	100
12040	Butters	100
12041	Indy	100
12042	desirable	99
12043	appalling	99
12044	outrun	99
12045	enjoyable	99
12046	refers	99
12047	aimed	99
12048	briefed	99
12049	increases	99
12050	exaggerate	99
12051	deprived	99
12052	puddle	99
12053	hearty	99
12054	reveals	99
12055	definitive	99
12056	eyesight	99
12057	labels	99
12058	staging	99
12059	cuisine	99
12060	oeuvres	99
12061	painless	99
12062	concentrated	99
12063	contemporary	99
12064	graduates	99
12065	jars	99
12066	lawsuits	99
12067	teens	99
12068	beginner	99
12069	blasting	99
12070	professors	99
12071	multiply	99
12072	arthritis	99
12073	cuter	99
12074	horrors	99
12075	climax	99
12076	syringe	99
12077	supplier	99
12078	transmitting	99
12079	statues	99
12080	adultery	99
12081	cranberry	99
12082	thud	99
12083	marvel	99
12084	nets	99
12085	residency	99
12086	turbulence	99
12087	outbreak	99
12088	outs	99
12089	serpent	99
12090	bologna	99
12091	bracelets	99
12092	apprentice	99
12093	blizzard	99
12094	contractions	99
12095	octopus	99
12096	tribes	99
12097	Indiana	99
12098	stacks	99
12099	Sonic	99
12100	thump	99
12101	pansy	99
12102	urn	99
12103	Petersburg	99
12104	Warsaw	99
12105	Dea	99
12106	Franks	99
12107	Thankyou	99
12108	Levy	99
12109	Chun	99
12110	Whit	99
12111	Lora	99
12112	bedside	98
12113	festive	98
12114	supervise	98
12115	likeness	98
12116	operates	98
12117	shameful	98
12118	fades	98
12119	monitored	98
12120	revolting	98
12121	worshipped	98
12122	holed	98
12123	uncover	98
12124	confrontation	98
12125	continuous	98
12126	genuinely	98
12127	engaging	98
12128	firepower	98
12129	navigate	98
12130	spins	98
12131	volunteering	98
12132	bribed	98
12133	chills	98
12134	complexion	98
12135	compulsive	98
12136	digits	98
12137	hallucinating	98
12138	wildly	98
12139	existing	98
12140	fashionable	98
12141	blackmailed	98
12142	respectfully	98
12143	auditioning	98
12144	interrogate	98
12145	obsolete	98
12146	sponsored	98
12147	stunts	98
12148	ceremonies	98
12149	deluxe	98
12150	sow	98
12151	peril	98
12152	tyrant	98
12153	rotate	98
12154	Wham	98
12155	descend	98
12156	lanes	98
12157	mercenary	98
12158	pastry	98
12159	salesmen	98
12160	latch	98
12161	placement	98
12162	refugee	98
12163	looky	98
12164	tents	98
12165	dart	98
12166	realities	98
12167	journalists	98
12168	billionaire	98
12169	oasis	98
12170	cosmetics	98
12171	wildlife	98
12172	decree	98
12173	mistletoe	98
12174	muse	98
12175	syphilis	98
12176	Mt	98
12177	orchard	98
12178	understudy	98
12179	vaccine	98
12180	laddie	98
12181	Fang	98
12182	Vinny	98
12183	wormhole	98
12184	Cox	98
12185	Purdy	98
12186	compelling	97
12187	bulk	97
12188	raises	97
12189	scrubbing	97
12190	composed	97
12191	preserved	97
12192	sensing	97
12193	examples	97
12194	shapes	97
12195	snag	97
12196	travelled	97
12197	corrupted	97
12198	respectful	97
12199	slices	97
12200	parted	97
12201	merits	97
12202	pretentious	97
12203	shameless	97
12204	bolted	97
12205	brochure	97
12206	flashy	97
12207	muck	97
12208	photographic	97
12209	confide	97
12210	spouse	97
12211	unworthy	97
12212	knit	97
12213	pollution	97
12214	receptionist	97
12215	equality	97
12216	fundraiser	97
12217	statute	97
12218	lilies	97
12219	fertility	97
12220	marshmallows	97
12221	beggars	97
12222	discovers	97
12223	sponsors	97
12224	cremated	97
12225	shag	97
12226	publicist	97
12227	Willows	97
12228	explorer	97
12229	Koreans	97
12230	Mart	97
12231	Chico	97
12232	leukemia	97
12233	snowman	97
12234	cider	97
12235	skater	97
12236	hep	97
12237	Ro	97
12238	Liverpool	97
12239	Lazarus	97
12240	Luce	97
12241	Emery	97
12242	Slade	97
12243	Gilly	97
12244	identifying	96
12245	distinctly	96
12246	specifics	96
12247	examining	96
12248	interruption	96
12249	accomplishment	96
12250	lending	96
12251	patched	96
12252	etiquette	96
12253	listing	96
12254	denies	96
12255	prepped	96
12256	favours	96
12257	moan	96
12258	puncture	96
12259	relish	96
12260	carton	96
12261	companionship	96
12262	tagged	96
12263	withholding	96
12264	wrinkle	96
12265	creativity	96
12266	coffees	96
12267	gums	96
12268	hosts	96
12269	indicted	96
12270	casing	96
12271	fragment	96
12272	gestures	96
12273	complimentary	96
12274	conquest	96
12275	frontal	96
12276	Johns	96
12277	traction	96
12278	checkers	96
12279	headlights	96
12280	forecast	96
12281	schoolgirl	96
12282	assassinate	96
12283	plow	96
12284	postal	96
12285	stance	96
12286	anthem	96
12287	symptom	96
12288	treachery	96
12289	chem	96
12290	exploration	96
12291	raspberry	96
12292	electromagnetic	96
12293	stutter	96
12294	carts	96
12295	puppets	96
12296	pyramids	96
12297	basin	96
12298	hounds	96
12299	pistols	96
12300	quo	96
12301	bagels	96
12302	stun	96
12303	tuning	96
12304	intubate	96
12305	painters	96
12306	Milan	96
12307	interns	96
12308	Scrabble	96
12309	sorority	96
12310	Aspen	96
12311	Montreal	96
12312	Tulsa	96
12313	Pedes	96
12314	Eminence	96
12315	Kip	96
12316	Decker	96
12317	Cyprus	96
12318	Baja	96
12319	Elijah	96
12320	Underlay	96
12321	Pegasus	96
12322	Watt	96
12323	Ridley	96
12324	Cravat	96
12325	arranging	95
12326	connects	95
12327	unusually	95
12328	plagued	95
12329	bitching	95
12330	humbly	95
12331	drinker	95
12332	fret	95
12333	indicating	95
12334	emptied	95
12335	meanest	95
12336	plainly	95
12337	progressive	95
12338	unspeakable	95
12339	chunks	95
12340	deceit	95
12341	gowns	95
12342	rigid	95
12343	inadequate	95
12344	ruptured	95
12345	seduced	95
12346	bagged	95
12347	hammered	95
12348	dominate	95
12349	goodies	95
12350	grants	95
12351	quantity	95
12352	recreation	95
12353	cubes	95
12354	valued	95
12355	horseback	95
12356	indigestion	95
12357	biz	95
12358	dissolve	95
12359	prejudiced	95
12360	irons	95
12361	rites	95
12362	frequencies	95
12363	gibberish	95
12364	quota	95
12365	humanitarian	95
12366	Pulitzer	95
12367	confidentiality	95
12368	migraine	95
12369	predators	95
12370	theoretical	95
12371	widows	95
12372	cholesterol	95
12373	ports	95
12374	rations	95
12375	tribal	95
12376	veterans	95
12377	violently	95
12378	concerts	95
12379	fuzz	95
12380	Fbi	95
12381	lobe	95
12382	Milky	95
12383	audiences	95
12384	pilgrims	95
12385	waterfall	95
12386	crates	95
12387	exile	95
12388	flakes	95
12389	wuss	95
12390	reservoir	95
12391	celery	95
12392	speck	95
12393	chemist	95
12394	fo	95
12395	Nile	95
12396	checkpoint	95
12397	Frisbee	95
12398	armory	95
12399	grizzly	95
12400	surrogate	95
12401	bonnet	95
12402	dearie	95
12403	Fa	95
12404	Confederate	95
12405	Naples	95
12406	amour	95
12407	Eiffel	95
12408	Ike	95
12409	cello	95
12410	Jigsaw	95
12411	pesos	95
12412	Heath	95
12413	bonny	95
12414	exorcism	95
12415	Mach	95
12416	Curie	95
12417	exposing	94
12418	dipped	94
12419	maintaining	94
12420	intruding	94
12421	aloud	94
12422	bumping	94
12423	decoration	94
12424	hectic	94
12425	melts	94
12426	adolescent	94
12427	trustworthy	94
12428	hesitation	94
12429	pun	94
12430	requirements	94
12431	casually	94
12432	comprehend	94
12433	disconnect	94
12434	clueless	94
12435	contracted	94
12436	Midwest	94
12437	revive	94
12438	breathes	94
12439	conceited	94
12440	eternally	94
12441	eyeball	94
12442	foolproof	94
12443	liberated	94
12444	brow	94
12445	camouflage	94
12446	slid	94
12447	foe	94
12448	mockery	94
12449	repressed	94
12450	torso	94
12451	consumption	94
12452	hazardous	94
12453	sod	94
12454	slop	94
12455	amends	94
12456	oceans	94
12457	surge	94
12458	tasting	94
12459	trajectory	94
12460	disposable	94
12461	Pepsi	94
12462	slab	94
12463	replacements	94
12464	geometry	94
12465	strand	94
12466	Lakers	94
12467	travelers	94
12468	Delaware	94
12469	mortuary	94
12470	pottery	94
12471	adieu	94
12472	boardwalk	94
12473	Wan	94
12474	Brussels	94
12475	Meadows	94
12476	ravine	94
12477	Roscoe	94
12478	Dalai	94
12479	Nato	94
12480	bop	94
12481	pretender	94
12482	Bane	94
12483	Marcello	94
12484	Dib	94
12485	washes	93
12486	accordingly	93
12487	lowered	93
12488	vacations	93
12489	manipulated	93
12490	dealings	93
12491	heartbroken	93
12492	dehydrated	93
12493	ambitions	93
12494	analyzing	93
12495	murderous	93
12496	trivial	93
12497	outdoor	93
12498	ample	93
12499	overweight	93
12500	pulp	93
12501	blazing	93
12502	detain	93
12503	disgraceful	93
12504	screens	93
12505	plastered	93
12506	reasoning	93
12507	buzzard	93
12508	imprisonment	93
12509	humane	93
12510	mosquito	93
12511	spanking	93
12512	suitcases	93
12513	faraway	93
12514	fatigue	93
12515	feminist	93
12516	amp	93
12517	buttocks	93
12518	cassette	93
12519	spurs	93
12520	burner	93
12521	degenerate	93
12522	urges	93
12523	cocks	93
12524	Od	93
12525	seizures	93
12526	chopsticks	93
12527	chord	93
12528	structural	93
12529	riddles	93
12530	selfless	93
12531	Wonderland	93
12532	prima	93
12533	aura	93
12534	wilt	93
12535	Afghanistan	93
12536	detonation	93
12537	handyman	93
12538	Putty	93
12539	spawn	93
12540	acre	93
12541	Dod	93
12542	stickers	93
12543	outlaws	93
12544	gringo	93
12545	Vinci	93
12546	ell	93
12547	raffle	93
12548	homie	93
12549	Carey	93
12550	Reeves	93
12551	Crick	93
12552	Capricorn	93
12553	Roper	93
12554	Jameson	93
12555	Romero	93
12556	Webber	93
12557	Bijou	93
12558	Walkout	93
12559	Naam	93
12560	stating	92
12561	exclusively	92
12562	dreary	92
12563	promoting	92
12564	transparent	92
12565	drifted	92
12566	kiddies	92
12567	manufactured	92
12568	pinpoint	92
12569	unattractive	92
12570	prone	92
12571	adjusted	92
12572	bangs	92
12573	brutally	92
12574	numbered	92
12575	downs	92
12576	iceberg	92
12577	markings	92
12578	descended	92
12579	emptiness	92
12580	heed	92
12581	imitate	92
12582	slugs	92
12583	evasive	92
12584	moist	92
12585	trot	92
12586	coloring	92
12587	imitating	92
12588	flunk	92
12589	rodent	92
12590	slain	92
12591	cosmetic	92
12592	theaters	92
12593	uterus	92
12594	incense	92
12595	tranquilizer	92
12596	groin	92
12597	logo	92
12598	pecker	92
12599	realtor	92
12600	Commandments	92
12601	mosquitoes	92
12602	rows	92
12603	bearer	92
12604	keyboard	92
12605	clerks	92
12606	crumb	92
12607	detonated	92
12608	freshmen	92
12609	bunnies	92
12610	rods	92
12611	clot	92
12612	cyanide	92
12613	kilos	92
12614	Mazel	92
12615	racetrack	92
12616	palp	92
12617	tainted	92
12618	suede	92
12619	barbarian	92
12620	coalition	92
12621	Chinaman	92
12622	Armenian	92
12623	brewery	92
12624	Franco	92
12625	Siegfried	92
12626	Parsons	92
12627	Sparta	92
12628	Woodhouse	92
12629	commend	91
12630	compassionate	91
12631	increasingly	91
12632	talker	91
12633	alerted	91
12634	amazingly	91
12635	painfully	91
12636	Congrats	91
12637	poses	91
12638	genetically	91
12639	hag	91
12640	inhuman	91
12641	manufacturer	91
12642	demented	91
12643	reunited	91
12644	distinguish	91
12645	opponents	91
12646	dinnertime	91
12647	disobeyed	91
12648	flaws	91
12649	ethnic	91
12650	guides	91
12651	passages	91
12652	specimens	91
12653	dimes	91
12654	indecent	91
12655	hernia	91
12656	adores	91
12657	juggling	91
12658	overload	91
12659	negligence	91
12660	spiral	91
12661	bitty	91
12662	disperse	91
12663	hallucination	91
12664	journals	91
12665	piles	91
12666	giddy	91
12667	lovable	91
12668	residential	91
12669	criteria	91
12670	fangs	91
12671	interpreter	91
12672	hobo	91
12673	lollipop	91
12674	cowardice	91
12675	serenity	91
12676	coffins	91
12677	suicides	91
12678	wrestler	91
12679	particle	91
12680	gallows	91
12681	Gramps	91
12682	tiara	91
12683	bouncy	91
12684	Springer	91
12685	Olympus	91
12686	Cheddar	91
12687	Bristol	91
12688	Leary	91
12689	Nashville	91
12690	Hogan	91
12691	canisters	91
12692	Addison	91
12693	Whipper	91
12694	Janus	91
12695	collects	90
12696	barging	90
12697	intrigued	90
12698	schemes	90
12699	rounding	90
12700	nonstop	90
12701	perverted	90
12702	rethink	90
12703	plotting	90
12704	stability	90
12705	bullshitting	90
12706	millionaires	90
12707	perks	90
12708	prestigious	90
12709	buds	90
12710	cursing	90
12711	disgusted	90
12712	lunatics	90
12713	modesty	90
12714	outgoing	90
12715	flunked	90
12716	remarried	90
12717	sprayed	90
12718	unexpectedly	90
12719	nightcap	90
12720	publication	90
12721	typed	90
12722	Illinois	90
12723	obsessive	90
12724	unethical	90
12725	screwy	90
12726	passions	90
12727	redneck	90
12728	sedan	90
12729	fascination	90
12730	algebra	90
12731	parlour	90
12732	estimates	90
12733	genetics	90
12734	municipal	90
12735	winnings	90
12736	abyss	90
12737	charcoal	90
12738	Checkmate	90
12739	directive	90
12740	dung	90
12741	zones	90
12742	vulture	90
12743	gala	90
12744	Rue	90
12745	delete	90
12746	colonies	90
12747	rapper	90
12748	sequel	90
12749	calcium	90
12750	pyjamas	90
12751	snail	90
12752	troupe	90
12753	caper	90
12754	tenure	90
12755	Amish	90
12756	Soviets	90
12757	thrusters	90
12758	Franz	90
12759	Muslims	90
12760	Vancouver	90
12761	Whiplash	90
12762	Normandy	90
12763	Mecca	90
12764	Dill	90
12765	Cass	90
12766	Scottie	90
12767	Hiro	90
12768	Youre	90
12769	Scamp	90
12770	Farrow	90
12771	Sutter	90
12772	dictate	89
12773	fitted	89
12774	solely	89
12775	toenails	89
12776	releases	89
12777	speechless	89
12778	deceiving	89
12779	survives	89
12780	bows	89
12781	capturing	89
12782	hollering	89
12783	painkillers	89
12784	shreds	89
12785	thrive	89
12786	apt	89
12787	righteousness	89
12788	shifting	89
12789	ballpark	89
12790	devious	89
12791	wad	89
12792	identities	89
12793	scoring	89
12794	staircase	89
12795	rubble	89
12796	whirl	89
12797	founding	89
12798	rewind	89
12799	sinus	89
12800	hugs	89
12801	sexist	89
12802	solemnly	89
12803	fantasize	89
12804	pantry	89
12805	unloading	89
12806	bossy	89
12807	farce	89
12808	flake	89
12809	skeletons	89
12810	liter	89
12811	varsity	89
12812	fluke	89
12813	listeners	89
12814	nudity	89
12815	crossword	89
12816	eerie	89
12817	sage	89
12818	bullies	89
12819	fitness	89
12820	recordings	89
12821	bonfire	89
12822	badger	89
12823	squeaking	89
12824	Jag	89
12825	chemo	89
12826	alumni	89
12827	leech	89
12828	Riverside	89
12829	coaches	89
12830	dings	89
12831	Whitman	89
12832	Lumpy	89
12833	harmonica	89
12834	mahjong	89
12835	scarecrow	89
12836	Pelican	89
12837	Mulligan	89
12838	Raphael	89
12839	Kai	89
12840	Liang	89
12841	Bela	89
12842	Hondo	89
12843	Mavis	89
12844	Vole	89
12845	Tigger	89
12846	coy	88
12847	understatement	88
12848	upcoming	88
12849	depended	88
12850	disposed	88
12851	emerge	88
12852	reacted	88
12853	stings	88
12854	youngsters	88
12855	deployed	88
12856	explanations	88
12857	lumps	88
12858	riddance	88
12859	posture	88
12860	rearrange	88
12861	defined	88
12862	disciplined	88
12863	investing	88
12864	sums	88
12865	bio	88
12866	constructed	88
12867	bloodstream	88
12868	highlights	88
12869	blindfold	88
12870	muttering	88
12871	reduction	88
12872	disclose	88
12873	dumber	88
12874	expansion	88
12875	insomnia	88
12876	meek	88
12877	waive	88
12878	icon	88
12879	motions	88
12880	petrified	88
12881	senile	88
12882	evaluate	88
12883	premium	88
12884	sandals	88
12885	slapping	88
12886	embedded	88
12887	endorse	88
12888	reconnaissance	88
12889	bidder	88
12890	deadbeat	88
12891	visualize	88
12892	blaring	88
12893	heterosexual	88
12894	invalid	88
12895	lullaby	88
12896	crowned	88
12897	honks	88
12898	seaweed	88
12899	murmuring	88
12900	writ	88
12901	gasp	88
12902	hoof	88
12903	prehistoric	88
12904	wench	88
12905	pores	88
12906	Norway	88
12907	nationals	88
12908	virtuous	88
12909	mutation	88
12910	racism	88
12911	Armageddon	88
12912	faker	88
12913	submarines	88
12914	bugle	88
12915	turnip	88
12916	atoms	88
12917	Loch	88
12918	wop	88
12919	Martian	88
12920	Lucifer	88
12921	Hale	88
12922	Friar	88
12923	Kris	88
12924	Lupus	88
12925	Madge	88
12926	Muffy	88
12927	Pearce	88
12928	Pilar	88
12929	formidable	87
12930	politely	87
12931	enlightened	87
12932	intimidate	87
12933	mysteriously	87
12934	degrading	87
12935	scarce	87
12936	demise	87
12937	sewed	87
12938	bowels	87
12939	distractions	87
12940	leaned	87
12941	softer	87
12942	bravest	87
12943	decipher	87
12944	momentum	87
12945	praised	87
12946	astonishing	87
12947	errors	87
12948	giggle	87
12949	orgy	87
12950	shabby	87
12951	simmer	87
12952	baboon	87
12953	Shucks	87
12954	sinks	87
12955	specialists	87
12956	intestines	87
12957	mindless	87
12958	unstoppable	87
12959	maneuvers	87
12960	navigation	87
12961	outsiders	87
12962	hemorrhage	87
12963	obedience	87
12964	sinful	87
12965	paces	87
12966	paste	87
12967	Aa	87
12968	assisted	87
12969	sadistic	87
12970	hugged	87
12971	provisions	87
12972	bellies	87
12973	deduction	87
12974	striped	87
12975	bulbs	87
12976	lowly	87
12977	espionage	87
12978	battleship	87
12979	resemble	87
12980	chimes	87
12981	jig	87
12982	pantyhose	87
12983	atropine	87
12984	Lax	87
12985	omen	87
12986	bondage	87
12987	canteen	87
12988	sprouts	87
12989	masturbation	87
12990	pouch	87
12991	inscription	87
12992	squawk	87
12993	Negroes	87
12994	servers	87
12995	Silicon	87
12996	Wisteria	87
12997	nicotine	87
12998	feller	87
12999	nitro	87
13000	Gabby	87
13001	locket	87
13002	sorcerer	87
13003	wack	87
13004	warlocks	87
13005	delegates	87
13006	Gill	87
13007	Stoker	87
13008	contributed	86
13009	foremost	86
13010	peers	86
13011	shadowy	86
13012	developments	86
13013	enforce	86
13014	entrusted	86
13015	hopped	86
13016	informal	86
13017	relive	86
13018	spun	86
13019	mouthful	86
13020	proceeds	86
13021	resisted	86
13022	abandoning	86
13023	bloated	86
13024	consulted	86
13025	neglect	86
13026	saddest	86
13027	stalk	86
13028	feeble	86
13029	invading	86
13030	wrinkled	86
13031	snapping	86
13032	tracing	86
13033	esteem	86
13034	smacked	86
13035	arteries	86
13036	upward	86
13037	cramps	86
13038	inquire	86
13039	presses	86
13040	puking	86
13041	cords	86
13042	Fridays	86
13043	perpetrator	86
13044	rejoice	86
13045	roasted	86
13046	discussions	86
13047	manufacturing	86
13048	sturdy	86
13049	canine	86
13050	baskets	86
13051	compact	86
13052	guidelines	86
13053	vinegar	86
13054	dilated	86
13055	encrypted	86
13056	fleeting	86
13057	hustling	86
13058	washroom	86
13059	jamming	86
13060	bruising	86
13061	flooding	86
13062	potty	86
13063	vascular	86
13064	allergy	86
13065	plots	86
13066	lard	86
13067	puffy	86
13068	Gras	86
13069	jive	86
13070	ordinance	86
13071	tempo	86
13072	bullied	86
13073	Democrat	86
13074	louse	86
13075	plumb	86
13076	busboy	86
13077	Whee	86
13078	doorknob	86
13079	pianist	86
13080	armour	86
13081	benefactor	86
13082	currents	86
13083	flats	86
13084	generators	86
13085	entity	86
13086	renounce	86
13087	villains	86
13088	ancestor	86
13089	rattlesnake	86
13090	frisky	86
13091	Sabbath	86
13092	Chez	86
13093	Hurray	86
13094	troopers	86
13095	canopy	86
13096	Hq	86
13097	infinity	86
13098	ts	86
13099	Una	86
13100	Hark	86
13101	seaman	86
13102	saxophone	86
13103	asteroid	86
13104	tracer	86
13105	Oaks	86
13106	Thunderbolt	86
13107	Sylvester	86
13108	musketeers	86
13109	Glasgow	86
13110	Buckaroo	86
13111	Sellers	86
13112	Hoi	86
13113	Tung	86
13114	Rowan	86
13115	Flan	86
13116	ironically	85
13117	accommodations	85
13118	administer	85
13119	disastrous	85
13120	endanger	85
13121	hacking	85
13122	misguided	85
13123	calmed	85
13124	dependable	85
13125	rewarding	85
13126	scumbags	85
13127	wholesale	85
13128	doses	85
13129	infiltrate	85
13130	tightly	85
13131	engraved	85
13132	instruct	85
13133	rightfully	85
13134	erratic	85
13135	commanded	85
13136	reflected	85
13137	retribution	85
13138	territorial	85
13139	unreliable	85
13140	afloat	85
13141	articulate	85
13142	lash	85
13143	magically	85
13144	presumably	85
13145	provoked	85
13146	sedated	85
13147	tasks	85
13148	unleash	85
13149	exploited	85
13150	financing	85
13151	novelty	85
13152	ruse	85
13153	drying	85
13154	overrun	85
13155	brainwashed	85
13156	candlelight	85
13157	disasters	85
13158	stature	85
13159	threads	85
13160	circumstantial	85
13161	dos	85
13162	fringe	85
13163	summary	85
13164	wrapper	85
13165	breached	85
13166	thieving	85
13167	clattering	85
13168	descending	85
13169	detection	85
13170	flapping	85
13171	strife	85
13172	successor	85
13173	backside	85
13174	comp	85
13175	Ditto	85
13176	itinerary	85
13177	perky	85
13178	sparkle	85
13179	swallows	85
13180	perv	85
13181	voltage	85
13182	bathrobe	85
13183	casserole	85
13184	impound	85
13185	lambs	85
13186	pimple	85
13187	ringer	85
13188	disqualified	85
13189	finder	85
13190	bearings	85
13191	scans	85
13192	tiles	85
13193	chickenshit	85
13194	malaria	85
13195	skateboard	85
13196	blender	85
13197	gunpowder	85
13198	Exhale	85
13199	lacerations	85
13200	lidocaine	85
13201	lifeguard	85
13202	prostate	85
13203	Alzheimer	85
13204	birthmark	85
13205	vents	85
13206	buffer	85
13207	Liza	85
13208	championships	85
13209	Bethlehem	85
13210	pinkie	85
13211	lotto	85
13212	Regent	85
13213	Lisbon	85
13214	Sha	85
13215	Marlin	85
13216	Keeler	85
13217	Alden	85
13218	Angelica	85
13219	Cabot	85
13220	Topper	85
13221	Cisco	85
13222	Fuhrer	85
13223	Erika	85
13224	Aladdin	85
13225	Roo	85
13226	Gump	85
13227	Zira	85
13228	advertise	84
13229	departments	84
13230	slamming	84
13231	suffice	84
13232	joins	84
13233	backbone	84
13234	fanatic	84
13235	largely	84
13236	taxpayers	84
13237	rephrase	84
13238	swiped	84
13239	turnout	84
13240	versa	84
13241	proximity	84
13242	encounters	84
13243	exercising	84
13244	sanctity	84
13245	commodity	84
13246	directory	84
13247	disobey	84
13248	fingertips	84
13249	overreacted	84
13250	rightly	84
13251	ludicrous	84
13252	texture	84
13253	nobility	84
13254	patriotism	84
13255	waitresses	84
13256	administrator	84
13257	hombre	84
13258	raincoat	84
13259	weirder	84
13260	dialed	84
13261	entertainer	84
13262	malt	84
13263	reserves	84
13264	components	84
13265	credible	84
13266	hypocrisy	84
13267	potassium	84
13268	Sayonara	84
13269	commie	84
13270	eminent	84
13271	mascot	84
13272	mango	84
13273	meditation	84
13274	cannons	84
13275	Eskimo	84
13276	healer	84
13277	triage	84
13278	sutures	84
13279	Cheerio	84
13280	suites	84
13281	Greenwich	84
13282	lemons	84
13283	Primo	84
13284	burrito	84
13285	graft	84
13286	bungalow	84
13287	roars	84
13288	Trapper	84
13289	breakers	84
13290	ore	84
13291	eulogy	84
13292	Strauss	84
13293	abusive	83
13294	narrowed	83
13295	considerably	83
13296	dangerously	83
13297	whine	83
13298	assess	83
13299	notions	83
13300	swiftly	83
13301	vowed	83
13302	inconvenient	83
13303	insisting	83
13304	refreshments	83
13305	unhealthy	83
13306	disgraced	83
13307	doubtful	83
13308	escorted	83
13309	resource	83
13310	rounded	83
13311	withstand	83
13312	Alrighty	83
13313	featuring	83
13314	debating	83
13315	documented	83
13316	countrymen	83
13317	institutions	83
13318	manipulative	83
13319	wondrous	83
13320	engineered	83
13321	redeem	83
13322	confessions	83
13323	consecutive	83
13324	faulty	83
13325	fiasco	83
13326	futures	83
13327	warped	83
13328	controversy	83
13329	hints	83
13330	plausible	83
13331	prosecuted	83
13332	caged	83
13333	evolve	83
13334	makeover	83
13335	wretch	83
13336	alternatives	83
13337	gel	83
13338	storeroom	83
13339	accord	83
13340	Catholics	83
13341	courting	83
13342	delays	83
13343	ing	83
13344	strips	83
13345	inventions	83
13346	transmissions	83
13347	bub	83
13348	gigs	83
13349	marketplace	83
13350	ointment	83
13351	crutches	83
13352	hymn	83
13353	folder	83
13354	hype	83
13355	manually	83
13356	raisin	83
13357	tracker	83
13358	glands	83
13359	testosterone	83
13360	commandment	83
13361	mast	83
13362	Trojan	83
13363	encryption	83
13364	penguins	83
13365	Stork	83
13366	surfer	83
13367	transvestite	83
13368	airway	83
13369	lark	83
13370	rec	83
13371	gigolo	83
13372	banjo	83
13373	playoffs	83
13374	Laden	83
13375	consensus	83
13376	ferret	83
13377	os	83
13378	Bonanza	83
13379	mater	83
13380	Shea	83
13381	Capone	83
13382	gizmo	83
13383	planner	83
13384	Danes	83
13385	Nix	83
13386	vigilante	83
13387	Frau	83
13388	Dutchman	83
13389	Schneider	83
13390	Serge	83
13391	Cicero	83
13392	Moira	83
13393	Choy	83
13394	nostrils	82
13395	dodging	82
13396	hires	82
13397	socket	82
13398	strengthen	82
13399	timed	82
13400	amaze	82
13401	sweats	82
13402	induce	82
13403	deodorant	82
13404	exhaustion	82
13405	holder	82
13406	marking	82
13407	overdo	82
13408	prudent	82
13409	glare	82
13410	plaid	82
13411	snore	82
13412	takeout	82
13413	administrative	82
13414	eyelids	82
13415	futile	82
13416	heinous	82
13417	investigative	82
13418	chilling	82
13419	confirming	82
13420	farming	82
13421	handcuffed	82
13422	provocative	82
13423	shivering	82
13424	swipe	82
13425	bras	82
13426	firms	82
13427	fouled	82
13428	rehabilitation	82
13429	whoopee	82
13430	relevance	82
13431	timetable	82
13432	tyranny	82
13433	herbal	82
13434	immense	82
13435	purge	82
13436	reconstruction	82
13437	creamed	82
13438	dominant	82
13439	tipping	82
13440	curses	82
13441	disciplinary	82
13442	gent	82
13443	bias	82
13444	kittens	82
13445	molested	82
13446	coil	82
13447	recruits	82
13448	brothel	82
13449	harassed	82
13450	slots	82
13451	rollers	82
13452	Popsicle	82
13453	wallow	82
13454	halo	82
13455	Acapulco	82
13456	blowjob	82
13457	clubhouse	82
13458	calves	82
13459	disciples	82
13460	airspace	82
13461	honky	82
13462	galley	82
13463	Mets	82
13464	godmother	82
13465	aphrodisiac	82
13466	quake	82
13467	sailboat	82
13468	warheads	82
13469	masquerade	82
13470	lac	82
13471	compressions	82
13472	fetus	82
13473	Northwestern	82
13474	chowder	82
13475	bachelorette	82
13476	Bu	82
13477	coz	82
13478	Trenton	82
13479	Pong	82
13480	Swish	82
13481	Hades	82
13482	Lupe	82
13483	transporter	82
13484	Tori	82
13485	Spartan	82
13486	Seder	82
13487	unification	82
13488	Swifty	82
13489	discouraged	81
13490	damaging	81
13491	interfered	81
13492	swamped	81
13493	wisely	81
13494	sentiments	81
13495	staggering	81
13496	dispatched	81
13497	inability	81
13498	momentarily	81
13499	accomplishments	81
13500	assisting	81
13501	borderline	81
13502	buts	81
13503	cooped	81
13504	duration	81
13505	prevents	81
13506	complains	81
13507	recommending	81
13508	ugliest	81
13509	impeccable	81
13510	minions	81
13511	proportions	81
13512	reacting	81
13513	truths	81
13514	stamina	81
13515	virtues	81
13516	warnings	81
13517	muzzle	81
13518	pillar	81
13519	redo	81
13520	scenarios	81
13521	wholesome	81
13522	yearning	81
13523	Adaptation	81
13524	agreeable	81
13525	bids	81
13526	discomfort	81
13527	frail	81
13528	influential	81
13529	philosophical	81
13530	pledged	81
13531	raping	81
13532	rooftop	81
13533	famine	81
13534	circular	81
13535	describes	81
13536	diplomacy	81
13537	latitude	81
13538	mangy	81
13539	mathematical	81
13540	Thursdays	81
13541	accordance	81
13542	blooming	81
13543	chuckle	81
13544	furs	81
13545	stairway	81
13546	component	81
13547	maggot	81
13548	mints	81
13549	forests	81
13550	shrinking	81
13551	coordinator	81
13552	heathen	81
13553	afterlife	81
13554	reopen	81
13555	summons	81
13556	encyclopedia	81
13557	tailing	81
13558	yarn	81
13559	thaw	81
13560	visitation	81
13561	bouncer	81
13562	Hun	81
13563	notebooks	81
13564	geese	81
13565	peaks	81
13566	stag	81
13567	granite	81
13568	sundae	81
13569	hearse	81
13570	Plymouth	81
13571	minivan	81
13572	Axis	81
13573	divers	81
13574	mic	81
13575	Mp	81
13576	shaker	81
13577	grits	81
13578	citation	81
13579	Orient	81
13580	ft	81
13581	Highland	81
13582	Starlight	81
13583	dumplings	81
13584	wont	81
13585	polygraph	81
13586	Amos	81
13587	renal	81
13588	disks	81
13589	Jackal	81
13590	lagoon	81
13591	Husky	81
13592	Pang	81
13593	Titans	81
13594	Wildcats	81
13595	Levi	81
13596	Vail	81
13597	Theta	81
13598	Reb	81
13599	Whitfield	81
13600	Stafford	81
13601	resulting	80
13602	spoiling	80
13603	malicious	80
13604	manages	80
13605	sitter	80
13606	hinges	80
13607	ragged	80
13608	recollection	80
13609	shitload	80
13610	shortest	80
13611	trailing	80
13612	implies	80
13613	unprecedented	80
13614	declined	80
13615	patronize	80
13616	earnest	80
13617	obsessing	80
13618	raided	80
13619	scrawny	80
13620	clientele	80
13621	psychiatrists	80
13622	relaxation	80
13623	tendencies	80
13624	dreamy	80
13625	smuggled	80
13626	binoculars	80
13627	fertile	80
13628	flawless	80
13629	horrifying	80
13630	sprained	80
13631	auditorium	80
13632	goodbyes	80
13633	grotesque	80
13634	leaping	80
13635	panicking	80
13636	porcelain	80
13637	streams	80
13638	titanium	80
13639	gloat	80
13640	jiffy	80
13641	hideout	80
13642	compose	80
13643	makers	80
13644	recalled	80
13645	sever	80
13646	eater	80
13647	recycling	80
13648	responses	80
13649	strut	80
13650	temples	80
13651	tides	80
13652	hammering	80
13653	headphones	80
13654	bonded	80
13655	misty	80
13656	phenomena	80
13657	bridesmaids	80
13658	dears	80
13659	enlist	80
13660	bamboo	80
13661	patches	80
13662	quartet	80
13663	railway	80
13664	kilo	80
13665	trader	80
13666	vibration	80
13667	juries	80
13668	homosexuals	80
13669	occult	80
13670	Pta	80
13671	takeover	80
13672	cylinder	80
13673	patriots	80
13674	vines	80
13675	Popeye	80
13676	bayonet	80
13677	intruders	80
13678	coloured	80
13679	petrol	80
13680	Pl	80
13681	toot	80
13682	Kaiser	80
13683	Chronicle	80
13684	pediatric	80
13685	Sicilian	80
13686	clarinet	80
13687	gangsta	80
13688	Cy	80
13689	Jun	80
13690	Regina	80
13691	Paolo	80
13692	Plankton	80
13693	Anders	80
13694	Provolone	80
13695	Dex	80
13696	sympathize	79
13697	Saturdays	79
13698	receives	79
13699	implications	79
13700	optimism	79
13701	relentless	79
13702	costly	79
13703	finances	79
13704	distinctive	79
13705	highlight	79
13706	roaming	79
13707	spat	79
13708	splits	79
13709	thereby	79
13710	completion	79
13711	ravishing	79
13712	symbolic	79
13713	canceling	79
13714	departing	79
13715	designing	79
13716	detached	79
13717	distraught	79
13718	fussy	79
13719	mistook	79
13720	pleasing	79
13721	scanned	79
13722	freezes	79
13723	muscular	79
13724	reproduce	79
13725	risen	79
13726	vandalism	79
13727	calories	79
13728	frisk	79
13729	malpractice	79
13730	recommendations	79
13731	rejects	79
13732	tactic	79
13733	unfit	79
13734	user	79
13735	youthful	79
13736	blondes	79
13737	shrunk	79
13738	stalked	79
13739	Tuesdays	79
13740	whorehouse	79
13741	carcass	79
13742	ferocious	79
13743	leaked	79
13744	sighting	79
13745	troublesome	79
13746	behavioral	79
13747	liberties	79
13748	tumble	79
13749	unexplained	79
13750	branded	79
13751	curls	79
13752	domination	79
13753	beseech	79
13754	perpetual	79
13755	revolt	79
13756	immigrant	79
13757	Irish	79
13758	repeats	79
13759	disable	79
13760	mirage	79
13761	Onward	79
13762	hedge	79
13763	Twister	79
13764	commanders	79
13765	editors	79
13766	girdle	79
13767	hepatitis	79
13768	aunts	79
13769	escrow	79
13770	fossil	79
13771	hitter	79
13772	aerobics	79
13773	Soho	79
13774	biker	79
13775	quad	79
13776	thorns	79
13777	critters	79
13778	eggnog	79
13779	hotline	79
13780	crucified	79
13781	golfing	79
13782	leprechaun	79
13783	tenor	79
13784	Turks	79
13785	fakes	79
13786	Kraut	79
13787	hijack	79
13788	biopsy	79
13789	python	79
13790	Budapest	79
13791	Burma	79
13792	Flo	79
13793	luau	79
13794	Birch	79
13795	Quahog	79
13796	Berg	79
13797	Vc	79
13798	Banzai	79
13799	Haiti	79
13800	Glover	79
13801	Farley	79
13802	Hogg	79
13803	Lilo	79
13804	disagreement	78
13805	bravely	78
13806	reflects	78
13807	separates	78
13808	unfamiliar	78
13809	butchered	78
13810	unprepared	78
13811	goner	78
13812	optimist	78
13813	sneaked	78
13814	absorbed	78
13815	hellhole	78
13816	feat	78
13817	lateral	78
13818	medications	78
13819	sesame	78
13820	setback	78
13821	stalled	78
13822	swoop	78
13823	Kleenex	78
13824	restrain	78
13825	artwork	78
13826	dysfunctional	78
13827	grownups	78
13828	ploy	78
13829	childbirth	78
13830	contingency	78
13831	honoring	78
13832	renewed	78
13833	scrubbed	78
13834	soar	78
13835	hopelessly	78
13836	pasture	78
13837	stung	78
13838	transcripts	78
13839	undertaker	78
13840	arithmetic	78
13841	generic	78
13842	drains	78
13843	openings	78
13844	transfusion	78
13845	trays	78
13846	grandchild	78
13847	holdings	78
13848	peer	78
13849	scoffs	78
13850	accessed	78
13851	distributor	78
13852	instrumental	78
13853	britches	78
13854	capitalist	78
13855	classmate	78
13856	hoods	78
13857	solace	78
13858	pornographic	78
13859	Protestant	78
13860	shoplifting	78
13861	Michelangelo	78
13862	mag	78
13863	daisies	78
13864	guru	78
13865	java	78
13866	vector	78
13867	acquitted	78
13868	propeller	78
13869	quarry	78
13870	scuba	78
13871	extinguisher	78
13872	fags	78
13873	squawking	78
13874	shutters	78
13875	Stalin	78
13876	aorta	78
13877	hearsay	78
13878	shiver	78
13879	pelvic	78
13880	sitcom	78
13881	blackouts	78
13882	gymnastics	78
13883	rut	78
13884	pharmacist	78
13885	viewer	78
13886	shillings	78
13887	Beanie	78
13888	pinball	78
13889	blockade	78
13890	Hamburg	78
13891	Parson	78
13892	Rem	78
13893	Shaggy	78
13894	Diva	78
13895	poachers	78
13896	Ballard	78
13897	Excalibur	78
13898	Leeds	78
13899	Cooley	78
13900	Huns	78
13901	Picard	78
13902	Clementine	78
13903	Norse	78
13904	Beulah	78
13905	Heng	78
13906	sob	77
13907	lifelong	77
13908	hardship	77
13909	horizontal	77
13910	intrigue	77
13911	twerp	77
13912	mushy	77
13913	remainder	77
13914	silently	77
13915	weakened	77
13916	worldly	77
13917	conflicts	77
13918	gears	77
13919	presiding	77
13920	suffocate	77
13921	whilst	77
13922	ado	77
13923	hardworking	77
13924	hurrying	77
13925	mortality	77
13926	nibble	77
13927	prescriptions	77
13928	restraints	77
13929	subjected	77
13930	unharmed	77
13931	forsaken	77
13932	gambled	77
13933	inquiries	77
13934	twos	77
13935	unprofessional	77
13936	adversary	77
13937	gains	77
13938	unsafe	77
13939	downloaded	77
13940	edit	77
13941	honorary	77
13942	firewood	77
13943	judgmental	77
13944	sensual	77
13945	shrinks	77
13946	aches	77
13947	bends	77
13948	eldest	77
13949	apparatus	77
13950	cram	77
13951	exceptionally	77
13952	petals	77
13953	wallets	77
13954	cockeyed	77
13955	expendable	77
13956	faithfully	77
13957	ripple	77
13958	timid	77
13959	slashed	77
13960	browns	77
13961	sham	77
13962	touring	77
13963	vertebrae	77
13964	gamblers	77
13965	marshmallow	77
13966	Norwegian	77
13967	containers	77
13968	Saturn	77
13969	immigrants	77
13970	whimpers	77
13971	chords	77
13972	interface	77
13973	err	77
13974	gland	77
13975	organised	77
13976	corpus	77
13977	daycare	77
13978	challenger	77
13979	cashmere	77
13980	Tic	77
13981	dis	77
13982	haze	77
13983	mound	77
13984	dopamine	77
13985	graphics	77
13986	Duo	77
13987	napalm	77
13988	electrons	77
13989	werewolves	77
13990	Edinburgh	77
13991	continuum	77
13992	Daffy	77
13993	dialysis	77
13994	Savannah	77
13995	Jailer	77
13996	Lowe	77
13997	sheik	77
13998	Carr	77
13999	Pistachio	77
14000	Parry	77
14001	Coombs	77
14002	Bruiser	77
14003	Petrie	77
14004	Portia	77
14005	soften	76
14006	conveniently	76
14007	comfortably	76
14008	piled	76
14009	shifted	76
14010	widely	76
14011	accessories	76
14012	cheapest	76
14013	psychologically	76
14014	woken	76
14015	earthly	76
14016	muster	76
14017	unheard	76
14018	administered	76
14019	pours	76
14020	resentment	76
14021	stamped	76
14022	uncanny	76
14023	upsets	76
14024	distribute	76
14025	occupational	76
14026	suppress	76
14027	endeavor	76
14028	stabilize	76
14029	commentary	76
14030	firearm	76
14031	smarts	76
14032	accuracy	76
14033	advancing	76
14034	extinction	76
14035	livelihood	76
14036	potent	76
14037	incompetence	76
14038	stripping	76
14039	tonsils	76
14040	conditioned	76
14041	donations	76
14042	Metropolitan	76
14043	oppression	76
14044	privy	76
14045	attire	76
14046	blazes	76
14047	hemisphere	76
14048	solutions	76
14049	astray	76
14050	joyful	76
14051	blowout	76
14052	electrician	76
14053	coded	76
14054	dislocated	76
14055	persona	76
14056	framing	76
14057	giraffe	76
14058	vat	76
14059	pocketbook	76
14060	spanked	76
14061	teammates	76
14062	clowning	76
14063	duffel	76
14064	pickled	76
14065	mandate	76
14066	Cath	76
14067	conventions	76
14068	gays	76
14069	ammonia	76
14070	Arabia	76
14071	Minneapolis	76
14072	Siamese	76
14073	vortex	76
14074	swimmers	76
14075	Das	76
14076	Omega	76
14077	cupcakes	76
14078	fireball	76
14079	tablet	76
14080	cipher	76
14081	Deadwood	76
14082	Grammy	76
14083	mano	76
14084	Canadians	76
14085	Mayflower	76
14086	Tartar	76
14087	annulment	76
14088	Clarke	76
14089	nobles	76
14090	Singh	76
14091	groundhog	76
14092	Dominique	76
14093	Fraser	76
14094	Tum	76
14095	Zak	76
14096	Spig	76
14097	devised	75
14098	brats	75
14099	fulfilling	75
14100	barren	75
14101	bleeds	75
14102	complicate	75
14103	compromising	75
14104	contacting	75
14105	enable	75
14106	firsthand	75
14107	fixes	75
14108	trademark	75
14109	brilliance	75
14110	emerged	75
14111	esteemed	75
14112	sacrificing	75
14113	unclear	75
14114	conspicuous	75
14115	displayed	75
14116	failures	75
14117	speeds	75
14118	starvation	75
14119	suffocating	75
14120	godforsaken	75
14121	scouting	75
14122	sightseeing	75
14123	skeptical	75
14124	stricken	75
14125	transporting	75
14126	humorous	75
14127	perceived	75
14128	intentional	75
14129	medically	75
14130	prying	75
14131	blinding	75
14132	contraption	75
14133	enclosed	75
14134	flushing	75
14135	maternal	75
14136	blasphemy	75
14137	assailant	75
14138	continents	75
14139	dominated	75
14140	Italy	75
14141	plump	75
14142	prune	75
14143	regions	75
14144	threes	75
14145	contradiction	75
14146	pathological	75
14147	ruckus	75
14148	biography	75
14149	ironing	75
14150	lag	75
14151	poorer	75
14152	springtime	75
14153	badass	75
14154	ministers	75
14155	railing	75
14156	artifacts	75
14157	collectors	75
14158	dispatcher	75
14159	Eureka	75
14160	pox	75
14161	splinter	75
14162	Midtown	75
14163	uplink	75
14164	playback	75
14165	Ab	75
14166	centimeters	75
14167	barricade	75
14168	Incorporated	75
14169	retro	75
14170	dowry	75
14171	shutdown	75
14172	tramps	75
14173	operators	75
14174	Crosby	75
14175	fi	75
14176	mower	75
14177	reproduction	75
14178	Toyota	75
14179	satchel	75
14180	quicksand	75
14181	Fiji	75
14182	Bewitched	75
14183	smallpox	75
14184	vicar	75
14185	typhoon	75
14186	shilling	75
14187	Granger	75
14188	Nebula	75
14189	Goober	75
14190	Seer	75
14191	Vale	75
14192	Deke	75
14193	Borg	75
14194	Muller	75
14195	Jumba	75
14196	guesses	74
14197	lured	74
14198	corrections	74
14199	researching	74
14200	unloaded	74
14201	endured	74
14202	resourceful	74
14203	swallowing	74
14204	undermine	74
14205	beforehand	74
14206	oversight	74
14207	sprinkle	74
14208	staked	74
14209	grinning	74
14210	hots	74
14211	lockers	74
14212	provider	74
14213	rundown	74
14214	simplest	74
14215	butting	74
14216	outburst	74
14217	redundant	74
14218	folly	74
14219	gloss	74
14220	heartache	74
14221	sublime	74
14222	acquisition	74
14223	construct	74
14224	extravagant	74
14225	pricks	74
14226	riled	74
14227	secretaries	74
14228	confessing	74
14229	litigation	74
14230	newlyweds	74
14231	reins	74
14232	untrue	74
14233	enlightenment	74
14234	imagery	74
14235	impersonating	74
14236	irritable	74
14237	linger	74
14238	puny	74
14239	quoted	74
14240	sorting	74
14241	tiresome	74
14242	cleanse	74
14243	indestructible	74
14244	marksman	74
14245	retract	74
14246	tampered	74
14247	extracurricular	74
14248	youngster	74
14249	cocksuckers	74
14250	prescribe	74
14251	rite	74
14252	sorrows	74
14253	correctional	74
14254	deleted	74
14255	wines	74
14256	buzzards	74
14257	farts	74
14258	stormy	74
14259	miner	74
14260	perceive	74
14261	perverts	74
14262	proposals	74
14263	chastity	74
14264	juggle	74
14265	overcoat	74
14266	orgasms	74
14267	pulmonary	74
14268	shutter	74
14269	stripe	74
14270	rummy	74
14271	shelling	74
14272	heroine	74
14273	latex	74
14274	mystic	74
14275	sleepover	74
14276	termites	74
14277	valves	74
14278	prophecies	74
14279	Shalom	74
14280	caravan	74
14281	Guatemala	74
14282	stockade	74
14283	invaders	74
14284	narc	74
14285	hos	74
14286	jellyfish	74
14287	translates	74
14288	Friedman	74
14289	Manila	74
14290	Jiminy	74
14291	Baghdad	74
14292	microchip	74
14293	talisman	74
14294	Sloth	74
14295	Titan	74
14296	layaway	74
14297	Isaiah	74
14298	Fairbanks	74
14299	bom	74
14300	Rc	74
14301	Hud	74
14302	Morpheus	74
14303	Crewe	74
14304	rebuilt	73
14305	inflicted	73
14306	cramped	73
14307	tolerated	73
14308	famished	73
14309	inconsiderate	73
14310	requirement	73
14311	triggers	73
14312	dubious	73
14313	establishing	73
14314	magnitude	73
14315	trespass	73
14316	manipulating	73
14317	overreact	73
14318	penetrated	73
14319	snug	73
14320	urgency	73
14321	density	73
14322	Gesundheit	73
14323	pressures	73
14324	schooling	73
14325	tedious	73
14326	coworkers	73
14327	detest	73
14328	interact	73
14329	thrills	73
14330	misdemeanor	73
14331	preview	73
14332	sexiest	73
14333	venue	73
14334	apprehend	73
14335	pathology	73
14336	quitter	73
14337	swims	73
14338	priors	73
14339	attacker	73
14340	hissing	73
14341	penance	73
14342	restrictions	73
14343	bribes	73
14344	counselors	73
14345	panels	73
14346	petting	73
14347	rated	73
14348	dyed	73
14349	faucet	73
14350	Sacramento	73
14351	spur	73
14352	automated	73
14353	envelopes	73
14354	gauze	73
14355	innocents	73
14356	tract	73
14357	bridegroom	73
14358	Polaroid	73
14359	Siberia	73
14360	concepts	73
14361	teachings	73
14362	salts	73
14363	delegate	73
14364	eel	73
14365	flaps	73
14366	rematch	73
14367	Gazette	73
14368	Burbank	73
14369	carousel	73
14370	concierge	73
14371	raccoon	73
14372	Cannonball	73
14373	dismount	73
14374	gravel	73
14375	hijacking	73
14376	camper	73
14377	glucose	73
14378	helium	73
14379	thumping	73
14380	Elm	73
14381	aviation	73
14382	Presley	73
14383	blokes	73
14384	Hepburn	73
14385	newspaperman	73
14386	wasp	73
14387	lm	73
14388	Alamo	73
14389	cluck	73
14390	yap	73
14391	Chink	73
14392	canister	73
14393	goalie	73
14394	Whistler	73
14395	reactors	73
14396	Jamaican	73
14397	cadets	73
14398	Om	73
14399	Hobbit	73
14400	Adder	73
14401	Guinevere	73
14402	Syed	73
14403	Gael	73
14404	Hing	73
14405	Muir	73
14406	listener	72
14407	piling	72
14408	heartfelt	72
14409	labeled	72
14410	locating	72
14411	observations	72
14412	unorthodox	72
14413	begs	72
14414	bitterness	72
14415	demonstrated	72
14416	stained	72
14417	bailing	72
14418	ducking	72
14419	elusive	72
14420	fatter	72
14421	hauled	72
14422	quickest	72
14423	reassuring	72
14424	colossal	72
14425	lecturing	72
14426	accountable	72
14427	assumptions	72
14428	commissioned	72
14429	shatter	72
14430	trusty	72
14431	believable	72
14432	deposited	72
14433	elect	72
14434	parameters	72
14435	rump	72
14436	therapeutic	72
14437	diagnostic	72
14438	passionately	72
14439	perk	72
14440	dopey	72
14441	regroup	72
14442	shrewd	72
14443	Yippee	72
14444	barbaric	72
14445	donut	72
14446	intervene	72
14447	introductions	72
14448	participating	72
14449	certificates	72
14450	frosting	72
14451	hamper	72
14452	horrified	72
14453	reassigned	72
14454	evils	72
14455	illustrious	72
14456	pastures	72
14457	pediatrician	72
14458	spikes	72
14459	bloodbath	72
14460	flares	72
14461	trough	72
14462	brushes	72
14463	penetration	72
14464	widower	72
14465	busts	72
14466	faggots	72
14467	substances	72
14468	ballad	72
14469	Chihuahua	72
14470	installation	72
14471	tablets	72
14472	Twas	72
14473	chandelier	72
14474	fluff	72
14475	loon	72
14476	masseuse	72
14477	septic	72
14478	evicted	72
14479	gynecologist	72
14480	nameless	72
14481	reptile	72
14482	enema	72
14483	eject	72
14484	trolley	72
14485	Crescent	72
14486	India	72
14487	drones	72
14488	Nietzsche	72
14489	playwright	72
14490	Brits	72
14491	melons	72
14492	camels	72
14493	gopher	72
14494	ni	72
14495	Sahara	72
14496	Bronco	72
14497	hippo	72
14498	Dover	72
14499	hyena	72
14500	councilman	72
14501	Marcel	72
14502	Rosebud	72
14503	bbs	72
14504	gunfighter	72
14505	llama	72
14506	Orion	72
14507	Char	72
14508	Sen	72
14509	pardner	72
14510	Sweetwater	72
14511	Agamemnon	72
14512	comforts	71
14513	adjustments	71
14514	festivities	71
14515	intensely	71
14516	uninvited	71
14517	endlessly	71
14518	minded	71
14519	thoughtless	71
14520	wipes	71
14521	nifty	71
14522	participated	71
14523	pointers	71
14524	sipping	71
14525	stabilized	71
14526	delicacy	71
14527	endorsement	71
14528	forwards	71
14529	freshly	71
14530	quieter	71
14531	rung	71
14532	twit	71
14533	breathed	71
14534	complication	71
14535	feisty	71
14536	friendships	71
14537	organizations	71
14538	ranking	71
14539	regretted	71
14540	supervised	71
14541	unkind	71
14542	wept	71
14543	circled	71
14544	deemed	71
14545	distressed	71
14546	ivory	71
14547	mediocre	71
14548	sufficiently	71
14549	authors	71
14550	explicit	71
14551	gadgets	71
14552	reclaim	71
14553	tetanus	71
14554	intimately	71
14555	output	71
14556	bathed	71
14557	delinquent	71
14558	eyebrow	71
14559	fictional	71
14560	hatched	71
14561	nicked	71
14562	chilled	71
14563	crumble	71
14564	finesse	71
14565	grownup	71
14566	universities	71
14567	garment	71
14568	hospitalized	71
14569	marches	71
14570	margarita	71
14571	reload	71
14572	drills	71
14573	fashioned	71
14574	frigid	71
14575	objectives	71
14576	peppermint	71
14577	icing	71
14578	jugular	71
14579	parcel	71
14580	pedestrian	71
14581	slang	71
14582	arraignment	71
14583	corned	71
14584	snowball	71
14585	technicians	71
14586	chunky	71
14587	homing	71
14588	milking	71
14589	wigs	71
14590	brittle	71
14591	sightings	71
14592	crackling	71
14593	technologies	71
14594	aeroplane	71
14595	Laundromat	71
14596	gymnasium	71
14597	merge	71
14598	Ave	71
14599	parasites	71
14600	unions	71
14601	Auf	71
14602	cuddly	71
14603	lifeboat	71
14604	slingshot	71
14605	gout	71
14606	hedges	71
14607	hammock	71
14608	wildcat	71
14609	yak	71
14610	brimstone	71
14611	Windsor	71
14612	transponder	71
14613	cabbie	71
14614	Rook	71
14615	Chapman	71
14616	Hue	71
14617	Apostle	71
14618	ogre	71
14619	chimps	71
14620	Swede	71
14621	Panthers	71
14622	Hallo	71
14623	Debby	71
14624	Nimbus	71
14625	Guzzler	71
14626	Veda	71
14627	forthcoming	70
14628	mastered	70
14629	bickering	70
14630	scarcely	70
14631	mentions	70
14632	misjudged	70
14633	startling	70
14634	strained	70
14635	flattery	70
14636	horrific	70
14637	nightly	70
14638	brighten	70
14639	bubbly	70
14640	edible	70
14641	poisons	70
14642	unwanted	70
14643	berserk	70
14644	intimidating	70
14645	kindest	70
14646	puzzled	70
14647	statistically	70
14648	blurry	70
14649	competitor	70
14650	flannel	70
14651	imaginative	70
14652	jolt	70
14653	rabid	70
14654	lapse	70
14655	sentencing	70
14656	airports	70
14657	banter	70
14658	ceremonial	70
14659	cleavage	70
14660	collapsing	70
14661	haystack	70
14662	joys	70
14663	keepers	70
14664	irritated	70
14665	unmarked	70
14666	blisters	70
14667	piercing	70
14668	prude	70
14669	stimulation	70
14670	triumphant	70
14671	capability	70
14672	crafts	70
14673	daybreak	70
14674	expel	70
14675	millimeter	70
14676	powered	70
14677	landings	70
14678	manic	70
14679	mitt	70
14680	stimulate	70
14681	stationery	70
14682	hearings	70
14683	seasick	70
14684	crickets	70
14685	Majestic	70
14686	prestige	70
14687	securities	70
14688	fencing	70
14689	marshals	70
14690	peninsula	70
14691	Tootsie	70
14692	curriculum	70
14693	delegation	70
14694	drought	70
14695	laundering	70
14696	sentry	70
14697	hostiles	70
14698	shawl	70
14699	phat	70
14700	smut	70
14701	magistrate	70
14702	Frisco	70
14703	census	70
14704	Hummer	70
14705	tram	70
14706	crypt	70
14707	km	70
14708	Bb	70
14709	putter	70
14710	Cambodia	70
14711	hickey	70
14712	guerrillas	70
14713	Syracuse	70
14714	Aqua	70
14715	Beirut	70
14716	Thumper	70
14717	Watergate	70
14718	periscope	70
14719	trolls	70
14720	Keats	70
14721	Odell	70
14722	Ebenezer	70
14723	Kam	70
14724	Spooner	70
14725	Orestes	70
14726	Yggdrasil	70
14727	enjoyment	69
14728	shindig	69
14729	unthinkable	69
14730	ecstatic	69
14731	hurl	69
14732	overlooking	69
14733	solves	69
14734	aroma	69
14735	attitudes	69
14736	contemplating	69
14737	documentation	69
14738	duly	69
14739	inflict	69
14740	presumptuous	69
14741	simplicity	69
14742	spiked	69
14743	coarse	69
14744	highways	69
14745	literal	69
14746	manipulation	69
14747	rambling	69
14748	draining	69
14749	dreaded	69
14750	havoc	69
14751	inventing	69
14752	joyous	69
14753	maniacs	69
14754	twig	69
14755	hemorrhaging	69
14756	intolerable	69
14757	uncertainty	69
14758	billboard	69
14759	meddling	69
14760	unfold	69
14761	boundary	69
14762	carefree	69
14763	contests	69
14764	dispense	69
14765	hammers	69
14766	tasteful	69
14767	collections	69
14768	concession	69
14769	contradict	69
14770	contusions	69
14771	judicial	69
14772	outward	69
14773	starch	69
14774	caress	69
14775	disorderly	69
14776	intermission	69
14777	lockup	69
14778	Neanderthal	69
14779	nylon	69
14780	honours	69
14781	scripture	69
14782	skinned	69
14783	tailed	69
14784	waxed	69
14785	hormone	69
14786	mastermind	69
14787	overthrow	69
14788	rips	69
14789	geezer	69
14790	hanger	69
14791	hereafter	69
14792	sleepless	69
14793	bribery	69
14794	duds	69
14795	executioner	69
14796	hitchhiking	69
14797	pagan	69
14798	physicist	69
14799	schizophrenia	69
14800	temporal	69
14801	bachelors	69
14802	banish	69
14803	entourage	69
14804	malls	69
14805	Oval	69
14806	sauna	69
14807	skis	69
14808	beige	69
14809	inland	69
14810	lasers	69
14811	Productions	69
14812	schematics	69
14813	wholly	69
14814	accelerator	69
14815	fest	69
14816	spooks	69
14817	Adolf	69
14818	boobies	69
14819	Pasadena	69
14820	satanic	69
14821	Basil	69
14822	Colombian	69
14823	stair	69
14824	squeals	69
14825	winch	69
14826	beneficiary	69
14827	crease	69
14828	jailhouse	69
14829	shank	69
14830	aristocrat	69
14831	Corvette	69
14832	Ob	69
14833	trapeze	69
14834	almonds	69
14835	ballot	69
14836	conservatory	69
14837	Alto	69
14838	pedophile	69
14839	Archers	69
14840	Norfolk	69
14841	Springfield	69
14842	Prudence	69
14843	suitor	69
14844	Hickory	69
14845	Othello	69
14846	thriller	69
14847	Otter	69
14848	cotillion	69
14849	Nicaragua	69
14850	Iceman	69
14851	Wilton	69
14852	Ger	69
14853	faintest	68
14854	mildly	68
14855	oversee	68
14856	tiniest	68
14857	worships	68
14858	consists	68
14859	floated	68
14860	nationwide	68
14861	neatly	68
14862	tragically	68
14863	conned	68
14864	originated	68
14865	rehearsed	68
14866	seams	68
14867	defenseless	68
14868	discourage	68
14869	scarier	68
14870	ceased	68
14871	deathbed	68
14872	endurance	68
14873	humidity	68
14874	possesses	68
14875	secretive	68
14876	unholy	68
14877	willingness	68
14878	advising	68
14879	illegitimate	68
14880	polishing	68
14881	Wednesdays	68
14882	announcements	68
14883	claustrophobic	68
14884	daft	68
14885	harass	68
14886	initiation	68
14887	leaps	68
14888	portraits	68
14889	relic	68
14890	strangling	68
14891	adjacent	68
14892	clash	68
14893	girly	68
14894	indoor	68
14895	specialize	68
14896	dwelling	68
14897	evident	68
14898	randomly	68
14899	subscription	68
14900	swarm	68
14901	earthquakes	68
14902	renegade	68
14903	siding	68
14904	dribble	68
14905	gentry	68
14906	oils	68
14907	stats	68
14908	arterial	68
14909	beatings	68
14910	reverence	68
14911	standpoint	68
14912	aversion	68
14913	dialect	68
14914	kiddie	68
14915	ominous	68
14916	anesthetic	68
14917	Cokes	68
14918	termination	68
14919	brethren	68
14920	cheques	68
14921	communities	68
14922	dangle	68
14923	physicians	68
14924	Democrats	68
14925	jest	68
14926	prospective	68
14927	fingernail	68
14928	hens	68
14929	debutante	68
14930	citizenship	68
14931	lint	68
14932	metres	68
14933	psychosis	68
14934	stampede	68
14935	amnesty	68
14936	cleaver	68
14937	estates	68
14938	groupie	68
14939	spunk	68
14940	halftime	68
14941	obituary	68
14942	pear	68
14943	Portugal	68
14944	whup	68
14945	kamikaze	68
14946	detox	68
14947	guardians	68
14948	Greased	68
14949	quail	68
14950	spender	68
14951	vanquishing	68
14952	trainee	68
14953	Chamberlain	68
14954	Dar	68
14955	dildo	68
14956	hast	68
14957	Hornet	68
14958	Welch	68
14959	bayou	68
14960	Abilene	68
14961	medallion	68
14962	Pissant	68
14963	Ufos	68
14964	Cantonese	68
14965	Abel	68
14966	Derrick	68
14967	Hansel	68
14968	Newt	68
14969	Jacoby	68
14970	Loren	68
14971	Pippin	68
14972	Bai	68
14973	Lao	68
14974	Cleric	68
14975	Becket	68
14976	Brogan	68
14977	Hagrid	68
14978	peddling	67
14979	stares	67
14980	telephones	67
14981	criticizing	67
14982	deprive	67
14983	dusting	67
14984	generated	67
14985	hesitated	67
14986	scarred	67
14987	distributed	67
14988	embraced	67
14989	pleaded	67
14990	toasted	67
14991	unannounced	67
14992	updated	67
14993	expectation	67
14994	Godspeed	67
14995	poked	67
14996	sympathies	67
14997	insanely	67
14998	perfected	67
14999	renowned	67
15000	searches	67
15001	Sic	67
15002	awoke	67
15003	linking	67
15004	postmortem	67
15005	prerogative	67
15006	prohibited	67
15007	rubs	67
15008	tampering	67
15009	chitchat	67
15010	excruciating	67
15011	Geographic	67
15012	negotiated	67
15013	garter	67
15014	mailing	67
15015	margaritas	67
15016	metallic	67
15017	straps	67
15018	boxed	67
15019	damnation	67
15020	loveliest	67
15021	madhouse	67
15022	smothered	67
15023	rebuilding	67
15024	schoolboy	67
15025	superiority	67
15026	zillion	67
15027	blindness	67
15028	loins	67
15029	clover	67
15030	cluster	67
15031	elope	67
15032	falsely	67
15033	nutcase	67
15034	raced	67
15035	strive	67
15036	blossoms	67
15037	crutch	67
15038	twirl	67
15039	barbed	67
15040	homage	67
15041	outcast	67
15042	scold	67
15043	shelters	67
15044	twenties	67
15045	fives	67
15046	hippies	67
15047	slew	67
15048	Victorian	67
15049	anthropology	67
15050	crybaby	67
15051	outpost	67
15052	scourge	67
15053	Tres	67
15054	infidelity	67
15055	paranormal	67
15056	alignment	67
15057	bran	67
15058	equity	67
15059	rubbers	67
15060	translating	67
15061	accordion	67
15062	archive	67
15063	farmhouse	67
15064	Frenchmen	67
15065	leeches	67
15066	trustees	67
15067	twat	67
15068	astronomy	67
15069	commune	67
15070	hailing	67
15071	negotiator	67
15072	pedestal	67
15073	Crimson	67
15074	gorge	67
15075	prodigy	67
15076	hypnotic	67
15077	Mandarin	67
15078	huff	67
15079	para	67
15080	squaw	67
15081	Terminator	67
15082	dimples	67
15083	headless	67
15084	scorpions	67
15085	bowler	67
15086	banister	67
15087	brooch	67
15088	Dada	67
15089	inhibitor	67
15090	microfilm	67
15091	Duff	67
15092	Medina	67
15093	pellet	67
15094	Copenhagen	67
15095	Ryder	67
15096	bodega	67
15097	Castor	67
15098	Gussie	67
15099	Nacho	67
15100	Sp	67
15101	Stumpy	67
15102	Wiki	67
15103	Jube	67
15104	decisive	66
15105	fetching	66
15106	sneaks	66
15107	attentive	66
15108	chaser	66
15109	surpassed	66
15110	commits	66
15111	converse	66
15112	donating	66
15113	downside	66
15114	gracefully	66
15115	invaluable	66
15116	lucrative	66
15117	perverse	66
15118	refusal	66
15119	separating	66
15120	soothe	66
15121	dangling	66
15122	dazzling	66
15123	dipping	66
15124	impolite	66
15125	outraged	66
15126	scraped	66
15127	beaut	66
15128	confer	66
15129	cures	66
15130	detectors	66
15131	foggy	66
15132	intake	66
15133	knuckle	66
15134	sewn	66
15135	turkeys	66
15136	unpopular	66
15137	condescending	66
15138	conversion	66
15139	curves	66
15140	dealership	66
15141	energetic	66
15142	hoodlum	66
15143	imposed	66
15144	penal	66
15145	reeks	66
15146	roadblocks	66
15147	tush	66
15148	unwind	66
15149	victorious	66
15150	visionary	66
15151	astounding	66
15152	hairdo	66
15153	prowl	66
15154	burp	66
15155	crowbar	66
15156	feud	66
15157	jitters	66
15158	overture	66
15159	shovels	66
15160	adjourn	66
15161	chipper	66
15162	fruity	66
15163	handgun	66
15164	uncool	66
15165	confessional	66
15166	copying	66
15167	demonstrations	66
15168	forgives	66
15169	harmful	66
15170	herpes	66
15171	longed	66
15172	trio	66
15173	vaginal	66
15174	cycles	66
15175	desserts	66
15176	electrocuted	66
15177	medics	66
15178	calculator	66
15179	duet	66
15180	echoes	66
15181	extradition	66
15182	injections	66
15183	deformed	66
15184	dementia	66
15185	Hasta	66
15186	motorcycles	66
15187	fixtures	66
15188	reincarnation	66
15189	sewers	66
15190	ultimatum	66
15191	ration	66
15192	clink	66
15193	escalator	66
15194	hisself	66
15195	kerosene	66
15196	pooch	66
15197	carotid	66
15198	controller	66
15199	elimination	66
15200	epiphany	66
15201	Iv	66
15202	mocha	66
15203	prediction	66
15204	sac	66
15205	vial	66
15206	advisors	66
15207	conjunction	66
15208	hooves	66
15209	snuggle	66
15210	farted	66
15211	asbestos	66
15212	flavors	66
15213	hangman	66
15214	raggedy	66
15215	topside	66
15216	bulldozer	66
15217	Corp	66
15218	manned	66
15219	rupture	66
15220	injunction	66
15221	pap	66
15222	Denmark	66
15223	princesses	66
15224	vials	66
15225	Mesa	66
15226	Boca	66
15227	anthrax	66
15228	Nepal	66
15229	Versailles	66
15230	Hershey	66
15231	hex	66
15232	turban	66
15233	Brutus	66
15234	landfill	66
15235	boa	66
15236	Allo	66
15237	Dingo	66
15238	ting	66
15239	Katharine	66
15240	Mod	66
15241	Grimm	66
15242	Dorian	66
15243	Zion	66
15244	Sheldrake	66
15245	doubting	65
15246	emphasis	65
15247	inevitably	65
15248	internally	65
15249	cooled	65
15250	divulge	65
15251	explored	65
15252	faxed	65
15253	individually	65
15254	plucked	65
15255	rents	65
15256	beginnings	65
15257	endangering	65
15258	performances	65
15259	relying	65
15260	constitutes	65
15261	disrupt	65
15262	exhibits	65
15263	lacked	65
15264	moping	65
15265	possessive	65
15266	sirree	65
15267	towed	65
15268	catastrophic	65
15269	dissolved	65
15270	flashed	65
15271	oppressed	65
15272	susceptible	65
15273	weakest	65
15274	chases	65
15275	implicated	65
15276	knickers	65
15277	luscious	65
15278	commencing	65
15279	dreadfully	65
15280	elegance	65
15281	intervals	65
15282	relocate	65
15283	bearded	65
15284	Belgium	65
15285	cancellation	65
15286	depraved	65
15287	Hallmark	65
15288	registry	65
15289	singular	65
15290	tolerant	65
15291	chrome	65
15292	fib	65
15293	lucid	65
15294	snotty	65
15295	accelerate	65
15296	diagram	65
15297	memento	65
15298	mutilated	65
15299	cherished	65
15300	infectious	65
15301	minors	65
15302	pretext	65
15303	runny	65
15304	architectural	65
15305	hiccups	65
15306	slum	65
15307	sluts	65
15308	chestnut	65
15309	critter	65
15310	Everest	65
15311	fliers	65
15312	podium	65
15313	posh	65
15314	snows	65
15315	vendor	65
15316	blinked	65
15317	detachment	65
15318	grinder	65
15319	investor	65
15320	pebble	65
15321	sharper	65
15322	streetcar	65
15323	lewd	65
15324	rowing	65
15325	cheeseburgers	65
15326	socialist	65
15327	trombone	65
15328	Pakistan	65
15329	Scat	65
15330	unclean	65
15331	afflicted	65
15332	paradox	65
15333	beetles	65
15334	export	65
15335	lizards	65
15336	procession	65
15337	wharf	65
15338	Austrian	65
15339	cartel	65
15340	alligators	65
15341	bookkeeper	65
15342	Maxim	65
15343	tryouts	65
15344	Vp	65
15345	Jove	65
15346	Taj	65
15347	windmill	65
15348	Louvre	65
15349	Dodger	65
15350	swans	65
15351	eunuch	65
15352	goblins	65
15353	livery	65
15354	pajama	65
15355	Okinawa	65
15356	Lancaster	65
15357	Senora	65
15358	Mao	65
15359	dias	65
15360	Martians	65
15361	Hanks	65
15362	Cyclops	65
15363	gon	65
15364	Morales	65
15365	motorcade	65
15366	Nelly	65
15367	Alpine	65
15368	Tao	65
15369	Grimes	65
15370	Piccolo	65
15371	Saxons	65
15372	singularity	65
15373	Trina	65
15374	Faraday	65
15375	Goddard	65
15376	Massa	65
15377	Elektra	65
15378	Meril	65
15379	Minerva	65
15380	Skilling	65
15381	Timon	65
15382	conformed	64
15383	consented	64
15384	displays	64
15385	fainting	64
15386	jams	64
15387	scheduling	64
15388	subsequent	64
15389	commonly	64
15390	embark	64
15391	healthier	64
15392	mascara	64
15393	poised	64
15394	landmark	64
15395	phoning	64
15396	proceeded	64
15397	stocked	64
15398	trampled	64
15399	wannabe	64
15400	cater	64
15401	clocked	64
15402	consultation	64
15403	exaggerated	64
15404	latter	64
15405	pressuring	64
15406	prosperous	64
15407	rejoin	64
15408	aspirations	64
15409	cheeky	64
15410	envious	64
15411	housework	64
15412	overslept	64
15413	responds	64
15414	seriousness	64
15415	approximate	64
15416	barred	64
15417	exceed	64
15418	hypocritical	64
15419	projected	64
15420	sedate	64
15421	transfers	64
15422	variation	64
15423	craziness	64
15424	residual	64
15425	rocker	64
15426	showdown	64
15427	slander	64
15428	checkout	64
15429	composite	64
15430	gullible	64
15431	mid	64
15432	pacing	64
15433	pooped	64
15434	stow	64
15435	trades	64
15436	underlying	64
15437	baddest	64
15438	bucking	64
15439	campfire	64
15440	despised	64
15441	imaging	64
15442	inhabitants	64
15443	lifeless	64
15444	rejecting	64
15445	volts	64
15446	aggravated	64
15447	blitz	64
15448	captivity	64
15449	clippings	64
15450	downfall	64
15451	insubordination	64
15452	veterinarian	64
15453	munitions	64
15454	retaliate	64
15455	Yorkers	64
15456	petroleum	64
15457	ambulances	64
15458	bowing	64
15459	crackhead	64
15460	germ	64
15461	grooming	64
15462	operatives	64
15463	pints	64
15464	slaughterhouse	64
15465	valor	64
15466	vibrating	64
15467	biologist	64
15468	deployment	64
15469	downstream	64
15470	napping	64
15471	whacking	64
15472	barbarians	64
15473	escorts	64
15474	pusher	64
15475	hives	64
15476	negatives	64
15477	armpit	64
15478	conjure	64
15479	gunmen	64
15480	iodine	64
15481	Tampa	64
15482	tanning	64
15483	ulcers	64
15484	smokers	64
15485	bitchy	64
15486	combustion	64
15487	howls	64
15488	sneezed	64
15489	toupee	64
15490	toolbox	64
15491	convicts	64
15492	haywire	64
15493	orbital	64
15494	dud	64
15495	Letterman	64
15496	ventilator	64
15497	creme	64
15498	felons	64
15499	imprint	64
15500	landscaping	64
15501	Wiedersehen	64
15502	Bogart	64
15503	custard	64
15504	Hispanic	64
15505	nylons	64
15506	Lear	64
15507	Barbados	64
15508	sax	64
15509	prosecutors	64
15510	fiesta	64
15511	coon	64
15512	pushups	64
15513	Gravely	64
15514	swordsman	64
15515	Richter	64
15516	walnuts	64
15517	concubine	64
15518	Kyoto	64
15519	skaters	64
15520	Beagle	64
15521	hubba	64
15522	Acme	64
15523	Hubble	64
15524	sahib	64
15525	Altair	64
15526	Yip	64
15527	Drago	64
15528	Cady	64
15529	develops	63
15530	narrows	63
15531	gunning	63
15532	measly	63
15533	outright	63
15534	regained	63
15535	strolling	63
15536	advancement	63
15537	revoked	63
15538	contemplate	63
15539	diminished	63
15540	exceeded	63
15541	featured	63
15542	incriminating	63
15543	ugliness	63
15544	anomaly	63
15545	breathtaking	63
15546	dialing	63
15547	flatten	63
15548	induced	63
15549	malignant	63
15550	moderate	63
15551	owing	63
15552	penniless	63
15553	pushover	63
15554	respiration	63
15555	saddled	63
15556	sketchy	63
15557	turmoil	63
15558	bashful	63
15559	implement	63
15560	revised	63
15561	valuables	63
15562	charmer	63
15563	flawed	63
15564	infiltrated	63
15565	meddle	63
15566	profoundly	63
15567	sacked	63
15568	stingy	63
15569	unprotected	63
15570	cesspool	63
15571	friction	63
15572	genitals	63
15573	hoodlums	63
15574	wart	63
15575	awakening	63
15576	bona	63
15577	brilliantly	63
15578	camped	63
15579	flips	63
15580	infants	63
15581	plight	63
15582	catfish	63
15583	compression	63
15584	rushes	63
15585	serene	63
15586	strays	63
15587	vinyl	63
15588	collars	63
15589	compulsion	63
15590	hussy	63
15591	informer	63
15592	Moreover	63
15593	telegrams	63
15594	leper	63
15595	myths	63
15596	playmate	63
15597	slammer	63
15598	blueprint	63
15599	polyester	63
15600	bellboy	63
15601	mainstream	63
15602	rugs	63
15603	sniffs	63
15604	caramel	63
15605	nuggets	63
15606	Arabian	63
15607	axle	63
15608	users	63
15609	menopause	63
15610	Bonsoir	63
15611	Watts	63
15612	navel	63
15613	valedictorian	63
15614	terrors	63
15615	Tolstoy	63
15616	femme	63
15617	coleslaw	63
15618	Malaysia	63
15619	priestess	63
15620	Carroll	63
15621	arsenic	63
15622	Antoinette	63
15623	Lor	63
15624	Steadman	63
15625	Morgenstern	63
15626	Neutron	63
15627	Pol	63
15628	Kelp	63
15629	Canterbury	63
15630	Gorman	63
15631	Leone	63
15632	Smithy	63
15633	Puppeteer	63
15634	Dobie	63
15635	Engle	63
15636	Creasy	63
15637	merrier	62
15638	glorified	62
15639	interrogating	62
15640	arouse	62
15641	furnished	62
15642	observant	62
15643	whomever	62
15644	breather	62
15645	disoriented	62
15646	speculate	62
15647	discarded	62
15648	emerging	62
15649	fastened	62
15650	haunts	62
15651	hurried	62
15652	sicker	62
15653	unnoticed	62
15654	adventurous	62
15655	fished	62
15656	nocturnal	62
15657	obeyed	62
15658	peaked	62
15659	rivals	62
15660	thereafter	62
15661	cheered	62
15662	courteous	62
15663	deluded	62
15664	hairline	62
15665	immensely	62
15666	infect	62
15667	lifesaver	62
15668	liner	62
15669	performers	62
15670	capped	62
15671	exploiting	62
15672	grips	62
15673	inspirational	62
15674	roofs	62
15675	spirited	62
15676	tumbling	62
15677	victories	62
15678	wring	62
15679	dusted	62
15680	foil	62
15681	masturbate	62
15682	nourishment	62
15683	versions	62
15684	implanted	62
15685	mammal	62
15686	moisture	62
15687	neutralize	62
15688	pimples	62
15689	selves	62
15690	melodramatic	62
15691	umbilical	62
15692	conscientious	62
15693	inbound	62
15694	nitwit	62
15695	poached	62
15696	publishers	62
15697	shoppers	62
15698	thriving	62
15699	Alps	62
15700	carpets	62
15701	hefty	62
15702	horsepower	62
15703	snowed	62
15704	untold	62
15705	vendetta	62
15706	daddies	62
15707	hillside	62
15708	govern	62
15709	pharmaceuticals	62
15710	platonic	62
15711	drunkard	62
15712	Lp	62
15713	manhunt	62
15714	saucy	62
15715	Skippy	62
15716	smitten	62
15717	taboo	62
15718	animation	62
15719	ceramic	62
15720	exhales	62
15721	fig	62
15722	genocide	62
15723	musicals	62
15724	blazer	62
15725	eyelashes	62
15726	projecting	62
15727	projector	62
15728	prosecuting	62
15729	avocado	62
15730	booger	62
15731	ledger	62
15732	pollen	62
15733	sixes	62
15734	smuggler	62
15735	Venezuela	62
15736	buzzes	62
15737	cordial	62
15738	mannequin	62
15739	buttermilk	62
15740	charger	62
15741	chimpanzee	62
15742	patrolman	62
15743	Congo	62
15744	isle	62
15745	jiggle	62
15746	bombings	62
15747	crit	62
15748	racquetball	62
15749	Salem	62
15750	Dublin	62
15751	gazelle	62
15752	seagull	62
15753	etcetera	62
15754	skillet	62
15755	portals	62
15756	shite	62
15757	Hl	62
15758	surfers	62
15759	excrement	62
15760	Vamos	62
15761	Bedlam	62
15762	Quaker	62
15763	unicorns	62
15764	Mountaineer	62
15765	firehouse	62
15766	Spanky	62
15767	Hilly	62
15768	Odin	62
15769	Kali	62
15770	persist	61
15771	witnessing	61
15772	greeted	61
15773	qualifies	61
15774	appetizer	61
15775	culinary	61
15776	heartbreaking	61
15777	learner	61
15778	leftover	61
15779	presumed	61
15780	stumped	61
15781	unavoidable	61
15782	conclusive	61
15783	drags	61
15784	graciously	61
15785	merciless	61
15786	flavour	61
15787	retained	61
15788	spits	61
15789	abusing	61
15790	cabinets	61
15791	conceivable	61
15792	dividing	61
15793	regulars	61
15794	securing	61
15795	hypnotized	61
15796	keel	61
15797	technicality	61
15798	crayons	61
15799	crowning	61
15800	ducked	61
15801	insolent	61
15802	replay	61
15803	shredded	61
15804	spraying	61
15805	advertisement	61
15806	affections	61
15807	beverages	61
15808	detecting	61
15809	frivolous	61
15810	itches	61
15811	quotes	61
15812	blindfolded	61
15813	carnal	61
15814	homicides	61
15815	visibility	61
15816	zoning	61
15817	bony	61
15818	dishonor	61
15819	docket	61
15820	gunned	61
15821	novelist	61
15822	premise	61
15823	summertime	61
15824	dusk	61
15825	eights	61
15826	grovel	61
15827	influences	61
15828	raids	61
15829	scrapbook	61
15830	swells	61
15831	cones	61
15832	jugs	61
15833	chivalry	61
15834	dummies	61
15835	gills	61
15836	Republicans	61
15837	defects	61
15838	nitrogen	61
15839	profiling	61
15840	pimps	61
15841	concur	61
15842	necktie	61
15843	oxide	61
15844	territories	61
15845	dainty	61
15846	dysfunction	61
15847	preschool	61
15848	heifer	61
15849	seaboard	61
15850	slump	61
15851	triplets	61
15852	Aristotle	61
15853	rumba	61
15854	stickup	61
15855	trucker	61
15856	Hanukkah	61
15857	omelette	61
15858	pines	61
15859	Lima	61
15860	Prohibition	61
15861	matey	61
15862	animated	61
15863	baptism	61
15864	dissertation	61
15865	icky	61
15866	rosary	61
15867	bikers	61
15868	mortars	61
15869	prophets	61
15870	epileptic	61
15871	gook	61
15872	mats	61
15873	tuba	61
15874	Tweed	61
15875	Sl	61
15876	commandos	61
15877	Giddap	61
15878	Dat	61
15879	Barrow	61
15880	Bling	61
15881	daggers	61
15882	Tarot	61
15883	Fidel	61
15884	maroon	61
15885	sapphire	61
15886	eels	61
15887	Horseman	61
15888	Garner	61
15889	Chuckie	61
15890	Amir	61
15891	Osmond	61
15892	Lorry	61
15893	Tink	61
15894	Bilbo	61
15895	Hatcher	61
15896	Smoochy	61
15897	Vip	61
15898	demonstrating	60
15899	autographed	60
15900	calculating	60
15901	coordination	60
15902	receptive	60
15903	resulted	60
15904	smother	60
15905	startle	60
15906	tiring	60
15907	characteristic	60
15908	conferences	60
15909	humanly	60
15910	installing	60
15911	interaction	60
15912	occurrence	60
15913	showered	60
15914	thinker	60
15915	cushions	60
15916	heals	60
15917	resembles	60
15918	selective	60
15919	assaulting	60
15920	distasteful	60
15921	downward	60
15922	excites	60
15923	fickle	60
15924	fragrance	60
15925	hereditary	60
15926	loitering	60
15927	bonehead	60
15928	hunts	60
15929	slows	60
15930	spotless	60
15931	uncharted	60
15932	weaken	60
15933	affliction	60
15934	bleeder	60
15935	hermit	60
15936	infernal	60
15937	meaner	60
15938	newfound	60
15939	sanitation	60
15940	spokesman	60
15941	whips	60
15942	creamy	60
15943	distortion	60
15944	edited	60
15945	erect	60
15946	laceration	60
15947	pertinent	60
15948	Bel	60
15949	calms	60
15950	decadent	60
15951	mite	60
15952	relieving	60
15953	throbbing	60
15954	aims	60
15955	brazen	60
15956	caterers	60
15957	combinations	60
15958	entries	60
15959	lush	60
15960	moot	60
15961	persecution	60
15962	stateside	60
15963	torches	60
15964	masturbating	60
15965	readiness	60
15966	recharge	60
15967	yanked	60
15968	adopting	60
15969	crucifix	60
15970	decrease	60
15971	evacuating	60
15972	filly	60
15973	malice	60
15974	ornery	60
15975	passageway	60
15976	steadily	60
15977	Arrivederci	60
15978	evolutionary	60
15979	nugget	60
15980	revival	60
15981	shenanigans	60
15982	Welsh	60
15983	lull	60
15984	blackboard	60
15985	blob	60
15986	carte	60
15987	pubic	60
15988	splendor	60
15989	sulking	60
15990	Bibles	60
15991	sewage	60
15992	homies	60
15993	infrastructure	60
15994	mercenaries	60
15995	Bellevue	60
15996	bourgeois	60
15997	fins	60
15998	guitars	60
15999	pamphlet	60
16000	queue	60
16001	whoosh	60
16002	horoscope	60
16003	rookies	60
16004	slugged	60
16005	sores	60
16006	Zeppelin	60
16007	gutters	60
16008	moat	60
16009	Flamingo	60
16010	inhaler	60
16011	lithium	60
16012	spatter	60
16013	cavalier	60
16014	contamination	60
16015	proprietor	60
16016	Snowflake	60
16017	Stockholm	60
16018	sulfur	60
16019	Trans	60
16020	zing	60
16021	cadaver	60
16022	groves	60
16023	mumps	60
16024	piranha	60
16025	Hiroshima	60
16026	borough	60
16027	ballast	60
16028	buoy	60
16029	homeowner	60
16030	Mockingbird	60
16031	Verde	60
16032	vibrator	60
16033	cowgirl	60
16034	Alf	60
16035	Dayton	60
16036	Din	60
16037	Electra	60
16038	mosque	60
16039	Reuben	60
16040	piston	60
16041	Milt	60
16042	Rah	60
16043	Bowers	60
16044	Stoke	60
16045	Stronghold	60
16046	Smalls	60
16047	Condor	60
16048	Fraulein	60
16049	Silva	60
16050	Columbine	60
16051	Laird	60
16052	croc	60
16053	Cahill	60
16054	Bourne	60
16055	Perdy	60
16056	combing	59
16057	rumored	59
16058	condone	59
16059	penetrating	59
16060	prompt	59
16061	updates	59
16062	attachment	59
16063	excluded	59
16064	rattled	59
16065	unwilling	59
16066	upbringing	59
16067	attracts	59
16068	dormant	59
16069	giver	59
16070	indebted	59
16071	snort	59
16072	unjust	59
16073	unpacked	59
16074	untraceable	59
16075	volatile	59
16076	lingo	59
16077	patching	59
16078	replied	59
16079	traumatized	59
16080	urgently	59
16081	appalled	59
16082	ballistic	59
16083	Confound	59
16084	Cosmopolitan	59
16085	gloom	59
16086	hover	59
16087	lightweight	59
16088	lowering	59
16089	temperament	59
16090	unhappiness	59
16091	afar	59
16092	bleachers	59
16093	buildup	59
16094	fates	59
16095	fluent	59
16096	foundations	59
16097	frightful	59
16098	inserted	59
16099	jocks	59
16100	courtship	59
16101	farting	59
16102	massages	59
16103	playful	59
16104	twists	59
16105	invasive	59
16106	recurring	59
16107	sheriffs	59
16108	authenticity	59
16109	clipping	59
16110	crushes	59
16111	pliers	59
16112	aggravation	59
16113	cutters	59
16114	duress	59
16115	evasion	59
16116	mumbo	59
16117	recipient	59
16118	cartons	59
16119	delinquents	59
16120	donors	59
16121	Egyptians	59
16122	foxes	59
16123	liberate	59
16124	pioneers	59
16125	rural	59
16126	ticks	59
16127	upholstery	59
16128	histories	59
16129	homestead	59
16130	Mussolini	59
16131	Blimey	59
16132	sunup	59
16133	croak	59
16134	mousse	59
16135	scorn	59
16136	simulate	59
16137	uprising	59
16138	Calcutta	59
16139	chemotherapy	59
16140	molten	59
16141	Phooey	59
16142	Spam	59
16143	unified	59
16144	viruses	59
16145	wristwatch	59
16146	albino	59
16147	clipper	59
16148	explorers	59
16149	propulsion	59
16150	lbs	59
16151	spic	59
16152	epinephrine	59
16153	homeroom	59
16154	sideburns	59
16155	armoured	59
16156	Deuces	59
16157	fetal	59
16158	racehorse	59
16159	mistrial	59
16160	solitaire	59
16161	Vikings	59
16162	fastball	59
16163	saviour	59
16164	shimmy	59
16165	Filipino	59
16166	fleece	59
16167	dost	59
16168	Melbourne	59
16169	Tibetan	59
16170	Vietcong	59
16171	hackers	59
16172	Jericho	59
16173	Linden	59
16174	Hes	59
16175	Turnstiles	59
16176	Meer	59
16177	analogy	58
16178	journeyed	58
16179	accurately	58
16180	likelihood	58
16181	abrupt	58
16182	accents	58
16183	announces	58
16184	assumes	58
16185	crept	58
16186	hardened	58
16187	locally	58
16188	rustle	58
16189	alarming	58
16190	disrupting	58
16191	judgments	58
16192	relating	58
16193	comprehensive	58
16194	extraordinarily	58
16195	horizons	58
16196	indifferent	58
16197	mounting	58
16198	rationally	58
16199	reformed	58
16200	smeared	58
16201	spacious	58
16202	stormed	58
16203	botched	58
16204	bursts	58
16205	clockwork	58
16206	contributing	58
16207	deceitful	58
16208	diseased	58
16209	hurtful	58
16210	inexperienced	58
16211	persecuted	58
16212	primal	58
16213	scrutiny	58
16214	strains	58
16215	yapping	58
16216	alleys	58
16217	blatant	58
16218	commitments	58
16219	inspires	58
16220	leased	58
16221	miscarriage	58
16222	origins	58
16223	reinstated	58
16224	slant	58
16225	totaled	58
16226	winged	58
16227	charities	58
16228	floods	58
16229	improvements	58
16230	matinee	58
16231	ornament	58
16232	reconcile	58
16233	subsequently	58
16234	wrecks	58
16235	accomplices	58
16236	alibis	58
16237	braver	58
16238	disapprove	58
16239	evolving	58
16240	optional	58
16241	reconstruct	58
16242	traits	58
16243	volleyball	58
16244	bashed	58
16245	benign	58
16246	glee	58
16247	heinie	58
16248	limping	58
16249	motherhood	58
16250	civilised	58
16251	entrances	58
16252	grazing	58
16253	hydraulic	58
16254	impetuous	58
16255	medicines	58
16256	potions	58
16257	queasy	58
16258	schematic	58
16259	sicko	58
16260	wartime	58
16261	abomination	58
16262	brochures	58
16263	fuses	58
16264	microscopic	58
16265	pilgrimage	58
16266	serenade	58
16267	suffocated	58
16268	tardy	58
16269	unspoken	58
16270	goofing	58
16271	parched	58
16272	ticklish	58
16273	attracting	58
16274	bazaar	58
16275	collaboration	58
16276	debrief	58
16277	downloading	58
16278	eyewitnesses	58
16279	gunfight	58
16280	loops	58
16281	sedation	58
16282	structures	58
16283	testicle	58
16284	femur	58
16285	switchboard	58
16286	upload	58
16287	larynx	58
16288	movers	58
16289	regal	58
16290	Samaritan	58
16291	sponges	58
16292	Commies	58
16293	supplement	58
16294	tulips	58
16295	floppy	58
16296	Tnt	58
16297	flinch	58
16298	Gettysburg	58
16299	heiress	58
16300	monoxide	58
16301	originals	58
16302	settlers	58
16303	thermostat	58
16304	vaudeville	58
16305	Lebanese	58
16306	saucers	58
16307	dominion	58
16308	gags	58
16309	Iowa	58
16310	sash	58
16311	superheroes	58
16312	empathy	58
16313	faction	58
16314	methane	58
16315	monologue	58
16316	roundup	58
16317	Klan	58
16318	fro	58
16319	Peking	58
16320	putt	58
16321	Raiders	58
16322	Ag	58
16323	Cherokee	58
16324	deactivate	58
16325	mime	58
16326	pathway	58
16327	regimental	58
16328	Wo	58
16329	Chile	58
16330	toothache	58
16331	Angelina	58
16332	informants	58
16333	Salud	58
16334	Bess	58
16335	autistic	58
16336	Corona	58
16337	Danke	58
16338	lawman	58
16339	Sutra	58
16340	Lar	58
16341	Hawthorne	58
16342	joust	58
16343	Rove	58
16344	Aquarius	58
16345	horde	58
16346	Winslow	58
16347	Bora	58
16348	Pac	58
16349	Zee	58
16350	Bugler	58
16351	Voyager	58
16352	Kern	58
16353	Kodiak	58
16354	Vila	58
16355	Pickering	58
16356	Callisto	58
16357	Sabian	58
16358	disadvantage	57
16359	stumbling	57
16360	enrolled	57
16361	calming	57
16362	coordinating	57
16363	dual	57
16364	exchanging	57
16365	exhilarating	57
16366	informing	57
16367	luxurious	57
16368	airtight	57
16369	caved	57
16370	chaotic	57
16371	defiance	57
16372	gunpoint	57
16373	sanctioned	57
16374	sidelines	57
16375	unpacking	57
16376	dab	57
16377	indications	57
16378	lieu	57
16379	nightclubs	57
16380	offends	57
16381	outlive	57
16382	pinching	57
16383	stomachs	57
16384	surreal	57
16385	toying	57
16386	urged	57
16387	battered	57
16388	disorders	57
16389	Guinness	57
16390	prodigal	57
16391	reinforced	57
16392	rotating	57
16393	sharpen	57
16394	staple	57
16395	strengths	57
16396	automobiles	57
16397	clinging	57
16398	condos	57
16399	crowding	57
16400	dismissal	57
16401	expressly	57
16402	inhabited	57
16403	maintains	57
16404	neurological	57
16405	similarities	57
16406	undetected	57
16407	adjoining	57
16408	indigenous	57
16409	lawns	57
16410	picturing	57
16411	punctual	57
16412	ratted	57
16413	shudder	57
16414	subjective	57
16415	bead	57
16416	ensemble	57
16417	readily	57
16418	addictive	57
16419	drumming	57
16420	hematoma	57
16421	improper	57
16422	booths	57
16423	carnage	57
16424	cocoon	57
16425	crusader	57
16426	doghouse	57
16427	hypocrites	57
16428	resumes	57
16429	retrieval	57
16430	reversal	57
16431	societies	57
16432	tidings	57
16433	audit	57
16434	cortex	57
16435	kennel	57
16436	nudge	57
16437	corkscrew	57
16438	executions	57
16439	fanfare	57
16440	Marys	57
16441	themes	57
16442	beaucoup	57
16443	candies	57
16444	creaks	57
16445	gravitational	57
16446	libido	57
16447	routines	57
16448	mugging	57
16449	requisition	57
16450	Revere	57
16451	screwball	57
16452	airstrip	57
16453	conqueror	57
16454	flask	57
16455	researchers	57
16456	volcanic	57
16457	walrus	57
16458	arming	57
16459	clippers	57
16460	exterminate	57
16461	Utopia	57
16462	continuance	57
16463	egghead	57
16464	finalists	57
16465	purgatory	57
16466	thermos	57
16467	wingman	57
16468	membrane	57
16469	Parmesan	57
16470	Peekaboo	57
16471	sphincter	57
16472	tarts	57
16473	Afro	57
16474	caterpillar	57
16475	Cubans	57
16476	archaeologist	57
16477	bonkers	57
16478	Nirvana	57
16479	treasurer	57
16480	dwarves	57
16481	schoolhouse	57
16482	Bergman	57
16483	Jefe	57
16484	moors	57
16485	Riff	57
16486	tortoise	57
16487	cloning	57
16488	Mags	57
16489	Okey	57
16490	Ultra	57
16491	banshee	57
16492	liege	57
16493	montage	57
16494	Woodland	57
16495	Giles	57
16496	ii	57
16497	Israel	57
16498	Nexus	57
16499	Mandrake	57
16500	Dotty	57
16501	Crandall	57
16502	Pita	57
16503	Eastman	57
16504	Micky	57
16505	Blume	57
16506	Toros	57
16507	Cully	57
16508	clogged	56
16509	emphasize	56
16510	crammed	56
16511	descriptions	56
16512	extracted	56
16513	forwarding	56
16514	preventing	56
16515	momentary	56
16516	offending	56
16517	patronizing	56
16518	stomping	56
16519	tact	56
16520	uncontrollable	56
16521	bestow	56
16522	historically	56
16523	laced	56
16524	panicky	56
16525	upstanding	56
16526	adapted	56
16527	corroborate	56
16528	daydreaming	56
16529	forbids	56
16530	juices	56
16531	severance	56
16532	snagged	56
16533	tangible	56
16534	urging	56
16535	bubbling	56
16536	fancies	56
16537	leaky	56
16538	mitts	56
16539	optical	56
16540	parading	56
16541	prepping	56
16542	replica	56
16543	restrained	56
16544	Stooges	56
16545	vanishing	56
16546	vibrate	56
16547	abrasions	56
16548	accessible	56
16549	expires	56
16550	Latino	56
16551	premeditated	56
16552	tabloid	56
16553	transactions	56
16554	unrealistic	56
16555	vacate	56
16556	appliances	56
16557	attendants	56
16558	cynic	56
16559	lieutenants	56
16560	lighted	56
16561	ponder	56
16562	scapegoat	56
16563	bankroll	56
16564	blindly	56
16565	heroism	56
16566	implicate	56
16567	lovemaking	56
16568	peeling	56
16569	populated	56
16570	pounce	56
16571	prosper	56
16572	slopes	56
16573	docked	56
16574	gist	56
16575	removes	56
16576	reside	56
16577	splashing	56
16578	tingling	56
16579	disbarred	56
16580	fide	56
16581	flashlights	56
16582	funnel	56
16583	indisposed	56
16584	minerals	56
16585	sideshow	56
16586	upbeat	56
16587	urinate	56
16588	guacamole	56
16589	halves	56
16590	mammals	56
16591	phonograph	56
16592	spasm	56
16593	cannibal	56
16594	Christianity	56
16595	projections	56
16596	slugger	56
16597	sneezing	56
16598	wronged	56
16599	dossier	56
16600	champs	56
16601	contractors	56
16602	memoirs	56
16603	slacks	56
16604	tentacles	56
16605	tingle	56
16606	Versed	56
16607	almond	56
16608	anus	56
16609	eggplant	56
16610	hatches	56
16611	promotions	56
16612	Agriculture	56
16613	brokers	56
16614	diversity	56
16615	vests	56
16616	casings	56
16617	consciously	56
16618	golfer	56
16619	huts	56
16620	pitches	56
16621	tombs	56
16622	analysts	56
16623	checker	56
16624	Bros	56
16625	seagulls	56
16626	verses	56
16627	Arlington	56
16628	Cajun	56
16629	betrothed	56
16630	poise	56
16631	Semper	56
16632	spruce	56
16633	Baldy	56
16634	infuser	56
16635	programmer	56
16636	stooge	56
16637	tokens	56
16638	cholera	56
16639	bilge	56
16640	cavern	56
16641	lyric	56
16642	muggers	56
16643	Sim	56
16644	spatula	56
16645	artifact	56
16646	libel	56
16647	galactic	56
16648	crossbow	56
16649	Foo	56
16650	Jacksonville	56
16651	Roebuck	56
16652	gull	56
16653	Haggard	56
16654	papaya	56
16655	Luna	56
16656	Aztec	56
16657	Crusher	56
16658	freestyle	56
16659	Taipei	56
16660	Signore	56
16661	pips	56
16662	Durham	56
16663	gooks	56
16664	Lai	56
16665	Rawhide	56
16666	Pagoda	56
16667	Theres	56
16668	Fleur	56
16669	Coho	56
16670	Sanka	56
16671	Bowden	56
16672	radium	56
16673	Crower	56
16674	Mudd	56
16675	Rin	56
16676	Rance	56
16677	Selden	56
16678	Talon	56
16679	Layne	56
16680	Burley	56
16681	Dobby	56
16682	continually	55
16683	aspire	55
16684	coordinated	55
16685	motels	55
16686	specializes	55
16687	trait	55
16688	appealed	55
16689	combed	55
16690	comprehension	55
16691	gander	55
16692	interpreted	55
16693	shocks	55
16694	achievements	55
16695	bleak	55
16696	contingent	55
16697	deficit	55
16698	greener	55
16699	inconsistent	55
16700	kinder	55
16701	knucklehead	55
16702	leans	55
16703	processes	55
16704	prolonged	55
16705	purposely	55
16706	surgically	55
16707	tending	55
16708	brood	55
16709	conspired	55
16710	expanded	55
16711	lowdown	55
16712	moronic	55
16713	particulars	55
16714	requiring	55
16715	appropriately	55
16716	gratifying	55
16717	indifference	55
16718	insecurity	55
16719	interruptions	55
16720	padded	55
16721	vibes	55
16722	culprit	55
16723	deduct	55
16724	diabolical	55
16725	favorable	55
16726	fussing	55
16727	gimmick	55
16728	impending	55
16729	mixer	55
16730	twitching	55
16731	withered	55
16732	boutique	55
16733	confidentially	55
16734	pout	55
16735	protests	55
16736	scurvy	55
16737	seniority	55
16738	ticked	55
16739	timely	55
16740	untied	55
16741	accountants	55
16742	energies	55
16743	entrepreneur	55
16744	metabolism	55
16745	reckoning	55
16746	sadist	55
16747	spiritually	55
16748	submission	55
16749	takers	55
16750	townspeople	55
16751	atheist	55
16752	figment	55
16753	footprint	55
16754	looting	55
16755	merchants	55
16756	metals	55
16757	repercussions	55
16758	sensory	55
16759	smog	55
16760	essays	55
16761	proverb	55
16762	somewheres	55
16763	ticker	55
16764	tout	55
16765	aftershave	55
16766	carburetor	55
16767	preservation	55
16768	rigging	55
16769	scholarships	55
16770	breathless	55
16771	impertinent	55
16772	nephews	55
16773	newcomer	55
16774	celestial	55
16775	descendant	55
16776	Gore	55
16777	piggyback	55
16778	stalks	55
16779	tote	55
16780	anecdote	55
16781	aptitude	55
16782	committees	55
16783	dwarfs	55
16784	hoses	55
16785	integrated	55
16786	mattresses	55
16787	observers	55
16788	decode	55
16789	discard	55
16790	modem	55
16791	peroxide	55
16792	pimping	55
16793	planetary	55
16794	rift	55
16795	shrieks	55
16796	contraction	55
16797	ducts	55
16798	lawfully	55
16799	lobotomy	55
16800	parakeet	55
16801	Presbyterian	55
16802	architects	55
16803	catheter	55
16804	clanking	55
16805	firewall	55
16806	Hazel	55
16807	Gable	55
16808	Goddamnit	55
16809	tumors	55
16810	wizards	55
16811	armada	55
16812	blueberries	55
16813	bunks	55
16814	Pe	55
16815	proclamation	55
16816	soot	55
16817	aerospace	55
16818	clamps	55
16819	guerrilla	55
16820	tat	55
16821	bland	55
16822	dub	55
16823	nitrate	55
16824	pointer	55
16825	exec	55
16826	oars	55
16827	bellman	55
16828	Nein	55
16829	astern	55
16830	chainsaw	55
16831	kimono	55
16832	rhubarb	55
16833	tribunal	55
16834	Arty	55
16835	dimensional	55
16836	infidel	55
16837	auld	55
16838	Diablo	55
16839	Foxtrot	55
16840	dah	55
16841	Veer	55
16842	Oink	55
16843	Creole	55
16844	Torah	55
16845	Pascal	55
16846	Quasimodo	55
16847	Flack	55
16848	Gi	55
16849	Suzette	55
16850	Tamara	55
16851	Chou	55
16852	Dewitt	55
16853	Portman	55
16854	tinkles	55
16855	Virge	55
16856	devour	54
16857	extending	54
16858	minimize	54
16859	mutually	54
16860	respecting	54
16861	boast	54
16862	inadvertently	54
16863	insufficient	54
16864	miserably	54
16865	peddle	54
16866	sodas	54
16867	welcomes	54
16868	desks	54
16869	deviant	54
16870	insure	54
16871	kicker	54
16872	kneeling	54
16873	outdone	54
16874	romantically	54
16875	scientifically	54
16876	strategies	54
16877	trashy	54
16878	aiding	54
16879	conquering	54
16880	consuming	54
16881	declaring	54
16882	enlarged	54
16883	firecracker	54
16884	motivate	54
16885	secondhand	54
16886	struggles	54
16887	unrelated	54
16888	vindictive	54
16889	weaponry	54
16890	cheery	54
16891	dawned	54
16892	granting	54
16893	imbalance	54
16894	intuitive	54
16895	licks	54
16896	monumental	54
16897	reproductive	54
16898	rivalry	54
16899	sadder	54
16900	sexier	54
16901	volumes	54
16902	wrongful	54
16903	acquaintances	54
16904	actin	54
16905	adversity	54
16906	cuss	54
16907	debriefing	54
16908	flashback	54
16909	fugitives	54
16910	neighborhoods	54
16911	petite	54
16912	prognosis	54
16913	realization	54
16914	chickened	54
16915	clicked	54
16916	recollect	54
16917	tortures	54
16918	violins	54
16919	Blockbuster	54
16920	breeds	54
16921	commando	54
16922	discoveries	54
16923	purchases	54
16924	sandbox	54
16925	savvy	54
16926	carbs	54
16927	oblivious	54
16928	stomachache	54
16929	wedlock	54
16930	abs	54
16931	appetizers	54
16932	edema	54
16933	rubies	54
16934	stead	54
16935	subpoenaed	54
16936	demeanor	54
16937	downed	54
16938	frightfully	54
16939	Scuse	54
16940	willpower	54
16941	designers	54
16942	nines	54
16943	rabble	54
16944	repairman	54
16945	wreath	54
16946	aids	54
16947	chummy	54
16948	confounded	54
16949	femoral	54
16950	gnarly	54
16951	quarts	54
16952	shoelaces	54
16953	stockbroker	54
16954	writings	54
16955	cylinders	54
16956	disengage	54
16957	genre	54
16958	nook	54
16959	alcoholics	54
16960	format	54
16961	rendering	54
16962	blackmailer	54
16963	flak	54
16964	goatee	54
16965	railroads	54
16966	Sidle	54
16967	subversive	54
16968	crusty	54
16969	drifter	54
16970	plough	54
16971	verb	54
16972	crowns	54
16973	moths	54
16974	rowboat	54
16975	olden	54
16976	censorship	54
16977	copilot	54
16978	Looney	54
16979	snowy	54
16980	squeaks	54
16981	shagging	54
16982	tier	54
16983	umpire	54
16984	Honda	54
16985	bisexual	54
16986	governess	54
16987	lb	54
16988	backer	54
16989	Africans	54
16990	believeth	54
16991	Crete	54
16992	Tot	54
16993	clitoris	54
16994	enzyme	54
16995	Mondo	54
16996	Mali	54
16997	Birdy	54
16998	Nestor	54
16999	recounts	54
17000	Coles	54
17001	Largo	54
17002	Magneto	54
17003	Mongol	54
17004	Clements	54
17005	Orcs	54
17006	Stroud	54
17007	Smee	54
17008	Uther	54
17009	Ponton	54
17010	conspiring	53
17011	proverbial	53
17012	determining	53
17013	overhear	53
17014	recreate	53
17015	swarming	53
17016	aftermath	53
17017	anticipating	53
17018	comforted	53
17019	coping	53
17020	provocation	53
17021	rampage	53
17022	reconnect	53
17023	arises	53
17024	Attagirl	53
17025	backfired	53
17026	scenic	53
17027	shaping	53
17028	specialized	53
17029	tremendously	53
17030	unfriendly	53
17031	viewed	53
17032	wishful	53
17033	brisk	53
17034	defied	53
17035	drilled	53
17036	eavesdropping	53
17037	hooch	53
17038	implore	53
17039	inflation	53
17040	interrogated	53
17041	looker	53
17042	mouthing	53
17043	panty	53
17044	resented	53
17045	sheltered	53
17046	withhold	53
17047	booming	53
17048	coherent	53
17049	injecting	53
17050	intricate	53
17051	manifestation	53
17052	rebirth	53
17053	sniveling	53
17054	unsuspecting	53
17055	wrongs	53
17056	accessing	53
17057	copped	53
17058	cryptic	53
17059	diameter	53
17060	disgruntled	53
17061	fathom	53
17062	Firstly	53
17063	posting	53
17064	quickie	53
17065	recreational	53
17066	slumming	53
17067	vans	53
17068	withdrew	53
17069	cad	53
17070	crafty	53
17071	derived	53
17072	diagnose	53
17073	hardball	53
17074	kits	53
17075	loathsome	53
17076	soliciting	53
17077	tangle	53
17078	tormented	53
17079	uproar	53
17080	whence	53
17081	adviser	53
17082	concede	53
17083	ethic	53
17084	mishap	53
17085	shootout	53
17086	stout	53
17087	supporters	53
17088	tidal	53
17089	trafficking	53
17090	disorganized	53
17091	elastic	53
17092	galloping	53
17093	gutless	53
17094	rails	53
17095	snapshot	53
17096	atrocities	53
17097	badgering	53
17098	Bueno	53
17099	loudmouth	53
17100	margins	53
17101	Parkway	53
17102	toxicology	53
17103	watchdog	53
17104	anthropologist	53
17105	conduit	53
17106	indiscretion	53
17107	linens	53
17108	newsstand	53
17109	soaring	53
17110	keyhole	53
17111	kickoff	53
17112	knobs	53
17113	Mondays	53
17114	obituaries	53
17115	pranks	53
17116	blimp	53
17117	drape	53
17118	heathens	53
17119	invoice	53
17120	jeweler	53
17121	Namely	53
17122	Revelations	53
17123	sevens	53
17124	barrage	53
17125	deficiency	53
17126	narrative	53
17127	pew	53
17128	waterfront	53
17129	bikinis	53
17130	holographic	53
17131	steamer	53
17132	blares	53
17133	naps	53
17134	violets	53
17135	molesting	53
17136	seminary	53
17137	Bakersfield	53
17138	Kappa	53
17139	lesions	53
17140	squish	53
17141	trucking	53
17142	dentists	53
17143	hazing	53
17144	Mead	53
17145	Antarctica	53
17146	choreographer	53
17147	epilepsy	53
17148	Fife	53
17149	Orthodox	53
17150	uns	53
17151	botanical	53
17152	flux	53
17153	grievous	53
17154	Hungary	53
17155	lacrosse	53
17156	obscenity	53
17157	Jeepers	53
17158	machete	53
17159	Peewee	53
17160	telethon	53
17161	Ulysses	53
17162	Yee	53
17163	Horsemen	53
17164	Laurence	53
17165	plums	53
17166	Sade	53
17167	Straits	53
17168	Abracadabra	53
17169	Banning	53
17170	Collie	53
17171	Corinth	53
17172	Grieves	53
17173	gulls	53
17174	Ladyship	53
17175	Luger	53
17176	Isabella	53
17177	Ajax	53
17178	Fourteenth	53
17179	Nazareth	53
17180	polices	53
17181	Thaddeus	53
17182	Gregor	53
17183	Pard	53
17184	Darby	53
17185	Dodd	53
17186	Medusa	53
17187	Corinne	53
17188	nonny	53
17189	Beaufort	53
17190	Garibaldi	53
17191	Loki	53
17192	Hg	53
17193	Kab	53
17194	chests	52
17195	damnedest	52
17196	laughingstock	52
17197	pesky	52
17198	untouched	52
17199	expiration	52
17200	footing	52
17201	haircuts	52
17202	handcuff	52
17203	imposing	52
17204	incurable	52
17205	intoxicated	52
17206	roadside	52
17207	vibrant	52
17208	compromises	52
17209	horrendous	52
17210	mobilize	52
17211	overloaded	52
17212	unleashed	52
17213	unrest	52
17214	unsure	52
17215	borne	52
17216	climbs	52
17217	glum	52
17218	impounded	52
17219	meticulous	52
17220	pleasantly	52
17221	secluded	52
17222	undertake	52
17223	whiny	52
17224	afoot	52
17225	arbitrary	52
17226	compel	52
17227	fulfillment	52
17228	hydrant	52
17229	intestine	52
17230	involuntary	52
17231	meditate	52
17232	monetary	52
17233	plotted	52
17234	praises	52
17235	remake	52
17236	rhythmic	52
17237	withheld	52
17238	advertised	52
17239	atop	52
17240	corridors	52
17241	digestion	52
17242	folds	52
17243	Hindu	52
17244	nearing	52
17245	redecorate	52
17246	rowdy	52
17247	shorten	52
17248	spout	52
17249	alloy	52
17250	bewildered	52
17251	cleansing	52
17252	crawls	52
17253	craze	52
17254	crud	52
17255	impenetrable	52
17256	jokers	52
17257	riffraff	52
17258	taunting	52
17259	tycoon	52
17260	decor	52
17261	loosened	52
17262	overalls	52
17263	smelt	52
17264	spectators	52
17265	taxis	52
17266	tweezers	52
17267	variables	52
17268	wimps	52
17269	aka	52
17270	detergent	52
17271	graders	52
17272	Initiating	52
17273	instability	52
17274	lumbar	52
17275	salaries	52
17276	soaps	52
17277	Subtitle	52
17278	unveiling	52
17279	voicemail	52
17280	ballgame	52
17281	boating	52
17282	browsing	52
17283	grate	52
17284	hooligans	52
17285	innovative	52
17286	insights	52
17287	locksmith	52
17288	loophole	52
17289	marmalade	52
17290	sweetly	52
17291	trillion	52
17292	Carnegie	52
17293	Fresno	52
17294	minefield	52
17295	reconciliation	52
17296	transient	52
17297	wards	52
17298	chefs	52
17299	horseshoe	52
17300	phobia	52
17301	promiscuous	52
17302	zit	52
17303	brands	52
17304	buckshot	52
17305	charades	52
17306	fuselage	52
17307	molasses	52
17308	warts	52
17309	extermination	52
17310	mittens	52
17311	optic	52
17312	scoops	52
17313	chemically	52
17314	clasp	52
17315	Czech	52
17316	dispenser	52
17317	eyeliner	52
17318	hideaway	52
17319	Pt	52
17320	toothpick	52
17321	toxins	52
17322	valleys	52
17323	elective	52
17324	Jagger	52
17325	Atlas	52
17326	handbook	52
17327	legislation	52
17328	mania	52
17329	plastics	52
17330	Snoopy	52
17331	dioxide	52
17332	mural	52
17333	Scarface	52
17334	dinky	52
17335	minibar	52
17336	Playboys	52
17337	disciple	52
17338	maneuvering	52
17339	Metropolis	52
17340	rapids	52
17341	Sphinx	52
17342	Damnit	52
17343	ghoul	52
17344	shroud	52
17345	firefighter	52
17346	wiles	52
17347	beets	52
17348	fireflies	52
17349	Brigadier	52
17350	guile	52
17351	Blaster	52
17352	Roe	52
17353	Chai	52
17354	nt	52
17355	swordfish	52
17356	arsonist	52
17357	Mormons	52
17358	screamer	52
17359	Gaga	52
17360	Pug	52
17361	Aunty	52
17362	Lovey	52
17363	prenup	52
17364	Discord	52
17365	Baa	52
17366	Gr	52
17367	Libre	52
17368	Nu	52
17369	Figaro	52
17370	Opal	52
17371	Chewie	52
17372	receptor	52
17373	Shay	52
17374	Zed	52
17375	Romulus	52
17376	Seton	52
17377	Fletch	52
17378	Nim	52
17379	Kersey	52
17380	Worthing	52
17381	circulating	51
17382	expressions	51
17383	nailing	51
17384	overturned	51
17385	strapping	51
17386	astute	51
17387	chatty	51
17388	conniving	51
17389	graces	51
17390	inquisitive	51
17391	inseparable	51
17392	notwithstanding	51
17393	seeming	51
17394	sharpened	51
17395	candor	51
17396	dotted	51
17397	exclude	51
17398	fateful	51
17399	ignite	51
17400	newer	51
17401	refreshment	51
17402	revolving	51
17403	toil	51
17404	chore	51
17405	crumbling	51
17406	default	51
17407	employers	51
17408	Freudian	51
17409	nostalgic	51
17410	prolong	51
17411	rooted	51
17412	slicing	51
17413	vengeful	51
17414	categories	51
17415	engagements	51
17416	sociopath	51
17417	stems	51
17418	tickling	51
17419	waxing	51
17420	envied	51
17421	hogging	51
17422	incarcerated	51
17423	mocked	51
17424	mortified	51
17425	outing	51
17426	sabotaged	51
17427	sociable	51
17428	straightaway	51
17429	sunscreen	51
17430	unattended	51
17431	unpaid	51
17432	adrift	51
17433	henceforth	51
17434	hubby	51
17435	impartial	51
17436	injure	51
17437	rodents	51
17438	squint	51
17439	tended	51
17440	advisory	51
17441	capitalism	51
17442	ceilings	51
17443	cretin	51
17444	dazzle	51
17445	honeys	51
17446	insulation	51
17447	kaput	51
17448	lunacy	51
17449	purchasing	51
17450	retreated	51
17451	smudge	51
17452	dives	51
17453	divorcing	51
17454	docs	51
17455	pearly	51
17456	poultry	51
17457	pus	51
17458	retraction	51
17459	truckload	51
17460	exploitation	51
17461	neurologist	51
17462	perished	51
17463	prays	51
17464	promoter	51
17465	reprieve	51
17466	cartridges	51
17467	disclosure	51
17468	hysterically	51
17469	objectively	51
17470	shorthand	51
17471	umbrellas	51
17472	upstream	51
17473	yawn	51
17474	dormitory	51
17475	emissary	51
17476	manger	51
17477	negligent	51
17478	ornaments	51
17479	ponytail	51
17480	booing	51
17481	coached	51
17482	columnist	51
17483	doves	51
17484	perm	51
17485	Watcher	51
17486	disruption	51
17487	headstone	51
17488	muffler	51
17489	Mumbles	51
17490	stagecoach	51
17491	chloroform	51
17492	geologist	51
17493	Ny	51
17494	galleries	51
17495	hurricanes	51
17496	sauerkraut	51
17497	autopilot	51
17498	dodo	51
17499	hither	51
17500	invoke	51
17501	kingpin	51
17502	lavage	51
17503	mph	51
17504	observatory	51
17505	proteins	51
17506	Yorkshire	51
17507	neurons	51
17508	dune	51
17509	eraser	51
17510	Cong	51
17511	matchbook	51
17512	pheromones	51
17513	Renoir	51
17514	cloned	51
17515	Crikey	51
17516	Nike	51
17517	spaceman	51
17518	incubator	51
17519	heresy	51
17520	Haitian	51
17521	Rousseau	51
17522	Montague	51
17523	Tilly	51
17524	Unc	51
17525	Monterey	51
17526	Brill	51
17527	Neddy	51
17528	Topaz	51
17529	Galt	51
17530	Veta	51
17531	facilitate	50
17532	stomped	50
17533	veritable	50
17534	callous	50
17535	confine	50
17536	Consequently	50
17537	fullest	50
17538	proudest	50
17539	upgraded	50
17540	confiscate	50
17541	jacking	50
17542	mangled	50
17543	overworked	50
17544	palate	50
17545	presentable	50
17546	unanswered	50
17547	antics	50
17548	armpits	50
17549	doubling	50
17550	fancied	50
17551	flexibility	50
17552	harboring	50
17553	loafers	50
17554	portions	50
17555	racked	50
17556	reeling	50
17557	shined	50
17558	showering	50
17559	tallest	50
17560	unaccounted	50
17561	wasteland	50
17562	wedged	50
17563	workmen	50
17564	deserving	50
17565	dorky	50
17566	enormously	50
17567	foresee	50
17568	insatiable	50
17569	insightful	50
17570	reducing	50
17571	restoring	50
17572	scheming	50
17573	suntan	50
17574	tragedies	50
17575	broaden	50
17576	continuously	50
17577	dashboard	50
17578	desolate	50
17579	governed	50
17580	gulp	50
17581	lifetimes	50
17582	patrolling	50
17583	seasoned	50
17584	stitched	50
17585	surrendering	50
17586	Barkeep	50
17587	flaunt	50
17588	growl	50
17589	plunged	50
17590	privates	50
17591	profiles	50
17592	seduction	50
17593	thereof	50
17594	bullying	50
17595	clerical	50
17596	comatose	50
17597	flex	50
17598	modify	50
17599	org	50
17600	polluted	50
17601	shellfish	50
17602	unofficial	50
17603	asparagus	50
17604	casts	50
17605	concealing	50
17606	defining	50
17607	dissect	50
17608	glazed	50
17609	grains	50
17610	signaling	50
17611	soggy	50
17612	tourniquet	50
17613	waterproof	50
17614	adamant	50
17615	consummate	50
17616	equations	50
17617	forearm	50
17618	illiterate	50
17619	oaf	50
17620	resurrected	50
17621	shotguns	50
17622	slums	50
17623	vomited	50
17624	activist	50
17625	anchovies	50
17626	bozos	50
17627	chirping	50
17628	diffuse	50
17629	microphones	50
17630	Newsweek	50
17631	charisma	50
17632	coincidences	50
17633	ghostly	50
17634	gleam	50
17635	manufacturers	50
17636	studs	50
17637	viewpoint	50
17638	ce	50
17639	rainbows	50
17640	touchdowns	50
17641	chestnuts	50
17642	clavicle	50
17643	clinics	50
17644	fountains	50
17645	perch	50
17646	zeros	50
17647	electrocution	50
17648	Kremlin	50
17649	compliance	50
17650	Exorcist	50
17651	tarp	50
17652	Waldorf	50
17653	Watchers	50
17654	weasels	50
17655	bloodhound	50
17656	comma	50
17657	hive	50
17658	Mardi	50
17659	vermouth	50
17660	antelope	50
17661	hitchhiker	50
17662	pears	50
17663	Pokey	50
17664	venting	50
17665	songwriter	50
17666	Esquire	50
17667	guineas	50
17668	hunchback	50
17669	destroyers	50
17670	longs	50
17671	paparazzi	50
17672	Petit	50
17673	canon	50
17674	floater	50
17675	profiler	50
17676	Zulu	50
17677	Groucho	50
17678	paralegal	50
17679	Gladiators	50
17680	Seasonal	50
17681	barons	50
17682	jingles	50
17683	vasectomy	50
17684	Ville	50
17685	depository	50
17686	musket	50
17687	crewman	50
17688	Wildfire	50
17689	woodpecker	50
17690	Shi	50
17691	Bannerman	50
17692	Glades	50
17693	hybrids	50
17694	Plummer	50
17695	Hephaestus	50
17696	Molto	50
17697	Croft	50
17698	Albanian	50
17699	bonsai	50
17700	Garnet	50
17701	bot	50
17702	Gm	50
17703	Patel	50
17704	Rune	50
17705	Shylock	50
17706	Tanto	50
17707	Zephyr	50
17708	Greenleaf	50
17709	Senhor	50
17710	Brimmer	50
17711	Kuei	50
17712	nursed	49
17713	earns	49
17714	eloquent	49
17715	extends	49
17716	neglecting	49
17717	patiently	49
17718	riddled	49
17719	straightening	49
17720	succeeds	49
17721	weirdos	49
17722	backgrounds	49
17723	bloodthirsty	49
17724	intoxicating	49
17725	overgrown	49
17726	rampant	49
17727	rhetorical	49
17728	tabloids	49
17729	asinine	49
17730	defends	49
17731	liberating	49
17732	smoother	49
17733	uglier	49
17734	unravel	49
17735	watered	49
17736	abandonment	49
17737	brooding	49
17738	cultured	49
17739	devastation	49
17740	exceedingly	49
17741	favored	49
17742	formalities	49
17743	fueled	49
17744	indulgence	49
17745	patrons	49
17746	purest	49
17747	scrambling	49
17748	admirers	49
17749	ascertain	49
17750	centered	49
17751	crackpot	49
17752	deader	49
17753	exiled	49
17754	inquiring	49
17755	insufferable	49
17756	ironed	49
17757	magnifying	49
17758	oily	49
17759	overflow	49
17760	purses	49
17761	seducing	49
17762	socialize	49
17763	suspecting	49
17764	bleached	49
17765	cashing	49
17766	contender	49
17767	cordon	49
17768	disagreeable	49
17769	mending	49
17770	peripheral	49
17771	schoolwork	49
17772	settings	49
17773	sophistication	49
17774	stalls	49
17775	stationary	49
17776	accelerated	49
17777	assorted	49
17778	daydream	49
17779	financed	49
17780	floorboards	49
17781	massacred	49
17782	testy	49
17783	workup	49
17784	yearn	49
17785	enhanced	49
17786	expressway	49
17787	imperfect	49
17788	insinuating	49
17789	lowers	49
17790	partake	49
17791	physiology	49
17792	plural	49
17793	rapists	49
17794	scratchy	49
17795	splattered	49
17796	strangulation	49
17797	cannibals	49
17798	cartridge	49
17799	mouthwash	49
17800	relics	49
17801	sibling	49
17802	unlisted	49
17803	vixen	49
17804	waiver	49
17805	curling	49
17806	desist	49
17807	flagship	49
17808	intubation	49
17809	padding	49
17810	pant	49
17811	paternity	49
17812	swill	49
17813	systolic	49
17814	underdog	49
17815	asphalt	49
17816	magnetism	49
17817	rackets	49
17818	videotapes	49
17819	ranked	49
17820	renewal	49
17821	undeniable	49
17822	galaxies	49
17823	kegs	49
17824	Mahal	49
17825	pastrami	49
17826	Pavilion	49
17827	reinstate	49
17828	whirlwind	49
17829	Bigfoot	49
17830	custodian	49
17831	homosexuality	49
17832	lavatory	49
17833	ventriloquist	49
17834	comedians	49
17835	innings	49
17836	moonshine	49
17837	overbearing	49
17838	reefer	49
17839	spinster	49
17840	stub	49
17841	bog	49
17842	canvass	49
17843	forklift	49
17844	mathematician	49
17845	terrier	49
17846	amps	49
17847	boycott	49
17848	disloyal	49
17849	dole	49
17850	Fm	49
17851	garde	49
17852	racy	49
17853	acoustic	49
17854	Bordeaux	49
17855	punchy	49
17856	synagogue	49
17857	hourglass	49
17858	Mayan	49
17859	cannoli	49
17860	mugger	49
17861	stuttering	49
17862	Antichrist	49
17863	Cayman	49
17864	Marseilles	49
17865	refinery	49
17866	sixties	49
17867	Tourette	49
17868	Tut	49
17869	nudie	49
17870	slinky	49
17871	Triads	49
17872	ambrosia	49
17873	astral	49
17874	didnt	49
17875	judo	49
17876	Napa	49
17877	reggae	49
17878	Muff	49
17879	lament	49
17880	pentagram	49
17881	innit	49
17882	matzo	49
17883	zucchini	49
17884	Arcadia	49
17885	transceiver	49
17886	humbug	49
17887	Pumpernickel	49
17888	Tc	49
17889	Sho	49
17890	Burgess	49
17891	Camilla	49
17892	Pg	49
17893	Cooter	49
17894	Quark	49
17895	Spectre	49
17896	Brisbane	49
17897	Valance	49
17898	exercised	48
17899	audacity	48
17900	curing	48
17901	dries	48
17902	escorting	48
17903	fiercely	48
17904	luckier	48
17905	topped	48
17906	unwise	48
17907	brewing	48
17908	delicately	48
17909	enduring	48
17910	fanatics	48
17911	filters	48
17912	imaginable	48
17913	implication	48
17914	infinitely	48
17915	safeguard	48
17916	savor	48
17917	stiffs	48
17918	succession	48
17919	yawning	48
17920	accommodation	48
17921	buzzed	48
17922	clouded	48
17923	crunchy	48
17924	cultivate	48
17925	dictation	48
17926	strayed	48
17927	versatile	48
17928	baggy	48
17929	brainy	48
17930	cite	48
17931	coals	48
17932	contend	48
17933	demolished	48
17934	earnings	48
17935	independently	48
17936	infested	48
17937	makings	48
17938	misled	48
17939	nutshell	48
17940	registering	48
17941	squashed	48
17942	variations	48
17943	weirdness	48
17944	absolution	48
17945	agricultural	48
17946	builder	48
17947	cabins	48
17948	cometh	48
17949	communicated	48
17950	dismal	48
17951	dissatisfied	48
17952	exploits	48
17953	furnish	48
17954	gallop	48
17955	gutted	48
17956	irritate	48
17957	licenses	48
17958	nutrition	48
17959	relied	48
17960	roped	48
17961	shocker	48
17962	tanked	48
17963	teased	48
17964	unforgettable	48
17965	alterations	48
17966	Belgian	48
17967	contraband	48
17968	correspond	48
17969	crunching	48
17970	exiting	48
17971	flirted	48
17972	pious	48
17973	playtime	48
17974	postage	48
17975	problematic	48
17976	reinforce	48
17977	retaliation	48
17978	retards	48
17979	stethoscope	48
17980	streaming	48
17981	swig	48
17982	uphill	48
17983	wrongly	48
17984	anterior	48
17985	astonished	48
17986	bulge	48
17987	configuration	48
17988	incapacitated	48
17989	mowing	48
17990	sprinklers	48
17991	sugars	48
17992	undies	48
17993	beamed	48
17994	beret	48
17995	Bloc	48
17996	Bohemian	48
17997	braid	48
17998	clout	48
17999	embezzlement	48
18000	hitchhike	48
18001	hunches	48
18002	imitates	48
18003	layman	48
18004	martyrs	48
18005	pail	48
18006	plunger	48
18007	redirect	48
18008	simulated	48
18009	sprinkles	48
18010	tablecloth	48
18011	blister	48
18012	dreamers	48
18013	filet	48
18014	grit	48
18015	sabbatical	48
18016	biceps	48
18017	constellation	48
18018	gimp	48
18019	murmur	48
18020	prose	48
18021	skimming	48
18022	streaks	48
18023	bedpan	48
18024	blot	48
18025	composing	48
18026	incomparable	48
18027	milkman	48
18028	restoration	48
18029	romances	48
18030	scruples	48
18031	Chardonnay	48
18032	cutbacks	48
18033	hymns	48
18034	pecan	48
18035	Retractor	48
18036	seizing	48
18037	shareholders	48
18038	smugglers	48
18039	soundtrack	48
18040	Concerto	48
18041	rapping	48
18042	retreating	48
18043	bookcase	48
18044	bulkhead	48
18045	clergy	48
18046	clutter	48
18047	corsage	48
18048	covet	48
18049	Demerol	48
18050	font	48
18051	fray	48
18052	mutilation	48
18053	navigational	48
18054	shears	48
18055	surname	48
18056	foxhole	48
18057	Gothic	48
18058	locator	48
18059	Oedipus	48
18060	ostrich	48
18061	pillars	48
18062	appendicitis	48
18063	maitre	48
18064	towing	48
18065	Sheen	48
18066	silo	48
18067	suns	48
18068	Wali	48
18069	Xerox	48
18070	warship	48
18071	Dolce	48
18072	hangers	48
18073	spotter	48
18074	thinkers	48
18075	fats	48
18076	Britt	48
18077	Tae	48
18078	Catalina	48
18079	Gar	48
18080	nippy	48
18081	upriver	48
18082	archaeological	48
18083	godson	48
18084	Hap	48
18085	Kuwait	48
18086	Sycamore	48
18087	philistine	48
18088	Mamie	48
18089	shunt	48
18090	Wicker	48
18091	goblin	48
18092	Twa	48
18093	Buckland	48
18094	Yonkers	48
18095	Pelt	48
18096	ly	48
18097	Bertram	48
18098	Sancho	48
18099	Mau	48
18100	Passover	48
18101	Cmdr	48
18102	Adm	48
18103	bobsled	48
18104	Daedalus	48
18105	Nene	48
18106	voc	48
18107	fronts	47
18108	traditionally	47
18109	divorces	47
18110	inferno	47
18111	overdoing	47
18112	preferable	47
18113	scrapes	47
18114	accompanying	47
18115	curled	47
18116	fend	47
18117	generously	47
18118	penalties	47
18119	trimmed	47
18120	widespread	47
18121	angst	47
18122	baffled	47
18123	defeats	47
18124	dramatically	47
18125	oppressive	47
18126	oversized	47
18127	rebellious	47
18128	therein	47
18129	unconditional	47
18130	wither	47
18131	wrestled	47
18132	barriers	47
18133	collide	47
18134	commemorate	47
18135	dizziness	47
18136	doable	47
18137	enigma	47
18138	exaggeration	47
18139	fruitful	47
18140	ingenuity	47
18141	klutz	47
18142	mommies	47
18143	undivided	47
18144	adhesive	47
18145	deplorable	47
18146	lucked	47
18147	oozing	47
18148	paroled	47
18149	proclaim	47
18150	quirks	47
18151	rerun	47
18152	scarring	47
18153	shambles	47
18154	snapshots	47
18155	topics	47
18156	vary	47
18157	admittedly	47
18158	assaults	47
18159	circulate	47
18160	crabby	47
18161	crazies	47
18162	disarmed	47
18163	justification	47
18164	mouthpiece	47
18165	predecessor	47
18166	regrettable	47
18167	scholars	47
18168	shackles	47
18169	slaying	47
18170	stiffed	47
18171	unimaginable	47
18172	atmospheric	47
18173	brides	47
18174	conflicted	47
18175	craftsman	47
18176	groan	47
18177	homely	47
18178	infections	47
18179	pouting	47
18180	religions	47
18181	ringside	47
18182	rouse	47
18183	soles	47
18184	turnpike	47
18185	amorous	47
18186	attain	47
18187	binge	47
18188	Buenas	47
18189	calculus	47
18190	astrology	47
18191	chime	47
18192	nectar	47
18193	niche	47
18194	Ps	47
18195	relapse	47
18196	supermodel	47
18197	enzymes	47
18198	grapevine	47
18199	loudspeaker	47
18200	quarantined	47
18201	statutory	47
18202	suave	47
18203	sunsets	47
18204	biased	47
18205	grasshopper	47
18206	pigtails	47
18207	provincial	47
18208	rancher	47
18209	snorting	47
18210	sprinkler	47
18211	strudel	47
18212	blasts	47
18213	curator	47
18214	footwork	47
18215	geology	47
18216	ordnance	47
18217	poaching	47
18218	poppin	47
18219	publications	47
18220	Sup	47
18221	telepathy	47
18222	tinkle	47
18223	coils	47
18224	ghouls	47
18225	packets	47
18226	psychos	47
18227	seatbelt	47
18228	vamp	47
18229	ascend	47
18230	editions	47
18231	elevation	47
18232	helluva	47
18233	mogul	47
18234	coasters	47
18235	turpentine	47
18236	Gibraltar	47
18237	queers	47
18238	silencer	47
18239	bookies	47
18240	Highlands	47
18241	honcho	47
18242	Madagascar	47
18243	proofs	47
18244	seeker	47
18245	Ama	47
18246	Aryan	47
18247	cranberries	47
18248	outback	47
18249	surfboard	47
18250	boomerang	47
18251	brisket	47
18252	Defiant	47
18253	Dumbo	47
18254	hoe	47
18255	rhythms	47
18256	wattle	47
18257	Qui	47
18258	sidebar	47
18259	fondue	47
18260	lynching	47
18261	snippy	47
18262	dictatorship	47
18263	gully	47
18264	hippy	47
18265	hiss	47
18266	passwords	47
18267	Pistons	47
18268	sass	47
18269	thoroughfare	47
18270	thundering	47
18271	Frankfurt	47
18272	Ich	47
18273	toga	47
18274	Ge	47
18275	tock	47
18276	Allez	47
18277	Clair	47
18278	clemency	47
18279	Minion	47
18280	pentothal	47
18281	spud	47
18282	Commissar	47
18283	peeper	47
18284	Suzuki	47
18285	Talmud	47
18286	Flanders	47
18287	Nite	47
18288	Spiller	47
18289	Cleaves	47
18290	Desdemona	47
18291	Lats	47
18292	Newcastle	47
18293	Pollack	47
18294	Tarn	47
18295	Corso	47
18296	Hays	47
18297	Tutti	47
18298	Nazarene	47
18299	Quince	47
18300	sory	47
18301	Spartans	47
18302	Weir	47
18303	Morg	47
18304	Heman	47
18305	expire	46
18306	hops	46
18307	inventive	46
18308	mapped	46
18309	prompted	46
18310	stretches	46
18311	eliminating	46
18312	groggy	46
18313	completes	46
18314	distances	46
18315	dodged	46
18316	Greyhound	46
18317	liven	46
18318	resistant	46
18319	soiled	46
18320	upwards	46
18321	appetites	46
18322	bestowed	46
18323	devoured	46
18324	disturbs	46
18325	hemorrhoids	46
18326	obstructing	46
18327	reluctance	46
18328	safekeeping	46
18329	scandalous	46
18330	stunk	46
18331	swirl	46
18332	talkative	46
18333	anonymity	46
18334	blunder	46
18335	dashed	46
18336	degraded	46
18337	issuing	46
18338	provoking	46
18339	punctured	46
18340	reek	46
18341	relinquish	46
18342	slobs	46
18343	snatching	46
18344	snores	46
18345	stacking	46
18346	tubs	46
18347	ulterior	46
18348	verification	46
18349	determines	46
18350	dismantle	46
18351	displaced	46
18352	egos	46
18353	fatality	46
18354	fortnight	46
18355	grazed	46
18356	grisly	46
18357	hindsight	46
18358	inconceivable	46
18359	negotiable	46
18360	nuthouse	46
18361	offhand	46
18362	prancing	46
18363	preserving	46
18364	quantities	46
18365	ridiculously	46
18366	robs	46
18367	shakedown	46
18368	sickening	46
18369	snooze	46
18370	travesty	46
18371	authorised	46
18372	campaigns	46
18373	crossfire	46
18374	discredit	46
18375	euphemism	46
18376	flagged	46
18377	gangrene	46
18378	handmade	46
18379	innuendo	46
18380	lookee	46
18381	monuments	46
18382	swirling	46
18383	tagging	46
18384	toured	46
18385	transplants	46
18386	barter	46
18387	commendation	46
18388	doctorate	46
18389	drainage	46
18390	Europeans	46
18391	headstrong	46
18392	lenient	46
18393	logging	46
18394	logically	46
18395	lovingly	46
18396	Opus	46
18397	overlapping	46
18398	rectal	46
18399	scented	46
18400	spectator	46
18401	spokesperson	46
18402	steamy	46
18403	stinging	46
18404	Twelfth	46
18405	condemning	46
18406	congressmen	46
18407	cynicism	46
18408	deductible	46
18409	freeing	46
18410	magnets	46
18411	obstinate	46
18412	sealing	46
18413	statistical	46
18414	stickler	46
18415	twirling	46
18416	windpipe	46
18417	acne	46
18418	angina	46
18419	coconuts	46
18420	developer	46
18421	dysentery	46
18422	locusts	46
18423	nicknames	46
18424	paddling	46
18425	simplify	46
18426	specify	46
18427	sprout	46
18428	upfront	46
18429	bombshell	46
18430	garbled	46
18431	grievance	46
18432	gusto	46
18433	opposites	46
18434	Phi	46
18435	processor	46
18436	proxy	46
18437	taker	46
18438	bistro	46
18439	confetti	46
18440	pally	46
18441	steers	46
18442	sunken	46
18443	thoracotomy	46
18444	bazooka	46
18445	feline	46
18446	magnesium	46
18447	paralysed	46
18448	reps	46
18449	sparring	46
18450	vaults	46
18451	barley	46
18452	forsake	46
18453	humbled	46
18454	lepers	46
18455	showgirl	46
18456	westbound	46
18457	antlers	46
18458	birthright	46
18459	compressed	46
18460	discontent	46
18461	midterms	46
18462	sculptor	46
18463	vandals	46
18464	Brie	46
18465	bundles	46
18466	lox	46
18467	nominate	46
18468	prissy	46
18469	quartermaster	46
18470	spirituality	46
18471	teammate	46
18472	tripod	46
18473	cornbread	46
18474	Drat	46
18475	sardine	46
18476	snarling	46
18477	cabana	46
18478	gazebo	46
18479	yous	46
18480	chloride	46
18481	monogamy	46
18482	pendant	46
18483	subatomic	46
18484	tots	46
18485	volcanoes	46
18486	Damascus	46
18487	equilibrium	46
18488	gringos	46
18489	tarantula	46
18490	voucher	46
18491	dugout	46
18492	ese	46
18493	Lafayette	46
18494	nominees	46
18495	Pico	46
18496	Lutheran	46
18497	pups	46
18498	Terra	46
18499	toxin	46
18500	elixir	46
18501	Osaka	46
18502	reenactment	46
18503	Mayberry	46
18504	turbine	46
18505	veto	46
18506	schoolmaster	46
18507	Westminster	46
18508	Chimera	46
18509	purser	46
18510	reapers	46
18511	saran	46
18512	burro	46
18513	dojo	46
18514	Conner	46
18515	Archduke	46
18516	Stoney	46
18517	slavers	46
18518	Wl	46
18519	Althea	46
18520	Limpet	46
18521	Prado	46
18522	Fc	46
18523	Tait	46
18524	tane	46
18525	Choya	46
18526	outlets	45
18527	surrounds	45
18528	castles	45
18529	defines	45
18530	deserts	45
18531	evade	45
18532	ovation	45
18533	pucker	45
18534	abruptly	45
18535	attribute	45
18536	cramping	45
18537	groping	45
18538	leapt	45
18539	scrounge	45
18540	unmistakable	45
18541	wanders	45
18542	yearly	45
18543	Zilch	45
18544	aired	45
18545	bottomless	45
18546	chartered	45
18547	cleverly	45
18548	commute	45
18549	dictated	45
18550	digestive	45
18551	godsend	45
18552	ignores	45
18553	insolence	45
18554	nutritious	45
18555	orchestrated	45
18556	pickings	45
18557	pressured	45
18558	reacts	45
18559	realist	45
18560	reassure	45
18561	tantrum	45
18562	tensions	45
18563	abundance	45
18564	boudoir	45
18565	bounces	45
18566	brainless	45
18567	clandestine	45
18568	decreased	45
18569	dined	45
18570	discrepancy	45
18571	glaze	45
18572	impractical	45
18573	insidious	45
18574	liquids	45
18575	rooftops	45
18576	splinters	45
18577	tasteless	45
18578	tranquilizers	45
18579	willies	45
18580	amid	45
18581	brim	45
18582	joyride	45
18583	lingering	45
18584	militant	45
18585	noticeable	45
18586	outlawed	45
18587	paved	45
18588	philanthropist	45
18589	prepares	45
18590	quarterly	45
18591	scooped	45
18592	squeamish	45
18593	vacancy	45
18594	Airways	45
18595	bi	45
18596	broth	45
18597	enlarge	45
18598	harem	45
18599	immaterial	45
18600	morn	45
18601	ninny	45
18602	reopened	45
18603	speakerphone	45
18604	accelerating	45
18605	blackness	45
18606	burdens	45
18607	bystander	45
18608	chisel	45
18609	competence	45
18610	croissant	45
18611	diplomats	45
18612	finely	45
18613	folklore	45
18614	frostbite	45
18615	fulfil	45
18616	humid	45
18617	maximize	45
18618	mythical	45
18619	rejoicing	45
18620	remission	45
18621	Snickers	45
18622	stinger	45
18623	straining	45
18624	tiptoe	45
18625	utilize	45
18626	viral	45
18627	campaigning	45
18628	flaky	45
18629	foyer	45
18630	indict	45
18631	interval	45
18632	trivia	45
18633	workload	45
18634	entrails	45
18635	freedoms	45
18636	historian	45
18637	industries	45
18638	outcasts	45
18639	rad	45
18640	redheaded	45
18641	wails	45
18642	walkie	45
18643	chiropractor	45
18644	chutes	45
18645	kindred	45
18646	magicians	45
18647	analyse	45
18648	choreography	45
18649	corset	45
18650	dominoes	45
18651	flunking	45
18652	lasso	45
18653	Oscars	45
18654	promenade	45
18655	relays	45
18656	ripples	45
18657	swamps	45
18658	thoroughbred	45
18659	topping	45
18660	turquoise	45
18661	Flipper	45
18662	handbags	45
18663	nautical	45
18664	barnyard	45
18665	Echelon	45
18666	ey	45
18667	Fiddler	45
18668	polio	45
18669	roost	45
18670	sledgehammer	45
18671	swaying	45
18672	tambourine	45
18673	damsel	45
18674	dumpling	45
18675	ranchers	45
18676	yuppie	45
18677	consumers	45
18678	gumbo	45
18679	hyper	45
18680	solicitation	45
18681	clones	45
18682	Confucius	45
18683	notches	45
18684	Streep	45
18685	abstinence	45
18686	Bavarian	45
18687	garters	45
18688	gunnery	45
18689	solicitor	45
18690	android	45
18691	Finland	45
18692	nucleus	45
18693	stroller	45
18694	whaling	45
18695	adjutant	45
18696	dunes	45
18697	mooch	45
18698	nemesis	45
18699	playbook	45
18700	submissive	45
18701	Brit	45
18702	petal	45
18703	stockholder	45
18704	campers	45
18705	Laguna	45
18706	Lis	45
18707	veneer	45
18708	Glendale	45
18709	Grange	45
18710	Constantinople	45
18711	Odyssey	45
18712	Poppa	45
18713	schnitzel	45
18714	Vas	45
18715	Brewer	45
18716	Emp	45
18717	Parton	45
18718	turret	45
18719	Spinner	45
18720	Weathers	45
18721	Bitsy	45
18722	Iceland	45
18723	Whitehead	45
18724	scepter	45
18725	Bianco	45
18726	Calabrese	45
18727	Moya	45
18728	Quirt	45
18729	Signior	45
18730	Toymaker	45
18731	coldest	44
18732	disparage	44
18733	overhearing	44
18734	attributed	44
18735	jailed	44
18736	miraculously	44
18737	pounded	44
18738	recap	44
18739	rots	44
18740	sorely	44
18741	springing	44
18742	trendy	44
18743	warms	44
18744	fearing	44
18745	impersonal	44
18746	indicator	44
18747	operas	44
18748	precedes	44
18749	pretense	44
18750	spec	44
18751	spineless	44
18752	successes	44
18753	trespasses	44
18754	unconventional	44
18755	undying	44
18756	untimely	44
18757	adolescence	44
18758	alphabetical	44
18759	anew	44
18760	babble	44
18761	busiest	44
18762	conserve	44
18763	cubic	44
18764	decorative	44
18765	defies	44
18766	endearing	44
18767	imaginations	44
18768	invariably	44
18769	madder	44
18770	misread	44
18771	pedicure	44
18772	ramifications	44
18773	schoolyard	44
18774	splatter	44
18775	supervising	44
18776	unplug	44
18777	amputate	44
18778	believers	44
18779	bloods	44
18780	circuitry	44
18781	commendable	44
18782	consistently	44
18783	exemplary	44
18784	intolerant	44
18785	Kudos	44
18786	pining	44
18787	ravaged	44
18788	shamed	44
18789	subscribe	44
18790	textbooks	44
18791	timeless	44
18792	unsuccessful	44
18793	untouchable	44
18794	upped	44
18795	antiseptic	44
18796	attachments	44
18797	buffoon	44
18798	conform	44
18799	considerations	44
18800	demeaning	44
18801	demographic	44
18802	flung	44
18803	flutter	44
18804	forceful	44
18805	forwarded	44
18806	gems	44
18807	lashes	44
18808	mended	44
18809	mongrel	44
18810	pivotal	44
18811	torched	44
18812	wail	44
18813	activating	44
18814	applicants	44
18815	charlatan	44
18816	diaries	44
18817	differential	44
18818	doped	44
18819	eons	44
18820	grading	44
18821	grouchy	44
18822	holders	44
18823	metaphors	44
18824	narcotic	44
18825	ordained	44
18826	psychics	44
18827	revise	44
18828	sanitary	44
18829	slaps	44
18830	smacking	44
18831	splint	44
18832	thingies	44
18833	yeast	44
18834	acceleration	44
18835	approves	44
18836	decapitated	44
18837	gloating	44
18838	grader	44
18839	inhibitions	44
18840	laces	44
18841	lifeline	44
18842	rascals	44
18843	recycle	44
18844	rigor	44
18845	speciality	44
18846	tricking	44
18847	unconsciously	44
18848	unselfish	44
18849	warpath	44
18850	backfire	44
18851	cemeteries	44
18852	Emporium	44
18853	Iraq	44
18854	manoeuvre	44
18855	rammed	44
18856	shafts	44
18857	snowstorm	44
18858	vigil	44
18859	wrought	44
18860	collapses	44
18861	kidder	44
18862	licorice	44
18863	punitive	44
18864	racks	44
18865	remarry	44
18866	sizzling	44
18867	teapot	44
18868	toenail	44
18869	unhook	44
18870	Chrysler	44
18871	denounce	44
18872	eyelash	44
18873	pulses	44
18874	stylist	44
18875	wedgie	44
18876	avenged	44
18877	bedbugs	44
18878	beehive	44
18879	hypothesis	44
18880	incest	44
18881	Pontiac	44
18882	protesters	44
18883	rapes	44
18884	rapture	44
18885	resuscitate	44
18886	taxicab	44
18887	callback	44
18888	constipated	44
18889	fashions	44
18890	Huckleberry	44
18891	preemptive	44
18892	roomie	44
18893	sneezes	44
18894	transference	44
18895	copycat	44
18896	ers	44
18897	fornication	44
18898	harpoon	44
18899	reinforcement	44
18900	Wherefore	44
18901	Ymca	44
18902	Yugoslavia	44
18903	Madre	44
18904	stapler	44
18905	tryout	44
18906	tushy	44
18907	bogeyman	44
18908	mutations	44
18909	yams	44
18910	ascension	44
18911	Coliseum	44
18912	missionaries	44
18913	oncologist	44
18914	poncho	44
18915	scavenger	44
18916	Sheraton	44
18917	croquet	44
18918	darkroom	44
18919	Ebony	44
18920	swingers	44
18921	Tiff	44
18922	totem	44
18923	Dow	44
18924	fairest	44
18925	Louisville	44
18926	rugby	44
18927	clinking	44
18928	dissection	44
18929	envoy	44
18930	chimpanzees	44
18931	Bolivia	44
18932	Birdman	44
18933	cranes	44
18934	caste	44
18935	Hanoi	44
18936	Woodbury	44
18937	Bowery	44
18938	Shire	44
18939	toner	44
18940	Augusta	44
18941	Locust	44
18942	Alfonso	44
18943	Hoagie	44
18944	Jacky	44
18945	Helios	44
18946	Rohan	44
18947	Fico	44
18948	Menelaus	44
18949	Flor	44
18950	Dumbledore	44
18951	completing	43
18952	hallways	43
18953	hormonal	43
18954	woodwork	43
18955	avail	43
18956	confided	43
18957	disrupted	43
18958	insistent	43
18959	lodging	43
18960	nonexistent	43
18961	overpriced	43
18962	sanction	43
18963	amazes	43
18964	assigning	43
18965	assures	43
18966	breezes	43
18967	constitute	43
18968	generating	43
18969	getup	43
18970	inexcusable	43
18971	Pandora	43
18972	pestering	43
18973	plunder	43
18974	progressed	43
18975	reputable	43
18976	rudeness	43
18977	skim	43
18978	woozy	43
18979	bawling	43
18980	clutches	43
18981	earplugs	43
18982	elevate	43
18983	Ergo	43
18984	extinguish	43
18985	heightened	43
18986	hounding	43
18987	impaired	43
18988	informs	43
18989	instinctively	43
18990	irreplaceable	43
18991	irrigation	43
18992	misleading	43
18993	onset	43
18994	parades	43
18995	pigsty	43
18996	pinning	43
18997	positioning	43
18998	sleek	43
18999	sprain	43
19000	surfaced	43
19001	whopper	43
19002	alcoholism	43
19003	encoded	43
19004	gagged	43
19005	impressionable	43
19006	mapping	43
19007	mistaking	43
19008	nurturing	43
19009	pinhead	43
19010	puked	43
19011	significantly	43
19012	spaced	43
19013	spaniel	43
19014	unplugged	43
19015	waltzing	43
19016	weaving	43
19017	assert	43
19018	bagging	43
19019	coastal	43
19020	fiddling	43
19021	Hawking	43
19022	impromptu	43
19023	memos	43
19024	nosing	43
19025	packaging	43
19026	practitioner	43
19027	projectile	43
19028	reruns	43
19029	revisit	43
19030	rigorous	43
19031	silenced	43
19032	wimpy	43
19033	aliases	43
19034	Captioning	43
19035	clobbered	43
19036	dropout	43
19037	dynamics	43
19038	fabrication	43
19039	handout	43
19040	hooky	43
19041	inspectors	43
19042	mobster	43
19043	nightstand	43
19044	shortness	43
19045	snout	43
19046	suspenders	43
19047	trinkets	43
19048	trumpets	43
19049	weakling	43
19050	celibacy	43
19051	destinies	43
19052	eviction	43
19053	frock	43
19054	Google	43
19055	infatuation	43
19056	ladylike	43
19057	mingling	43
19058	modification	43
19059	monotonous	43
19060	munch	43
19061	nothingness	43
19062	ovaries	43
19063	philosophers	43
19064	reroute	43
19065	snorts	43
19066	trimester	43
19067	acquiring	43
19068	ambassadors	43
19069	barbecued	43
19070	coerced	43
19071	flicks	43
19072	Gemini	43
19073	heirloom	43
19074	inept	43
19075	Mmmm	43
19076	penises	43
19077	pickups	43
19078	skylight	43
19079	stubs	43
19080	submerged	43
19081	blubber	43
19082	brotherly	43
19083	chromosomes	43
19084	civilizations	43
19085	conveyor	43
19086	entrapment	43
19087	hailed	43
19088	Libya	43
19089	plop	43
19090	portray	43
19091	recycled	43
19092	renovation	43
19093	reptiles	43
19094	splat	43
19095	activation	43
19096	atone	43
19097	booties	43
19098	creditors	43
19099	individuality	43
19100	Keno	43
19101	likable	43
19102	parsley	43
19103	refuel	43
19104	sappy	43
19105	Unhand	43
19106	amputation	43
19107	broomstick	43
19108	damper	43
19109	displacement	43
19110	hooey	43
19111	sergeants	43
19112	transports	43
19113	Velcro	43
19114	arches	43
19115	blowtorch	43
19116	compares	43
19117	coppers	43
19118	fined	43
19119	Guam	43
19120	laxative	43
19121	stressing	43
19122	zinc	43
19123	bequeath	43
19124	carnation	43
19125	clang	43
19126	firefighters	43
19127	lineage	43
19128	newsletter	43
19129	sentries	43
19130	styling	43
19131	annex	43
19132	bullion	43
19133	Cartier	43
19134	clanging	43
19135	corns	43
19136	Honduras	43
19137	Lurch	43
19138	Pinto	43
19139	swabs	43
19140	divinity	43
19141	invents	43
19142	mausoleum	43
19143	Perrier	43
19144	Shah	43
19145	Almanac	43
19146	mantra	43
19147	molester	43
19148	bombardment	43
19149	conning	43
19150	countermeasures	43
19151	doctrine	43
19152	quitters	43
19153	Cherie	43
19154	quiche	43
19155	risotto	43
19156	skydiving	43
19157	Abbot	43
19158	Greenland	43
19159	saturated	43
19160	Comanche	43
19161	Dl	43
19162	Follies	43
19163	shipyard	43
19164	subcommittee	43
19165	diddle	43
19166	Haw	43
19167	Medevac	43
19168	middleweight	43
19169	sulphur	43
19170	yodel	43
19171	Amor	43
19172	Carpe	43
19173	hyenas	43
19174	neighing	43
19175	omens	43
19176	segregation	43
19177	Flounder	43
19178	Lansing	43
19179	stingers	43
19180	Apex	43
19181	Argyle	43
19182	Ezekiel	43
19183	Belfast	43
19184	driftwood	43
19185	Ki	43
19186	Colombo	43
19187	Pax	43
19188	Somerset	43
19189	tweet	43
19190	Yam	43
19191	Flores	43
19192	Genoa	43
19193	junket	43
19194	Capote	43
19195	Dundee	43
19196	Hummel	43
19197	Kraft	43
19198	Lobo	43
19199	Triton	43
19200	Tesla	43
19201	Cinque	43
19202	Jennie	43
19203	monolith	43
19204	Tuff	43
19205	Vil	43
19206	Lattin	43
19207	diminish	42
19208	disagreed	42
19209	housed	42
19210	repairing	42
19211	exhibited	42
19212	facade	42
19213	jerked	42
19214	squirm	42
19215	supplying	42
19216	wanton	42
19217	workings	42
19218	buggers	42
19219	buttered	42
19220	coincidental	42
19221	conjecture	42
19222	departmental	42
19223	dictates	42
19224	lovelier	42
19225	punishable	42
19226	retrieved	42
19227	scariest	42
19228	smacks	42
19229	smashes	42
19230	undergo	42
19231	widen	42
19232	actively	42
19233	farthest	42
19234	flimsy	42
19235	fundamentally	42
19236	glows	42
19237	gratification	42
19238	hospitable	42
19239	inclination	42
19240	incomprehensible	42
19241	nigh	42
19242	pretenses	42
19243	shootings	42
19244	specifications	42
19245	staking	42
19246	storing	42
19247	televised	42
19248	unzip	42
19249	uppity	42
19250	visually	42
19251	wetting	42
19252	cocked	42
19253	distressing	42
19254	famed	42
19255	gaping	42
19256	illuminate	42
19257	khaki	42
19258	nationality	42
19259	rectify	42
19260	rhyming	42
19261	sanctimonious	42
19262	shipments	42
19263	situated	42
19264	straitjacket	42
19265	toasting	42
19266	tranquil	42
19267	warranty	42
19268	arose	42
19269	booted	42
19270	briefs	42
19271	callers	42
19272	clothe	42
19273	collarbone	42
19274	comical	42
19275	counters	42
19276	cutthroat	42
19277	decorum	42
19278	dials	42
19279	frolic	42
19280	inconclusive	42
19281	institutionalized	42
19282	limber	42
19283	longitude	42
19284	openers	42
19285	purified	42
19286	repaid	42
19287	repression	42
19288	resigning	42
19289	shielding	42
19290	spilt	42
19291	vocation	42
19292	bustle	42
19293	disturbances	42
19294	downer	42
19295	geological	42
19296	midday	42
19297	milkshake	42
19298	nincompoop	42
19299	nodding	42
19300	persistence	42
19301	predictions	42
19302	raiding	42
19303	slicker	42
19304	spontaneity	42
19305	treadmill	42
19306	treaties	42
19307	troublemakers	42
19308	wallop	42
19309	bartenders	42
19310	billiard	42
19311	bootleg	42
19312	congratulated	42
19313	enforced	42
19314	scolded	42
19315	skips	42
19316	spectacles	42
19317	syllable	42
19318	therapists	42
19319	thyself	42
19320	trustee	42
19321	bipolar	42
19322	chumps	42
19323	cocker	42
19324	consultants	42
19325	intubated	42
19326	landslide	42
19327	oregano	42
19328	pamphlets	42
19329	perpetrators	42
19330	recruitment	42
19331	seltzer	42
19332	sinuses	42
19333	unresolved	42
19334	Waterloo	42
19335	acids	42
19336	censor	42
19337	circumcised	42
19338	databases	42
19339	godless	42
19340	guillotine	42
19341	hanky	42
19342	headset	42
19343	hem	42
19344	hunky	42
19345	meats	42
19346	metaphysical	42
19347	mg	42
19348	puffed	42
19349	turtleneck	42
19350	Asystole	42
19351	crepe	42
19352	decimal	42
19353	duplicated	42
19354	Garbo	42
19355	monogamous	42
19356	tenderly	42
19357	annulled	42
19358	barricades	42
19359	horsey	42
19360	monarch	42
19361	Ssh	42
19362	surgeries	42
19363	Volkswagen	42
19364	warmest	42
19365	checkered	42
19366	launcher	42
19367	moly	42
19368	oar	42
19369	beaming	42
19370	cellophane	42
19371	chipmunk	42
19372	def	42
19373	gastric	42
19374	mores	42
19375	rappers	42
19376	typist	42
19377	kingdoms	42
19378	shrew	42
19379	wino	42
19380	bloodstains	42
19381	humanoid	42
19382	porridge	42
19383	Annapolis	42
19384	Genghis	42
19385	Sri	42
19386	couriers	42
19387	Footloose	42
19388	pledges	42
19389	taillight	42
19390	airlock	42
19391	detonators	42
19392	entree	42
19393	Flagstaff	42
19394	chlamydia	42
19395	cloaking	42
19396	conga	42
19397	Rams	42
19398	abductions	42
19399	pixie	42
19400	sandstorm	42
19401	Sudan	42
19402	Huzzah	42
19403	Pullman	42
19404	sable	42
19405	Adolph	42
19406	Blackbird	42
19407	Doppler	42
19408	Vroom	42
19409	Alameda	42
19410	Gloucester	42
19411	mousy	42
19412	sumo	42
19413	mariachi	42
19414	Romanian	42
19415	skit	42
19416	Cromwell	42
19417	Freedman	42
19418	Kensington	42
19419	Armenians	42
19420	porters	42
19421	Hellman	42
19422	Pom	42
19423	Cappy	42
19424	wetlands	42
19425	teahouse	42
19426	Argo	42
19427	Bink	42
19428	Josey	42
19429	Prentice	42
19430	Feck	42
19431	Koda	42
19432	Moonraker	42
19433	Manty	42
19434	appreciative	41
19435	bores	41
19436	deserting	41
19437	overflowing	41
19438	patented	41
19439	recognizing	41
19440	respective	41
19441	savin	41
19442	spontaneously	41
19443	stellar	41
19444	alienated	41
19445	birthplace	41
19446	correcting	41
19447	dozed	41
19448	flourish	41
19449	freebie	41
19450	instituted	41
19451	intervened	41
19452	revered	41
19453	unsettling	41
19454	uttered	41
19455	varied	41
19456	assembling	41
19457	complexity	41
19458	contention	41
19459	crapper	41
19460	cuddling	41
19461	discreetly	41
19462	expresses	41
19463	eyeing	41
19464	Faux	41
19465	fittest	41
19466	forefathers	41
19467	hazy	41
19468	loyalties	41
19469	outdated	41
19470	progressing	41
19471	recapture	41
19472	repulsed	41
19473	superhuman	41
19474	wheeled	41
19475	bowed	41
19476	charismatic	41
19477	delicatessen	41
19478	discouraging	41
19479	discriminate	41
19480	drab	41
19481	embracing	41
19482	enslaved	41
19483	glib	41
19484	idealistic	41
19485	middleman	41
19486	mundane	41
19487	pastime	41
19488	paternal	41
19489	rallies	41
19490	revel	41
19491	runaways	41
19492	syllables	41
19493	temperamental	41
19494	trample	41
19495	unnecessarily	41
19496	validate	41
19497	vulnerability	41
19498	balancing	41
19499	bureaucratic	41
19500	groupies	41
19501	heirs	41
19502	irreversible	41
19503	modifications	41
19504	novice	41
19505	occurring	41
19506	pardoned	41
19507	relocated	41
19508	rewriting	41
19509	screened	41
19510	soundproof	41
19511	storming	41
19512	annihilation	41
19513	antisocial	41
19514	banners	41
19515	boned	41
19516	cavities	41
19517	Cirque	41
19518	coax	41
19519	converting	41
19520	funded	41
19521	gazing	41
19522	loosely	41
19523	loveliness	41
19524	nosebleed	41
19525	performs	41
19526	plugging	41
19527	researched	41
19528	Rockies	41
19529	sag	41
19530	shortstop	41
19531	smirk	41
19532	spills	41
19533	subdue	41
19534	tamed	41
19535	agreements	41
19536	Ch	41
19537	doomsday	41
19538	douse	41
19539	fantasizing	41
19540	flabby	41
19541	hordes	41
19542	kinks	41
19543	pertaining	41
19544	sternum	41
19545	windbag	41
19546	appliance	41
19547	blip	41
19548	butchers	41
19549	cliche	41
19550	comparative	41
19551	cunts	41
19552	daiquiri	41
19553	diners	41
19554	disclosed	41
19555	Himalayas	41
19556	insignia	41
19557	locomotive	41
19558	palaces	41
19559	pawns	41
19560	paychecks	41
19561	blockhead	41
19562	ditches	41
19563	intellectuals	41
19564	munchkin	41
19565	neurosurgeon	41
19566	Ode	41
19567	pathologist	41
19568	saber	41
19569	sparkles	41
19570	wallowing	41
19571	arrivals	41
19572	autobiography	41
19573	dandruff	41
19574	lode	41
19575	Vaseline	41
19576	burglaries	41
19577	expulsion	41
19578	frosted	41
19579	lecturer	41
19580	principals	41
19581	regulator	41
19582	matchmaker	41
19583	Mohammed	41
19584	pheasant	41
19585	Tb	41
19586	voter	41
19587	Chinks	41
19588	defences	41
19589	piracy	41
19590	radioactivity	41
19591	clog	41
19592	eloping	41
19593	Eskimos	41
19594	impure	41
19595	paprika	41
19596	premonitions	41
19597	Schubert	41
19598	shrieking	41
19599	Sie	41
19600	symmetry	41
19601	tripe	41
19602	franc	41
19603	Hazmat	41
19604	kidnappings	41
19605	meteorite	41
19606	Ontario	41
19607	rainstorm	41
19608	Rsvp	41
19609	inquest	41
19610	pawnshop	41
19611	Saudi	41
19612	Bard	41
19613	bunkhouse	41
19614	footlocker	41
19615	kibble	41
19616	modelling	41
19617	prowler	41
19618	stenographer	41
19619	sweepstakes	41
19620	tremor	41
19621	vegetation	41
19622	Ahab	41
19623	bandstand	41
19624	barrister	41
19625	bookshop	41
19626	cremation	41
19627	Noir	41
19628	scuttle	41
19629	goulash	41
19630	hypnotist	41
19631	Jubilee	41
19632	labyrinth	41
19633	moles	41
19634	playroom	41
19635	rewrote	41
19636	stateroom	41
19637	toke	41
19638	Bellows	41
19639	occupant	41
19640	Bene	41
19641	Bunt	41
19642	hijackers	41
19643	Polack	41
19644	Saratoga	41
19645	bishops	41
19646	Kryptonite	41
19647	Sucre	41
19648	Vipers	41
19649	panzer	41
19650	Howe	41
19651	prefect	41
19652	Sidewinder	41
19653	ducats	41
19654	Preppie	41
19655	serialize	41
19656	Alderman	41
19657	Mont	41
19658	Dev	41
19659	Whinnying	41
19660	Beecher	41
19661	Nautilus	41
19662	Nome	41
19663	Prism	41
19664	Fallow	41
19665	Underwood	41
19666	Lowry	41
19667	Pyongyang	41
19668	Councillor	41
19669	diocese	41
19670	Pawnee	41
19671	Rooks	41
19672	Ballon	41
19673	Benedick	41
19674	Gnu	41
19675	loverly	41
19676	Omer	41
19677	Snidely	41
19678	Duma	41
19679	Meleager	41
19680	coincide	40
19681	giveaway	40
19682	juncture	40
19683	contemptible	40
19684	corrupting	40
19685	darkened	40
19686	eavesdrop	40
19687	illustrate	40
19688	incarceration	40
19689	interferes	40
19690	objected	40
19691	overpaid	40
19692	selfishness	40
19693	shorted	40
19694	sockets	40
19695	subtlety	40
19696	sweeten	40
19697	unbeatable	40
19698	withdrawing	40
19699	behaves	40
19700	confinement	40
19701	deprivation	40
19702	descendants	40
19703	drowns	40
19704	jeopardizing	40
19705	outlined	40
19706	sponsoring	40
19707	advisable	40
19708	attained	40
19709	catatonic	40
19710	dirtiest	40
19711	disinfectant	40
19712	escalated	40
19713	forging	40
19714	hassling	40
19715	hookup	40
19716	hyperventilating	40
19717	obtaining	40
19718	perfectionist	40
19719	probing	40
19720	provision	40
19721	ranting	40
19722	shoveling	40
19723	technological	40
19724	uneventful	40
19725	aligned	40
19726	alleyway	40
19727	anecdotes	40
19728	beneficial	40
19729	compensated	40
19730	cranium	40
19731	ditching	40
19732	immaculate	40
19733	infiltration	40
19734	knowledgeable	40
19735	misconduct	40
19736	parenthood	40
19737	perilous	40
19738	regimen	40
19739	remanded	40
19740	repellent	40
19741	saga	40
19742	undertaking	40
19743	yanking	40
19744	affiliated	40
19745	brainstorm	40
19746	certifiable	40
19747	commonplace	40
19748	depositions	40
19749	duped	40
19750	glimmer	40
19751	Jehovah	40
19752	keister	40
19753	mimic	40
19754	payoffs	40
19755	perversion	40
19756	prowess	40
19757	responsive	40
19758	slinging	40
19759	sluggish	40
19760	trite	40
19761	trois	40
19762	yon	40
19763	billboards	40
19764	droppings	40
19765	intellectually	40
19766	inverted	40
19767	liposuction	40
19768	lofty	40
19769	misunderstandings	40
19770	molecule	40
19771	mumble	40
19772	partied	40
19773	taint	40
19774	toddler	40
19775	traveller	40
19776	tropics	40
19777	bossing	40
19778	cellmate	40
19779	derelict	40
19780	Exodus	40
19781	harlot	40
19782	inferiority	40
19783	invoices	40
19784	inward	40
19785	necklaces	40
19786	pancreas	40
19787	petticoat	40
19788	plumbers	40
19789	silicone	40
19790	skyscraper	40
19791	whimsical	40
19792	anchors	40
19793	bulging	40
19794	dehydration	40
19795	embalming	40
19796	firstborn	40
19797	foretold	40
19798	frauds	40
19799	growed	40
19800	jaded	40
19801	jockeys	40
19802	ladders	40
19803	powering	40
19804	silky	40
19805	Temperance	40
19806	thoracic	40
19807	twigs	40
19808	wheezing	40
19809	berth	40
19810	Bethesda	40
19811	braids	40
19812	catalyst	40
19813	deport	40
19814	deux	40
19815	integrate	40
19816	mikes	40
19817	psychedelic	40
19818	rustic	40
19819	scams	40
19820	solidarity	40
19821	truffles	40
19822	workman	40
19823	bile	40
19824	breezy	40
19825	counselling	40
19826	disrespecting	40
19827	eastbound	40
19828	fines	40
19829	legislature	40
19830	metabolic	40
19831	Methinks	40
19832	monsoon	40
19833	parachutes	40
19834	skillful	40
19835	southbound	40
19836	standup	40
19837	uncut	40
19838	climber	40
19839	counterattack	40
19840	drinkers	40
19841	fumble	40
19842	gladiator	40
19843	herds	40
19844	mammoth	40
19845	matron	40
19846	mega	40
19847	saluting	40
19848	scones	40
19849	sequences	40
19850	Chopin	40
19851	conjugal	40
19852	cubby	40
19853	deportation	40
19854	footwear	40
19855	puddles	40
19856	questionnaire	40
19857	scrimmage	40
19858	scurry	40
19859	capsules	40
19860	ditty	40
19861	gripe	40
19862	mutton	40
19863	Lebanon	40
19864	Spaniards	40
19865	Stardust	40
19866	Tulip	40
19867	diligent	40
19868	simulator	40
19869	turnips	40
19870	thirteenth	40
19871	tolling	40
19872	tongs	40
19873	toothpicks	40
19874	truckers	40
19875	courtside	40
19876	Exposition	40
19877	kiwi	40
19878	nappy	40
19879	rummage	40
19880	archery	40
19881	Bastille	40
19882	breeder	40
19883	bunkers	40
19884	Dorado	40
19885	Ga	40
19886	houseboat	40
19887	nominee	40
19888	pileup	40
19889	Boise	40
19890	matador	40
19891	Royale	40
19892	standardized	40
19893	varmint	40
19894	Mer	40
19895	Neuter	40
19896	albatross	40
19897	iguana	40
19898	snowboard	40
19899	undersea	40
19900	Brava	40
19901	Asok	40
19902	Odessa	40
19903	Dade	40
19904	parcels	40
19905	Doughboy	40
19906	Chia	40
19907	Schiller	40
19908	Claudius	40
19909	Mountie	40
19910	leopards	40
19911	Sayers	40
19912	Galen	40
19913	Petersen	40
19914	Foss	40
19915	Muckle	40
19916	Purim	40
19917	Snowbell	40
19918	complement	39
19919	cranial	39
19920	hellish	39
19921	incorporate	39
19922	Subtitled	39
19923	accumulated	39
19924	apprehension	39
19925	averages	39
19926	coupled	39
19927	creations	39
19928	degradation	39
19929	promotional	39
19930	regulate	39
19931	rescheduled	39
19932	sleaze	39
19933	specified	39
19934	sprang	39
19935	stimuli	39
19936	swapping	39
19937	vantage	39
19938	advisement	39
19939	airs	39
19940	confines	39
19941	convene	39
19942	diligence	39
19943	displeased	39
19944	diverse	39
19945	diverted	39
19946	fingered	39
19947	fiscal	39
19948	identifies	39
19949	jails	39
19950	latent	39
19951	nostalgia	39
19952	occupying	39
19953	outnumber	39
19954	outsmart	39
19955	rein	39
19956	roasting	39
19957	semantics	39
19958	sickly	39
19959	slacking	39
19960	stank	39
19961	swelled	39
19962	tightening	39
19963	uncalled	39
19964	unlawful	39
19965	verbally	39
19966	wickedness	39
19967	womanhood	39
19968	aced	39
19969	fad	39
19970	figuratively	39
19971	graze	39
19972	imposition	39
19973	pedigree	39
19974	ridiculed	39
19975	sensations	39
19976	shattering	39
19977	squatting	39
19978	urinal	39
19979	amenities	39
19980	bitterly	39
19981	blabbing	39
19982	fiends	39
19983	garments	39
19984	gooey	39
19985	innate	39
19986	lavish	39
19987	luminous	39
19988	perchance	39
19989	pristine	39
19990	progression	39
19991	reactive	39
19992	strides	39
19993	unquote	39
19994	unsavory	39
19995	variable	39
19996	vertigo	39
19997	wheeling	39
19998	whims	39
19999	beards	39
20000	bountiful	39
